Rk,Player,Tm,TD,1D,YBC,YBC/Att,YAC,YAC/Att,BrkTkl,Att/Br,Year
1,Ezekiel Elliott,DAL,6,74.0,839,2.8,595,2.0,19,16.0,2018
2,Saquon Barkley,NYG,11,50.0,571,2.2,736,2.8,30,8.7,2018
3,David Johnson,ARI,7,51.0,531,2.1,409,1.6,9,28.7,2018
4,Todd Gurley,LAR,17,70.0,634,2.5,617,2.4,17,15.1,2018
5,Adrian Peterson,WAS,7,47.0,572,2.3,470,1.9,20,12.6,2018
6,Jordan Howard,CHI,9,53.0,443,1.8,492,2.0,8,31.3,2018
7,Chris Carson,SEA,9,61.0,556,2.3,595,2.4,23,10.7,2018
8,Joe Mixon,CIN,8,60.0,634,2.7,534,2.3,6,39.5,2018
9,Peyton Barber,TB,5,41.0,424,1.8,447,1.9,20,11.7,2018
10,Christian McCaffrey,CAR,7,53.0,633,2.9,465,2.1,15,14.6,2018
11,James Conner,PIT,12,56.0,522,2.4,451,2.1,20,10.8,2018
12,Derrick Henry,TEN,12,50.0,403,1.9,656,3.1,34,6.3,2018
13,Lamar Miller,HOU,5,36.0,472,2.2,501,2.4,11,19.1,2018
14,Sony Michel,NE,6,54.0,497,2.4,434,2.1,11,19.0,2018
15,Marlon Mack,IND,9,50.0,490,2.5,418,2.1,10,19.5,2018
16,Alvin Kamara,NO,14,57.0,464,2.4,419,2.2,21,9.2,2018
17,Nick Chubb,CLE,8,47.0,398,2.1,598,3.1,22,8.7,2018
18,Phillip Lindsay,DEN,9,49.0,737,3.8,300,1.6,10,19.2,2018
19,Kareem Hunt,KC,7,46.0,387,2.1,437,2.4,18,10.1,2018
20,Melvin Gordon,LAC,10,47.0,404,2.3,481,2.7,21,8.3,2018
21,Carlos Hyde,2TM,5,27.0,210,1.2,361,2.1,20,8.6,2018
22,Doug Martin,OAK,4,37.0,376,2.2,347,2.0,10,17.2,2018
23,Tevin Coleman,ATL,4,36.0,497,3.0,303,1.8,6,27.8,2018
24,LeSean McCoy,BUF,3,22.0,287,1.8,227,1.4,2,80.5,2018
25,Frank Gore,MIA,0,25.0,353,2.3,369,2.4,11,14.2,2018
26,Dion Lewis,TEN,1,22.0,259,1.7,258,1.7,16,9.7,2018
27,LeGarrette Blount,DET,5,25.0,170,1.1,248,1.6,7,22.0,2018
28,Matt Breida,SF,3,36.0,496,3.2,318,2.1,12,12.8,2018
29,Alfred Blue,HOU,2,25.0,307,2.0,192,1.3,7,21.4,2018
30,Lamar Jackson,BAL,5,45.0,499,3.4,196,1.3,3,49.0,2018
31,Isaiah Crowell,NYJ,6,26.0,299,2.1,386,2.7,12,11.9,2018
32,Latavius Murray,MIN,6,23.0,289,2.1,289,2.1,8,17.5,2018
33,Mark Ingram,NO,6,34.0,274,2.0,371,2.7,18,7.7,2018
34,Gus Edwards,BAL,2,37.0,356,2.6,362,2.6,7,19.6,2018
35,Dalvin Cook,MIN,2,22.0,352,2.6,263,2.0,10,13.3,2018
36,Leonard Fournette,JAX,5,23.0,213,1.6,226,1.7,3,44.3,2018
37,Aaron Jones,GB,8,41.0,472,3.5,256,1.9,6,22.2,2018
38,Royce Freeman,DEN,5,30.0,194,1.5,327,2.5,16,8.1,2018
39,Jamaal Williams,GB,3,25.0,231,1.9,233,1.9,5,24.2,2018
40,Josh Adams,PHI,3,23.0,256,2.1,255,2.1,8,15.0,2018
41,Kenyan Drake,MIA,4,23.0,290,2.4,245,2.0,9,13.3,2018
42,Kerryon Johnson,DET,3,32.0,376,3.2,265,2.2,14,8.4,2018
43,Chris Ivory,BUF,1,25.0,116,1.0,269,2.3,8,14.4,2018
44,Alex Collins,BAL,7,22.0,193,1.7,218,1.9,10,11.4,2018
45,Mike Davis,SEA,4,25.0,328,2.9,186,1.7,7,16.0,2018
46,Alfred Morris,SF,2,24.0,211,1.9,217,2.0,9,12.3,2018
47,Austin Ekeler,LAC,3,25.0,206,1.9,348,3.3,9,11.8,2018
48,T.J. Yeldon,JAX,1,16.0,229,2.2,185,1.8,5,20.8,2018
49,Cam Newton,CAR,4,36.0,270,2.7,218,2.2,7,14.4,2018
50,Tarik Cohen,CHI,3,20.0,301,3.0,143,1.4,9,11.0,2018
51,Deshaun Watson,HOU,5,33.0,452,4.6,99,1.0,5,19.8,2018
52,James White,NE,5,22.0,298,3.2,127,1.4,3,31.3,2018
53,Elijah McGuire,NYJ,3,15.0,100,1.1,176,1.9,5,18.4,2018
54,Marshawn Lynch,OAK,3,20.0,90,1.0,286,3.2,6,15.0,2018
55,Ito Smith,ATL,4,18.0,169,1.9,146,1.6,8,11.3,2018
56,Josh Allen,BUF,8,41.0,351,3.9,280,3.1,2,44.5,2018
57,Wendell Smallwood,PHI,3,22.0,186,2.1,178,2.0,5,17.4,2018
58,Nyheim Hines,IND,2,17.0,163,1.9,151,1.8,3,28.3,2018
59,Rashaad Penny,SEA,2,18.0,271,3.2,148,1.7,7,12.1,2018
60,Bilal Powell,NYJ,0,16.0,183,2.3,160,2.0,4,20.0,2018
61,Dak Prescott,DAL,6,25.0,186,2.5,119,1.6,2,37.5,2018
62,Corey Clement,PHI,2,15.0,112,1.6,147,2.2,2,34.0,2018
63,Mitchell Trubisky,CHI,3,29.0,306,4.5,115,1.7,1,68.0,2018
64,C.J. Anderson,2TM,2,21.0,188,2.8,215,3.2,1,67.0,2018
65,Russell Wilson,SEA,0,23.0,305,4.6,71,1.1,3,22.3,2018
66,Jeff Wilson,SF,0,13.0,131,2.0,135,2.0,4,16.5,2018
67,Marcus Mariota,TEN,2,26.0,252,3.9,105,1.6,7,9.1,2018
68,Kenneth Dixon,BAL,2,20.0,119,2.0,214,3.6,10,6.0,2018
69,Chase Edmonds,ARI,2,14.0,115,1.9,93,1.6,4,15.0,2018
70,Patrick Mahomes,KC,2,17.0,224,3.7,48,0.8,0,,2018
71,Jordan Wilkins,IND,1,15.0,203,3.4,133,2.2,2,30.0,2018
72,Blake Bortles,JAX,1,28.0,288,5.0,77,1.3,2,29.0,2018
73,Rex Burkhead,NE,0,11.0,93,1.6,93,1.6,2,28.5,2018
74,Giovani Bernard,CIN,3,14.0,124,2.2,87,1.6,1,56.0,2018
75,Jaylen Samuels,PIT,0,13.0,148,2.6,108,1.9,2,28.0,2018
76,Jalen Richard,OAK,1,11.0,120,2.2,139,2.5,8,6.9,2018
77,Zach Zenner,DET,3,14.0,114,2.1,151,2.7,2,27.5,2018
78,Marcus Murphy,BUF,0,7.0,103,2.0,147,2.8,11,4.7,2018
79,Wayne Gallman,NYG,1,7.0,84,1.6,92,1.8,4,12.8,2018
80,Spencer Ware,KC,2,14.0,150,2.9,96,1.9,3,17.0,2018
81,Justin Jackson,LAC,2,13.0,107,2.1,99,2.0,5,10.0,2018
82,Damien Williams,KC,4,15.0,155,3.1,101,2.0,1,50.0,2018
83,Jameis Winston,TB,1,19.0,147,3.0,134,2.7,1,49.0,2018
84,Andrew Luck,IND,0,12.0,90,2.0,58,1.3,1,46.0,2018
85,Jay Ajayi,PHI,3,11.0,103,2.3,81,1.8,4,11.3,2018
86,Kirk Cousins,MIN,1,12.0,105,2.4,18,0.4,1,44.0,2018
87,Sam Darnold,NYJ,1,16.0,90,2.0,48,1.1,2,22.0,2018
88,Rod Smith,DAL,1,10.0,59,1.3,68,1.5,2,22.0,2018
89,Malcolm Brown,LAR,0,10.0,119,2.8,93,2.2,9,4.8,2018
90,Jared Goff,LAR,2,9.0,103,2.4,5,0.1,0,,2018
91,Aaron Rodgers,GB,2,20.0,256,6.0,13,0.3,1,43.0,2018
92,Chris Thompson,WAS,0,9.0,126,2.9,52,1.2,3,14.3,2018
93,Cordarrelle Patterson,NE,1,15.0,112,2.7,116,2.8,5,8.4,2018
94,Javorius Allen,BAL,3,10.0,37,0.9,73,1.8,0,,2018
95,Ty Montgomery,2TM,1,10.0,98,2.4,90,2.2,2,20.5,2018
96,Alex Smith,WAS,1,15.0,117,2.9,51,1.2,1,41.0,2018
97,Duke Johnson,CLE,0,9.0,94,2.4,107,2.7,4,10.0,2018
98,Theo Riddick,DET,0,8.0,92,2.3,79,2.0,4,10.0,2018
99,Baker Mayfield,CLE,0,8.0,83,2.1,48,1.2,1,39.0,2018
100,Trenton Cannon,NYJ,1,7.0,26,0.7,87,2.3,5,7.6,2018
101,Taysom Hill,NO,2,15.0,57,1.5,139,3.8,7,5.3,2018
102,Kalen Ballage,MIA,1,10.0,133,3.7,58,1.6,0,,2018
103,Ryan Fitzpatrick,TB,2,9.0,148,4.1,4,0.1,0,,2018
104,Devontae Booker,DEN,1,11.0,93,2.7,90,2.6,2,17.0,2018
105,Raheem Mostert,SF,1,13.0,143,4.2,118,3.5,5,6.8,2018
106,Carson Wentz,PHI,0,8.0,63,1.9,30,0.9,1,34.0,2018
107,Jacquizz Rodgers,TB,1,7.0,54,1.6,52,1.6,2,16.5,2018
108,Matt Ryan,ATL,3,15.0,113,3.4,12,0.4,3,11.0,2018
109,Ryan Tannehill,MIA,0,9.0,133,4.2,12,0.4,1,32.0,2018
110,Drew Brees,NO,4,11.0,17,0.5,5,0.2,1,31.0,2018
111,Ben Roethlisberger,PIT,3,13.0,66,2.1,32,1.0,0,,2018
112,DeAndre Washington,OAK,0,8.0,38,1.3,77,2.6,3,10.0,2018
113,Stevan Ridley,PIT,1,3.0,27,0.9,53,1.8,2,14.5,2018
114,Darren Sproles,PHI,1,6.0,87,3.0,33,1.1,1,29.0,2018
115,John Kelly,LAR,0,6.0,20,0.7,54,2.0,1,27.0,2018
116,Dwayne Washington,NO,0,7.0,92,3.4,62,2.3,1,27.0,2018
117,Case Keenum,DEN,2,11.0,57,2.2,36,1.4,3,8.7,2018
118,Jeff Driskel,CIN,2,7.0,80,3.2,50,2.0,1,25.0,2018
119,Matthew Stafford,DET,0,8.0,69,2.8,2,0.1,0,,2018
120,Derek Carr,OAK,1,5.0,34,1.4,13,0.5,0,,2018
121,Tom Brady,NE,2,10.0,21,0.9,14,0.6,0,,2018
122,Josh Johnson,WAS,1,7.0,97,4.2,23,1.0,0,,2018
123,Ronald Jones II,TB,1,2.0,16,0.7,28,1.2,1,23.0,2018
124,Josh Rosen,ARI,0,8.0,68,3.0,70,3.0,0,,2018
125,Tyreek Hill,KC,1,7.0,132,6.0,19,0.9,0,,2018
126,Kapri Bibbs,2TM,3,8.0,71,3.4,32,1.5,2,10.5,2018
127,Keith Ford,BUF,0,4.0,51,2.4,28,1.3,0,,2018
128,Brian Hill,ATL,0,5.0,125,6.3,32,1.6,1,20.0,2018
129,Cameron Artis-Payne,CAR,1,8.0,28,1.5,41,2.2,0,,2018
130,Kenjon Barner,2TM,0,3.0,44,2.3,27,1.4,1,19.0,2018
131,C.J. Beathard,SF,1,6.0,44,2.3,25,1.3,0,,2018
132,Joe Flacco,BAL,0,10.0,36,1.9,9,0.5,0,,2018
133,Cody Kessler,JAX,0,9.0,75,3.9,48,2.5,1,19.0,2018
134,Robert Woods,LAR,1,9.0,96,5.1,61,3.2,0,,2018
135,Nick Mullens,SF,0,1.0,-16,-0.9,0,0.0,0,,2018
136,Philip Rivers,LAC,0,1.0,1,0.1,6,0.3,0,,2018
137,Andy Dalton,CIN,0,4.0,63,3.9,36,2.3,1,16.0,2018
138,Mike Gillislee,NO,0,2.0,4,0.3,39,2.4,4,4.0,2018
139,Tyrod Taylor,CLE,1,6.0,94,5.9,31,1.9,0,,2018
140,Eli Manning,NYG,1,5.0,15,1.0,5,0.3,0,,2018
141,Devonta Freeman,ATL,0,2.0,51,3.6,17,1.2,0,,2018
142,Mark Walton,CIN,0,5.0,19,1.4,15,1.1,0,,2018
143,Chase Daniel,CHI,0,1.0,3,0.2,0,0.0,0,,2018
144,Corey Grant,JAX,0,1.0,16,1.2,24,1.8,0,,2018
145,Tyler Lockett,SEA,0,3.0,50,3.8,19,1.5,1,13.0,2018
146,D.J. Moore,CAR,0,6.0,87,6.7,85,6.5,3,4.3,2018
147,Darrel Williams,KC,0,3.0,13,1.0,31,2.4,5,2.6,2018
148,Mike Boone,MIN,0,2.0,13,1.2,34,3.1,1,11.0,2018
149,Teddy Bridgewater,NO,0,1.0,-8,-0.7,13,1.2,0,,2018
150,Travaris Cadet,CAR,0,,-2,-0.2,19,1.7,0,,2018
151,Benny Cunningham,CHI,0,0.0,7,0.6,13,1.2,1,11.0,2018
152,Brian Hoyer,NE,0,1.0,-8,-0.7,0,0.0,0,,2018
153,Detrez Newsome,LAC,0,3.0,23,2.1,26,2.4,1,11.0,2018
154,Brandin Cooks,LAR,1,5.0,57,5.7,11,1.1,0,,2018
155,Stefon Diggs,MIN,0,3.0,57,5.7,5,0.5,0,,2018
156,Colt McCoy,WAS,0,4.0,56,5.6,7,0.7,0,,2018
157,Isaiah McKenzie,2TM,2,4.0,51,5.1,15,1.5,0,,2018
158,Nathan Peterman,BUF,1,4.0,7,0.7,43,4.3,1,10.0,2018
159,Keenan Allen,LAC,0,4.0,59,6.6,16,1.8,2,4.5,2018
160,Alex Armah,CAR,2,3.0,4,0.4,11,1.2,0,,2018
161,Julian Edelman,NE,0,7.0,101,11.2,6,0.7,0,,2018
162,Nick Foles,PHI,0,6.0,8,0.9,9,1.0,0,,2018
163,Taylor Gabriel,CHI,0,3.0,37,4.1,24,2.7,0,,2018
164,Jeremy Langford,ATL,0,1.0,-2,-0.2,27,3.0,0,,2018
165,Zach Line,NO,0,6.0,22,2.4,19,2.1,0,,2018
166,Taquan Mizzell,CHI,0,0.0,7,0.8,9,1.0,0,,2018
167,Dede Westbrook,JAX,0,5.0,85,9.4,13,1.4,1,9.0,2018
168,Brandon Bolden,MIA,2,4.0,84,10.5,7,0.9,0,,2018
169,Jimmy Garoppolo,SF,0,2.0,-4,-0.5,37,4.6,0,,2018
170,Kyle Juszczyk,SF,0,2.0,14,1.8,16,2.0,0,,2018
171,Brock Osweiler,MIA,0,1.0,13,1.6,8,1.0,0,,2018
172,Samaje Perine,WAS,0,2.0,13,1.6,19,2.4,0,,2018
173,Curtis Samuel,CAR,2,3.0,65,8.1,19,2.4,1,8.0,2018
174,Geno Smith,LAC,0,,2,0.3,0,0.0,0,,2018
175,Roc Thomas,MIN,0,2.0,16,2.0,14,1.8,2,4.0,2018
176,David Williams,JAX,0,3.0,26,3.3,10,1.3,0,,2018
177,Albert Wilson,MIA,0,2.0,-3,-0.4,19,2.4,0,,2018
178,Travis Benjamin,LAC,0,2.0,36,5.1,5,0.7,0,,2018
179,Jacoby Brissett,IND,0,0.0,-7,-1.0,0,0.0,0,,2018
180,DOnta Foreman,HOU,0,0.0,-1,-0.1,0,0.0,0,,2018
181,Sean Mannion,LAR,0,1.0,-10,-1.4,1,0.1,0,,2018
182,Elijhaa Penny,NYG,0,2.0,11,1.6,14,2.0,0,,2018
183,Mohamed Sanu,ATL,0,5.0,39,5.6,5,0.7,0,,2018
184,Mike Williams,LAC,1,2.0,19,2.7,9,1.3,1,7.0,2018
185,Tavon Austin,DAL,0,2.0,44,7.3,11,1.8,0,,2018
186,Jamaal Charles,JAX,0,,3,0.5,4,0.7,1,6.0,2018
187,Corey Davis,TEN,0,2.0,50,8.3,5,0.8,1,6.0,2018
188,James Develin,NE,4,5.0,7,1.2,1,0.2,0,,2018
189,Blaine Gabbert,TEN,0,2.0,0,0.0,0,0.0,0,,2018
190,C.J. Ham,MIN,0,1.0,5,0.8,3,0.5,0,,2018
191,Darius Jackson,2TM,0,,13,2.2,3,0.5,0,,2018
192,DeSean Jackson,TB,1,2.0,26,4.3,3,0.5,0,,2018
193,Anthony Miller,CHI,0,0.0,21,3.5,5,0.8,0,,2018
194,Calvin Ridley,ATL,0,1.0,18,3.0,9,1.5,1,6.0,2018
195,Jonathan Stewart,NYG,0,,2,0.3,15,2.5,0,,2018
196,Ryan Switzer,PIT,0,0.0,10,1.7,11,1.8,0,,2018
197,Brandon Wilds,JAX,0,,11,1.8,4,0.7,0,,2018
198,Shaun Wilson,TB,0,,23,3.8,6,1.0,0,,2018
199,Kyle Allen,CAR,1,2.0,14,2.8,5,1.0,0,,2018
200,Odell Beckham Jr.,NYG,0,2.0,14,2.8,5,1.0,0,,2018
201,Taylor Heinicke,CAR,0,2.0,31,6.2,0,0.0,0,,2018
202,DeShone Kizer,GB,0,3.0,18,3.6,21,4.2,1,5.0,2018
203,Josh McCown,NYJ,0,2.0,27,5.4,5,1.0,0,,2018
204,Chris Moore,BAL,0,1.0,8,1.6,9,1.8,1,5.0,2018
205,Adam Thielen,MIN,0,1.0,13,2.6,17,3.4,0,,2018
206,Sammy Watkins,KC,0,2.0,9,1.8,43,8.6,2,2.5,2018
207,Jamison Crowder,WAS,0,1.0,26,6.5,4,1.0,0,,2018
208,Joshua Dobbs,PIT,0,2.0,11,2.8,0,0.0,0,,2018
209,Phillip Dorsett,NE,0,2.0,26,6.5,3,0.8,0,,2018
210,David Fluellen,TEN,0,1.0,14,3.5,2,0.5,0,,2018
211,Marquise Goodwin,SF,0,0.0,6,1.5,3,0.8,0,,2018
212,Jeremy Hill,NE,0,1.0,22,5.5,3,0.8,0,,2018
213,Robert Kelley,WAS,0,1.0,-5,-1.3,13,3.3,0,,2018
214,Cooper Kupp,LAR,0,3.0,23,5.8,2,0.5,0,,2018
215,JJ Nelson,ARI,0,0.0,-6,-1.5,6,1.5,0,,2018
216,Breshad Perriman,CLE,0,0.0,-1,-0.3,3,0.8,0,,2018
217,John Ross,CIN,0,0.0,3,0.8,6,1.5,0,,2018
218,Emmanuel Sanders,DEN,1,2.0,49,12.3,4,1.0,1,4.0,2018
219,Golden Tate,2TM,0,1.0,27,6.8,7,1.8,0,,2018
220,Robert Turbin,IND,0,,10,2.5,0,0.0,0,,2018
221,Derek Watt,LAC,0,1.0,4,1.0,7,1.8,1,4.0,2018
222,Nelson Agholor,PHI,0,2.0,16,5.3,16,5.3,0,,2018
223,Matt Barkley,BUF,0,0.0,-2,-0.7,0,0.0,0,,2018
224,John Brown,BAL,0,0.0,4,1.3,0,0.0,0,,2018
225,Martavis Bryant,OAK,0,1.0,10,3.3,13,4.3,0,,2018
226,Keke Coutee,HOU,0,0.0,0,0.0,0,0.0,0,,2018
227,Eric Ebron,IND,1,1.0,-9,-3.0,1,0.3,0,,2018
228,Evan Engram,NYG,0,3.0,26,8.7,10,3.3,1,3.0,2018
229,Alex Erickson,CIN,0,1.0,16,5.3,6,2.0,0,,2018
230,Ted Ginn Jr.,NO,0,1.0,24,8.0,2,0.7,1,3.0,2018
231,Christian Kirk,ARI,0,2.0,35,11.7,0,0.0,0,,2018
232,Jarvis Landry,CLE,1,2.0,37,12.3,23,7.7,0,,2018
233,Tre Madden,SEA,0,1.0,3,1.0,0,0.0,0,,2018
234,Byron Marshall,WAS,0,0.0,8,2.7,1,0.3,0,,2018
235,A.J. McCarron,OAK,0,,-2,-0.7,0,0.0,0,,2018
236,J.D. McKissic,SEA,0,,5,1.7,3,1.0,0,,2018
237,Tim Patrick,DEN,0,2.0,13,4.3,4,1.3,2,1.5,2018
238,Seth Roberts,OAK,0,1.0,2,0.7,3,1.0,0,,2018
239,Sterling Shepard,NYG,0,1.0,33,11.0,0,0.0,0,,2018
240,Jonathan Williams,NO,0,,-2,-0.7,2,0.7,0,,2018
241,Maxx Williams,BAL,0,2.0,7,2.3,1,0.3,0,,2018
242,Chosen Anderson,NYJ,0,0.0,-8,-4.0,0,0.0,0,,2018
243,Tyler Boyd,CIN,0,0.0,2,1.0,1,0.5,0,,2018
244,Sam Bradford,ARI,0,1.0,7,3.5,0,0.0,0,,2018
245,Antonio Callaway,CLE,0,1.0,7,3.5,0,0.0,0,,2018
246,Matt Cassel,DET,0,1.0,-6,-3.0,19,9.5,0,,2018
247,Derrick Coleman,ARI,0,0.0,1,0.5,2,1.0,0,,2018
248,Amari Cooper,2TM,0,1.0,3,1.5,17,8.5,1,2.0,2018
249,Justin Davis,LAR,0,1.0,16,8.0,3,1.5,0,,2018
250,Gerald Everett,LAR,0,1.0,12,6.0,4,2.0,1,2.0,2018
251,Clayton Fejedelem,CIN,0,1.0,6,3.0,0,0.0,0,,2018
252,Marvin Hall,ATL,0,0.0,0,0.0,0,0.0,0,,2018
253,Dwayne Harris,OAK,0,1.0,7,3.5,5,2.5,0,,2018
254,Maurice Harris,WAS,0,1.0,10,5.0,0,0.0,0,,2018
255,DeAngelo Henderson,NYJ,0,,19,9.5,0,0.0,0,,2018
256,Adam Humphries,TB,0,0.0,11,5.5,0,0.0,0,,2018
257,Andy Janovich,DEN,0,2.0,1,0.5,4,2.0,0,,2018
258,Julio Jones,ATL,0,1.0,-4,-2.0,16,8.0,1,2.0,2018
259,Jourdan Lewis,DAL,0,,12,6.0,0,0.0,0,,2018
260,Tommylee Lewis,NO,0,0.0,2,1.0,8,4.0,0,,2018
261,T.J. Logan,ARI,0,0.0,0,0.0,2,1.0,0,,2018
262,Ray-Ray McCloud,BUF,0,0.0,1,0.5,3,1.5,0,,2018
263,Jeremy McNichols,IND,0,1.0,-2,-1.0,6,3.0,1,2.0,2018
264,Christine Michael,IND,0,,0,0.0,9,4.5,0,,2018
265,Zach Pascal,IND,0,0.0,10,5.0,0,0.0,0,,2018
266,Josh Reynolds,LAR,0,1.0,4,2.0,4,2.0,0,,2018
267,Paul Richardson,WAS,0,0.0,7,3.5,2,1.0,0,,2018
268,Andre Roberts,NYJ,0,1.0,18,9.0,2,1.0,0,,2018
269,Nate Sudfeld,PHI,0,0.0,-2,-1.0,0,0.0,0,,2018
270,Marquez Valdes-Scantling,GB,0,2.0,29,14.5,0,0.0,0,,2018
271,Charcandrick West,KC,0,1.0,-1,-0.5,0,0.0,1,2.0,2018
272,Tyrell Williams,LAC,0,1.0,15,7.5,0,0.0,0,,2018
273,Jarius Wright,CAR,0,1.0,33,16.5,6,3.0,0,,2018
274,Ameer Abdullah,2TM,0,0.0,0,0.0,1,1.0,0,,2018
275,Jamal Agnew,DET,0,1.0,14,14.0,3,3.0,0,,2018
276,Danny Amendola,MIA,0,0.0,-2,-2.0,0,0.0,0,,2018
277,Derek Anderson,BUF,0,0.0,-1,-1.0,0,0.0,0,,2018
278,Cameron Batson,TEN,0,1.0,-4,-4.0,5,5.0,0,,2018
279,Nick Bellore,DET,0,0.0,0,0.0,0,0.0,0,,2018
280,Tommy Bohanon,JAX,0,0.0,0,0.0,0,0.0,0,,2018
281,Corey Bojorquez,BUF,0,,0,0.0,0,0.0,0,,2018
282,Trey Burton,CHI,0,1.0,0,0.0,2,2.0,0,,2018
283,Leonte Carroo,MIA,0,1.0,14,14.0,0,0.0,0,,2018
284,DeAndre Carter,2TM,0,0.0,5,5.0,2,2.0,0,,2018
285,Jehu Chesson,WAS,0,0.0,-4,-4.0,0,0.0,0,,2018
286,Corey Coleman,NYG,0,0.0,5,5.0,0,0.0,0,,2018
287,Ed Dickson,SEA,0,1.0,2,2.0,7,7.0,0,,2018
288,Michael Dickson,SEA,0,1.0,9,9.0,0,0.0,0,,2018
289,Patrick DiMarco,BUF,0,1.0,6,6.0,3,3.0,0,,2018
290,Riley Dixon,NYG,0,1.0,14,14.0,0,0.0,0,,2018
291,Bruce Ellington,2TM,0,0.0,2,2.0,0,0.0,0,,2018
292,Quincy Enunwa,NYJ,0,0.0,-3,-3.0,3,3.0,0,,2018
293,Kenny Golladay,DET,0,0.0,8,8.0,0,0.0,0,,2018
294,Jakeem Grant,MIA,0,0.0,3,3.0,2,2.0,0,,2018
295,Raven Greene,GB,0,,26,26.0,0,0.0,0,,2018
296,Jeff Heath,DAL,0,1.0,3,3.0,0,0.0,0,,2018
297,Johnny Hekker,LAR,0,0.0,3,3.0,0,0.0,0,,2018
298,Chad Henne,KC,0,0.0,2,2.0,1,1.0,0,,2018
299,Darrius Heyward-Bey,PIT,0,,-7,-7.0,0,0.0,0,,2018
300,Akiem Hicks,CHI,1,1.0,1,1.0,0,0.0,0,,2018
301,DeAndre Hopkins,HOU,0,0.0,-7,-7.0,0,0.0,0,,2018
302,Hayden Hurst,BAL,0,0.0,0,0.0,0,0.0,0,,2018
303,Melvin Ingram,LAC,0,,0,0.0,0,0.0,0,,2018
304,Darius Jennings,TEN,0,0.0,-1,-1.0,3,3.0,0,,2018
305,Marcus Johnson,IND,0,0.0,-4,-4.0,2,2.0,1,1.0,2018
306,JJ Jones,2TM,0,,-2,-2.0,2,2.0,0,,2018
307,Zay Jones,BUF,0,0.0,-2,-2.0,2,2.0,0,,2018
308,Chad Kelly,DEN,0,,-1,-1.0,0,0.0,0,,2018
309,George Kittle,SF,0,1.0,10,10.0,0,0.0,0,,2018
310,Kyle Lauletta,NYG,0,,-2,-2.0,0,0.0,0,,2018
311,Rontez Miles,NYJ,0,1.0,4,4.0,0,0.0,0,,2018
312,David Moore,SEA,0,0.0,2,2.0,3,3.0,1,1.0,2018
313,Jordy Nelson,OAK,0,0.0,-2,-2.0,0,0.0,0,,2018
314,Roosevelt Nix,PIT,0,0.0,4,4.0,0,0.0,0,,2018
315,Niles Paul,JAX,0,0.0,-5,-5.0,2,2.0,0,,2018
316,Dante Pettis,SF,0,0.0,-2,-2.0,0,0.0,0,,2018
317,Brandon Powell,DET,0,0.0,2,2.0,2,2.0,0,,2018
318,C.J. Prosise,SEA,0,,-3,-3.0,0,0.0,0,,2018
319,Terrelle Pryor,2TM,0,0.0,-1,-1.0,0,0.0,0,,2018
320,Trey Quinn,WAS,0,0.0,0,0.0,0,0.0,0,,2018
321,Allen Robinson,CHI,0,0.0,6,6.0,3,3.0,0,,2018
322,Chester Rogers,IND,0,0.0,-4,-4.0,0,0.0,0,,2018
323,Eli Rogers,PIT,0,0.0,-6,-6.0,2,2.0,0,,2018
324,Mark Sanchez,WAS,0,1.0,8,8.0,0,0.0,0,,2018
325,Matt Schaub,ATL,0,0.0,0,0.0,0,0.0,0,,2018
326,Tajae Sharpe,TEN,0,1.0,-1,-1.0,17,17.0,0,,2018
327,Anthony Sherman,KC,0,1.0,1,1.0,1,1.0,0,,2018
328,Keith Smith,OAK,0,0.0,0,0.0,0,0.0,0,,2018
329,JuJu Smith-Schuster,PIT,0,1.0,13,13.0,0,0.0,0,,2018
330,Willie Snead,BAL,0,1.0,13,13.0,0,0.0,0,,2018
331,Equanimeous St. Brown,GB,0,0.0,1,1.0,4,4.0,0,,2018
332,Luke Stocker,TEN,0,0.0,0,0.0,0,0.0,0,,2018
333,Rod Streater,CLE,0,,-11,-11.0,0,0.0,0,,2018
334,Courtland Sutton,DEN,0,0.0,-1,-1.0,0,0.0,0,,2018
335,DeAnthony Thomas,KC,0,0.0,6,6.0,0,0.0,0,,2018
336,Johnny Townsend,OAK,0,1.0,42,42.0,0,0.0,0,,2018
337,DeLance Turner,BAL,0,,1,1.0,3,3.0,0,,2018
338,Darren Waller,OAK,0,1.0,16,16.0,5,5.0,0,,2018
339,Brandon Weeden,HOU,0,,-1,-1.0,0,0.0,0,,2018
340,Chad Williams,ARI,0,0.0,6,6.0,3,3.0,0,,2018
341,Tavon Wilson,DET,0,1.0,7,7.0,0,0.0,0,,2018
1,Derrick Henry,TEN,16,73.0,572,1.9,968,3.2,29,10.4,2019
2,Ezekiel Elliott,DAL,12,78.0,678,2.3,679,2.3,24,12.5,2019
3,Nick Chubb,CLE,8,62.0,612,2.1,882,3.0,32,9.3,2019
4,Christian McCaffrey,CAR,15,57.0,874,3.0,513,1.8,16,17.9,2019
5,Chris Carson,SEA,7,75.0,496,1.8,734,2.6,28,9.9,2019
6,Joe Mixon,CIN,5,56.0,492,1.8,645,2.3,24,11.6,2019
7,Leonard Fournette,JAX,3,55.0,360,1.4,792,3.0,16,16.6,2019
8,Dalvin Cook,MIN,13,60.0,539,2.2,596,2.4,20,12.5,2019
9,Marlon Mack,IND,8,67.0,591,2.4,500,2.0,12,20.6,2019
10,Sony Michel,NE,7,55.0,521,2.1,391,1.6,16,15.4,2019
11,LeVeon Bell,NYJ,3,36.0,287,1.2,502,2.0,16,15.3,2019
12,Carlos Hyde,HOU,6,55.0,525,2.1,545,2.2,22,11.1,2019
13,Josh Jacobs,OAK,7,53.0,467,1.9,683,2.8,26,9.3,2019
14,David Montgomery,CHI,6,50.0,496,2.0,393,1.6,28,8.6,2019
15,Aaron Jones,GB,16,55.0,569,2.4,515,2.2,32,7.4,2019
16,Phillip Lindsay,DEN,7,38.0,603,2.7,408,1.8,29,7.7,2019
17,Todd Gurley,LAR,12,51.0,483,2.2,374,1.7,21,10.6,2019
18,Saquon Barkley,NYG,6,45.0,398,1.8,605,2.8,16,13.6,2019
19,Adrian Peterson,WAS,5,41.0,374,1.8,524,2.5,7,30.1,2019
20,Mark Ingram,BAL,10,53.0,494,2.4,524,2.6,18,11.2,2019
21,Devonta Freeman,ATL,2,31.0,363,2.0,293,1.6,11,16.7,2019
22,Miles Sanders,PHI,3,30.0,445,2.5,373,2.1,16,11.2,2019
23,Lamar Jackson,BAL,7,71.0,867,4.9,339,1.9,3,58.7,2019
24,Ronald Jones II,TB,6,34.0,309,1.8,415,2.4,23,7.5,2019
25,Alvin Kamara,NO,5,32.0,396,2.3,401,2.3,29,5.9,2019
26,Kenyan Drake,2TM,8,48.0,479,2.8,338,2.0,12,14.2,2019
27,Frank Gore,BUF,2,30.0,260,1.6,339,2.0,10,16.6,2019
28,Melvin Gordon,LAC,8,39.0,312,1.9,300,1.9,8,20.3,2019
29,Peyton Barber,TB,6,23.0,204,1.3,266,1.7,8,19.3,2019
30,Devin Singletary,BUF,2,37.0,413,2.7,362,2.4,20,7.6,2019
31,Latavius Murray,NO,5,38.0,390,2.7,247,1.7,11,13.3,2019
32,Tevin Coleman,SF,6,26.0,354,2.6,190,1.4,5,27.4,2019
33,Raheem Mostert,SF,8,31.0,475,3.5,297,2.2,12,11.4,2019
34,Gus Edwards,BAL,2,46.0,335,2.5,376,2.8,7,19.0,2019
35,Austin Ekeler,LAC,3,32.0,233,1.8,324,2.5,12,11.0,2019
36,Royce Freeman,DEN,3,22.0,244,1.8,252,1.9,8,16.5,2019
37,Matt Breida,SF,1,23.0,402,3.3,221,1.8,8,15.4,2019
38,Jordan Howard,PHI,6,28.0,243,2.0,282,2.4,4,29.8,2019
39,James Conner,PIT,4,26.0,199,1.7,265,2.3,5,23.2,2019
40,Kerryon Johnson,DET,3,22.0,177,1.6,226,2.0,8,14.1,2019
41,Damien Williams,KC,5,22.0,141,1.3,357,3.2,15,7.4,2019
42,Josh Allen,BUF,9,42.0,267,2.4,243,2.2,5,21.8,2019
43,Benny Snell Jr.,PIT,2,19.0,125,1.2,301,2.8,7,15.4,2019
44,DeAndre Washington,OAK,3,23.0,186,1.7,201,1.9,5,21.6,2019
45,Jamaal Williams,GB,1,23.0,270,2.5,190,1.8,5,21.4,2019
46,LeSean McCoy,KC,4,24.0,265,2.6,200,2.0,5,20.2,2019
47,Alexander Mattison,MIN,1,19.0,267,2.7,195,2.0,11,9.1,2019
48,David Johnson,ARI,2,20.0,175,1.9,170,1.8,6,15.7,2019
49,Kyler Murray,ARI,4,27.0,445,4.8,99,1.1,4,23.3,2019
50,Bo Scarbrough,DET,1,15.0,183,2.1,194,2.2,5,17.8,2019
51,Tony Pollard,DAL,2,21.0,146,1.7,309,3.6,10,8.6,2019
52,Duke Johnson,HOU,2,17.0,175,2.1,235,2.8,8,10.4,2019
53,Deshaun Watson,HOU,7,29.0,351,4.3,62,0.8,3,27.3,2019
54,Brian Hill,ATL,2,19.0,157,2.0,166,2.1,3,26.0,2019
55,Russell Wilson,SEA,3,17.0,290,3.9,52,0.7,1,75.0,2019
56,Kalen Ballage,MIA,3,10.0,50,0.7,85,1.1,1,74.0,2019
57,Malcolm Brown,LAR,5,16.0,110,1.6,145,2.1,10,6.9,2019
58,Gardner Minshew II,JAX,0,20.0,256,3.8,88,1.3,2,33.5,2019
59,James White,NE,1,15.0,165,2.5,98,1.5,3,22.3,2019
60,Jaylen Samuels,PIT,1,9.0,49,0.7,126,1.9,3,22.0,2019
61,Rex Burkhead,NE,3,18.0,157,2.4,145,2.2,6,10.8,2019
62,Rashaad Penny,SEA,3,16.0,186,2.9,184,2.8,5,13.0,2019
63,Tarik Cohen,CHI,0,15.0,134,2.1,79,1.2,6,10.7,2019
64,Ty Johnson,DET,0,11.0,120,1.9,153,2.4,5,12.6,2019
65,Patrick Laird,MIA,1,9.0,86,1.4,82,1.3,5,12.4,2019
66,Carson Wentz,PHI,1,21.0,167,2.7,76,1.2,4,15.5,2019
67,Boston Scott,PHI,5,17.0,136,2.2,109,1.8,2,30.5,2019
68,Chase Edmonds,ARI,4,12.0,180,3.0,123,2.1,4,15.0,2019
69,Bilal Powell,NYJ,0,12.0,82,1.4,147,2.5,4,14.8,2019
70,Jameis Winston,TB,1,18.0,193,3.3,57,1.0,2,29.5,2019
71,Justice Hill,BAL,2,10.0,125,2.2,100,1.7,3,19.3,2019
72,Jacoby Brissett,IND,4,20.0,186,3.3,42,0.8,1,56.0,2019
73,Ryan Fitzpatrick,MIA,4,16.0,195,3.6,48,0.9,3,18.0,2019
74,Dion Lewis,TEN,0,6.0,82,1.5,127,2.4,7,7.7,2019
75,Giovani Bernard,CIN,0,10.0,66,1.2,104,2.0,6,8.8,2019
76,Mark Walton,MIA,0,11.0,91,1.7,110,2.1,1,53.0,2019
77,Nyheim Hines,IND,2,16.0,118,2.3,81,1.6,2,26.0,2019
78,Dak Prescott,DAL,3,19.0,178,3.4,99,1.9,7,7.4,2019
79,Jordan Wilkins,IND,2,12.0,140,2.7,167,3.3,4,12.8,2019
80,Mike Boone,MIN,3,9.0,93,1.9,180,3.7,2,24.5,2019
81,Jonathan Williams,IND,1,13.0,102,2.1,133,2.7,7,7.0,2019
82,Mitchell Trubisky,CHI,2,12.0,140,2.9,53,1.1,4,12.0,2019
83,Jimmy Garoppolo,SF,1,13.0,45,1.0,17,0.4,1,46.0,2019
84,Aaron Rodgers,GB,1,9.0,155,3.4,28,0.6,0,,2019
85,Daniel Jones,NYG,2,21.0,236,5.2,43,1.0,2,22.5,2019
86,Kareem Hunt,CLE,2,8.0,65,1.5,114,2.7,4,10.8,2019
87,Patrick Mahomes,KC,2,15.0,194,4.5,24,0.6,1,43.0,2019
88,Ryan Tannehill,TEN,4,14.0,156,3.6,29,0.7,1,43.0,2019
89,Derrius Guice,WAS,2,9.0,52,1.2,193,4.6,3,14.0,2019
90,Darrel Williams,KC,3,12.0,81,2.0,60,1.5,1,41.0,2019
91,Darrell Henderson,LAR,0,10.0,84,2.2,63,1.6,7,5.6,2019
92,Jalen Richard,OAK,0,10.0,90,2.3,55,1.4,0,,2019
93,J.D. McKissic,DET,0,8.0,112,2.9,93,2.4,3,12.7,2019
94,Chris Thompson,WAS,0,7.0,74,2.0,64,1.7,2,18.5,2019
95,Darwin Thompson,KC,1,9.0,58,1.6,70,1.9,4,9.3,2019
96,Myles Gaskin,MIA,1,7.0,28,0.8,105,2.9,0,,2019
97,Ryquell Armstead,JAX,0,5.0,18,0.5,90,2.6,2,17.5,2019
98,Matt Ryan,ATL,1,10.0,133,3.9,14,0.4,0,,2019
99,Sam Darnold,NYJ,2,6.0,54,1.6,8,0.2,0,,2019
100,Jared Goff,LAR,2,5.0,36,1.1,4,0.1,0,,2019
101,Kyle Allen,CAR,2,9.0,81,2.5,25,0.8,2,16.0,2019
102,Andy Dalton,CIN,4,12.0,41,1.3,32,1.0,1,32.0,2019
103,Ty Montgomery,NYJ,0,2.0,61,1.9,42,1.3,0,,2019
104,Kirk Cousins,MIN,1,8.0,51,1.6,12,0.4,0,,2019
105,Jon Hilliman,NYG,0,6.0,45,1.5,46,1.5,0,,2019
106,Wayne Gallman,NYG,2,6.0,72,2.5,38,1.3,0,,2019
107,Justin Jackson,LAC,0,9.0,99,3.4,101,3.5,4,7.3,2019
108,Teddy Bridgewater,NO,0,4.0,16,0.6,15,0.5,0,,2019
109,Baker Mayfield,CLE,3,15.0,110,3.9,31,1.1,2,14.0,2019
110,Derek Carr,OAK,2,7.0,81,3.0,1,0.0,0,,2019
111,Taysom Hill,NO,1,10.0,107,4.0,49,1.8,1,27.0,2019
112,Jeff Wilson,SF,4,9.0,66,2.4,39,1.4,0,,2019
113,Tom Brady,NE,3,8.0,30,1.2,4,0.2,0,,2019
114,Marcus Mariota,TEN,0,5.0,98,4.1,31,1.3,1,24.0,2019
115,Kerrith Whyte Jr,PIT,0,5.0,47,2.0,75,3.1,1,24.0,2019
116,Ameer Abdullah,MIN,0,4.0,77,3.3,38,1.7,2,11.5,2019
117,C.J. Prosise,SEA,1,4.0,39,1.7,33,1.4,1,23.0,2019
118,Jeff Driskel,DET,1,10.0,126,5.7,25,1.1,1,22.0,2019
119,Trey Edmunds,PIT,0,2.0,53,2.4,39,1.8,0,,2019
120,Qadree Ollison,ATL,4,6.0,29,1.3,21,1.0,0,,2019
121,Wendell Smallwood,WAS,0,4.0,47,2.1,34,1.5,1,22.0,2019
122,Ito Smith,ATL,1,10.0,71,3.2,35,1.6,2,11.0,2019
123,Devlin Hodges,PIT,0,5.0,64,3.0,4,0.2,0,,2019
124,Mason Rudolph,PIT,0,6.0,21,1.0,21,1.0,1,21.0,2019
125,Robert Griffin III,BAL,0,5.0,51,2.6,19,1.0,1,20.0,2019
126,Dwayne Haskins,WAS,0,7.0,72,3.6,29,1.5,0,,2019
127,Matthew Stafford,DET,0,5.0,54,2.7,12,0.6,1,20.0,2019
128,Curtis Samuel,CAR,1,7.0,103,5.4,27,1.4,1,19.0,2019
129,Tra Carson,2TM,0,3.0,19,1.1,29,1.6,0,,2019
130,Travis Homer,SEA,0,6.0,82,4.6,32,1.8,0,,2019
131,Drew Lock,DEN,0,5.0,63,3.5,9,0.5,2,9.0,2019
132,Cordarrelle Patterson,CHI,0,4.0,81,4.8,22,1.3,3,5.7,2019
133,Darren Sproles,PHI,0,3.0,40,2.4,26,1.5,0,,2019
134,Spencer Ware,KC,0,3.0,21,1.2,30,1.8,2,8.5,2019
135,Robert Woods,LAR,1,5.0,81,4.8,34,2.0,3,5.7,2019
136,T.J. Yeldon,BUF,0,5.0,15,0.9,48,2.8,4,4.3,2019
137,C.J. Anderson,DET,0,1.0,6,0.4,37,2.3,1,16.0,2019
138,Reggie Bonnafon,CAR,1,2.0,92,5.8,24,1.5,1,16.0,2019
139,Brandon Bolden,NE,3,5.0,46,3.1,22,1.5,2,7.5,2019
140,Elijhaa Penny,NYG,0,2.0,16,1.1,23,1.5,1,15.0,2019
141,Deebo Samuel,SF,3,5.0,105,7.5,54,3.9,2,7.0,2019
142,Mike Davis,2TM,0,0.0,15,1.2,12,0.9,0,,2019
143,Dontrell Hilliard,CLE,2,3.0,36,2.8,13,1.0,0,,2019
144,Joe Flacco,DEN,0,4.0,16,1.3,4,0.3,0,,2019
145,Marshawn Lynch,SEA,1,2.0,20,1.7,14,1.2,0,,2019
146,Paul Perkins,DET,0,3.0,16,1.3,13,1.1,1,12.0,2019
147,Philip Rivers,LAC,0,2.0,29,2.4,0,0.0,0,,2019
148,Dalyn Dawkins,TEN,0,2.0,17,1.5,9,0.8,0,,2019
149,Dare Ogunbowale,TB,2,3.0,5,0.5,12,1.1,1,11.0,2019
150,Jay Ajayi,PHI,0,3.0,9,0.9,21,2.1,5,2.0,2019
151,Brandon Allen,DEN,0,4.0,32,3.2,7,0.7,0,,2019
152,Javorius Allen,NYG,1,3.0,-5,-0.5,41,4.1,0,,2019
153,Ryan Finley,CIN,0,4.0,73,7.3,4,0.4,0,,2019
154,Wes Hills,DET,2,3.0,9,0.9,12,1.2,0,,2019
155,Alec Ingold,OAK,0,7.0,9,0.9,8,0.8,0,,2019
156,Christian Kirk,ARI,0,4.0,66,6.6,27,2.7,1,10.0,2019
157,Troymaine Pope,LAC,0,0.0,11,1.1,9,0.9,0,,2019
158,Tyrod Taylor,LAC,0,1.0,3,0.3,4,0.4,0,,2019
159,Drew Brees,NO,1,2.0,-4,-0.4,0,0.0,0,,2019
160,Taiwan Jones,HOU,0,3.0,26,2.9,14,1.6,0,,2019
161,Case Keenum,WAS,1,2.0,11,1.2,1,0.1,0,,2019
162,Devine Ozigbo,JAX,0,1.0,11,1.2,16,1.8,0,,2019
163,Steven Sims,WAS,1,2.0,27,3.0,58,6.4,2,4.5,2019
164,Josh Adams,NYJ,0,1.0,5,0.6,7,0.9,0,,2019
165,David Blough,DET,0,1.0,27,3.4,4,0.5,0,,2019
166,Tony Brooks-James,PIT,0,,-11,-1.4,18,2.3,2,4.0,2019
167,Julian Edelman,NE,0,2.0,21,2.6,6,0.8,0,,2019
168,Tyreek Hill,KC,0,1.0,9,1.1,14,1.8,0,,2019
169,Brian Hoyer,IND,0,0.0,-3,-0.4,5,0.6,0,,2019
170,Isaiah McKenzie,BUF,0,4.0,35,4.4,14,1.8,0,,2019
171,Dwayne Washington,NO,0,2.0,9,1.1,51,6.4,2,4.0,2019
172,Will Grier,CAR,0,2.0,21,3.0,1,0.1,0,,2019
173,C.J. Ham,MIN,0,2.0,4,0.6,13,1.9,1,7.0,2019
174,Brett Hundley,ARI,0,3.0,13,1.9,28,4.0,0,,2019
175,Zach Line,NO,0,5.0,10,1.4,10,1.4,0,,2019
176,Derek Watt,LAC,1,6.0,5,0.7,5,0.7,0,,2019
177,Alex Armah,CAR,1,1.0,6,1.0,5,0.8,0,,2019
178,Tavon Austin,DAL,1,2.0,28,4.7,19,3.2,0,,2019
179,Brandin Cooks,LAR,0,3.0,45,7.5,7,1.2,0,,2019
180,Chase Daniel,CHI,0,2.0,2,0.3,4,0.7,0,,2019
181,Sean Mannion,MIN,0,0.0,-5,-0.8,0,0.0,0,,2019
182,D.J. Moore,CAR,0,3.0,29,4.8,11,1.8,0,,2019
183,Sterling Shepard,NYG,0,3.0,67,11.2,5,0.8,0,,2019
184,Tim Boyle,GB,0,0.0,-7,-1.4,0,0.0,0,,2019
185,Stefon Diggs,MIN,0,3.0,37,7.4,24,4.8,0,,2019
186,Alex Erickson,CIN,0,2.0,20,4.0,13,2.6,0,,2019
187,NKeal Harry,NE,0,4.0,12,2.4,37,7.4,1,5.0,2019
188,Buddy Howell,HOU,0,1.0,7,1.4,3,0.6,0,,2019
189,George Kittle,SF,0,1.0,14,2.8,8,1.6,0,,2019
190,A.J. McCarron,HOU,1,3.0,39,7.8,0,0.0,0,,2019
191,Matt Moore,KC,0,0.0,-2,-0.4,1,0.2,0,,2019
192,Cam Newton,CAR,0,0.0,-2,-0.4,0,0.0,0,,2019
193,Samaje Perine,2TM,0,1.0,11,2.2,5,1.0,1,5.0,2019
194,Josh Reynolds,LAR,0,2.0,22,4.4,1,0.2,0,,2019
195,Keith Smith,ATL,0,4.0,0,0.0,8,1.6,0,,2019
196,Dede Westbrook,JAX,0,0.0,13,2.6,14,2.8,0,,2019
197,Dexter Williams,GB,0,,6,1.2,5,1.0,0,,2019
198,Albert Wilson,MIA,0,1.0,35,7.0,10,2.0,1,5.0,2019
199,Kenjon Barner,ATL,0,1.0,22,5.5,6,1.5,0,,2019
200,Tyler Boyd,CIN,0,1.0,20,5.0,3,0.8,0,,2019
201,Parris Campbell,IND,0,1.0,24,6.0,10,2.5,1,4.0,2019
202,Trevor Davis,3TM,1,2.0,73,18.3,0,0.0,0,,2019
203,Nick Foles,JAX,0,2.0,18,4.5,5,1.3,0,,2019
204,Russell Gage,ATL,0,0.0,3,0.8,9,2.3,1,4.0,2019
205,Jakeem Grant,MIA,1,1.0,5,1.3,0,0.0,0,,2019
206,Ryan Griffin,TB,0,0.0,-1,-0.3,0,0.0,0,,2019
207,Mecole Hardman,KC,0,1.0,16,4.0,1,0.3,0,,2019
208,Damien Harris,NE,0,,8,2.0,4,1.0,0,,2019
209,Deonte Harty,NO,0,2.0,29,7.3,2,0.5,0,,2019
210,Andy Isabella,ARI,0,0.0,11,2.8,4,1.0,0,,2019
211,DErnest Johnson,CLE,0,0.0,18,4.5,3,0.8,0,,2019
212,Diontae Johnson,PIT,0,2.0,18,4.5,23,5.8,1,4.0,2019
213,Tyler Lockett,SEA,0,0.0,-5,-1.3,0,0.0,0,,2019
214,Eli Manning,NYG,0,1.0,5,1.3,2,0.5,0,,2019
215,Jordan Scarlett,CAR,0,,4,1.0,5,1.3,0,,2019
216,Anthony Sherman,KC,0,3.0,9,2.3,0,0.0,0,,2019
217,Jonnu Smith,TEN,0,2.0,7,1.8,71,17.8,1,4.0,2019
218,Adam Thielen,MIN,1,1.0,0,0.0,6,1.5,2,2.0,2019
219,DeLance Turner,MIA,0,,1,0.3,5,1.3,0,,2019
220,Keenan Allen,LAC,0,1.0,13,4.3,3,1.0,0,,2019
221,Odell Beckham Jr.,CLE,0,1.0,4,1.3,6,2.0,1,3.0,2019
222,A.J. Brown,TEN,1,2.0,12,4.0,48,16.0,1,3.0,2019
223,Randall Cobb,DAL,0,0.0,6,2.0,5,1.7,0,,2019
224,Patrick DiMarco,BUF,0,0.0,1,0.3,6,2.0,0,,2019
225,Phillip Dorsett,NE,0,1.0,18,6.0,3,1.0,0,,2019
226,Evan Engram,NYG,0,0.0,6,2.0,1,0.3,0,,2019
227,Noah Fant,DEN,0,0.0,-12,-4.0,0,0.0,0,,2019
228,Josh Ferguson,WAS,0,1.0,9,3.0,0,0.0,0,,2019
229,Taylor Gabriel,CHI,0,1.0,20,6.7,0,0.0,0,,2019
230,Garrett Gilbert,CLE,0,,-3,-1.0,0,0.0,0,,2019
231,Ted Ginn Jr.,NO,0,2.0,16,5.3,2,0.7,0,,2019
232,Kyle Juszczyk,SF,0,1.0,2,0.7,5,1.7,0,,2019
233,John Kelly,LAR,0,,5,1.7,4,1.3,0,,2019
234,T.J. Logan,TB,0,0.0,6,2.0,4,1.3,0,,2019
235,David Moore,SEA,0,1.0,8,2.7,17,5.7,1,3.0,2019
236,Nick Mullens,SF,0,,-3,-1.0,0,0.0,0,,2019
237,Senorise Perry,BUF,0,,0,0.0,3,1.0,1,3.0,2019
238,Josh Rosen,MIA,0,0.0,13,4.3,0,0.0,0,,2019
239,John Ross,CIN,0,0.0,2,0.7,2,0.7,0,,2019
240,Mohamed Sanu,2TM,0,1.0,6,2.0,5,1.7,0,,2019
241,Matt Schaub,ATL,0,0.0,-3,-1.0,0,0.0,0,,2019
242,Vyncint Smith,NYJ,1,3.0,44,14.7,8,2.7,0,,2019
243,Diontae Spencer,DEN,0,0.0,2,0.7,4,1.3,0,,2019
244,Courtland Sutton,DEN,0,1.0,13,4.3,4,1.3,0,,2019
245,Zach Zenner,3TM,0,0.0,-2,-0.7,0,0.0,0,,2019
246,Nelson Agholor,PHI,0,1.0,0,0.0,7,3.5,0,,2019
247,Matt Barkley,BUF,0,0.0,-4,-2.0,0,0.0,0,,2019
248,Jordan Berry,PIT,0,,-8,-4.0,0,0.0,0,,2019
249,Devontae Booker,DEN,0,0.0,0,0.0,9,4.5,1,2.0,2019
250,Blake Bortles,LAR,0,,-9,-4.5,0,0.0,0,,2019
251,John Brown,BUF,0,0.0,5,2.5,2,1.0,0,,2019
252,DJ Chark,JAX,0,1.0,16,8.0,4,2.0,0,,2019
253,Keke Coutee,HOU,1,2.0,14,7.0,0,0.0,0,,2019
254,James Develin,NE,0,1.0,3,1.5,0,0.0,0,,2019
255,Robert Foster,BUF,0,1.0,27,13.5,2,1.0,0,,2019
256,Mike Glennon,OAK,0,0.0,0,0.0,0,0.0,0,,2019
257,DeAndre Hopkins,HOU,0,2.0,15,7.5,3,1.5,0,,2019
258,Richie James,SF,0,0.0,-3,-1.5,2,1.0,1,2.0,2019
259,Julio Jones,ATL,0,0.0,-4,-2.0,1,0.5,0,,2019
260,Marvin Jones,DET,0,0.0,-1,-0.5,1,0.5,0,,2019
261,Cooper Kupp,LAR,0,0.0,4,2.0,0,0.0,0,,2019
262,Anthony Levine,BAL,0,2.0,62,31.0,0,0.0,0,,2019
263,Josh McCown,PHI,0,0.0,-2,-1.0,0,0.0,0,,2019
264,Colt McCoy,WAS,0,1.0,14,7.0,0,0.0,0,,2019
265,D.K. Metcalf,SEA,0,0.0,4,2.0,7,3.5,2,1.0,2019
266,Scott Miller,TB,0,1.0,6,3.0,10,5.0,0,,2019
267,Ryan Nall,CHI,0,1.0,3,1.5,5,2.5,0,,2019
268,Zach Pascal,IND,0,1.0,12,6.0,4,2.0,0,,2019
269,Breshad Perriman,TB,0,1.0,15,7.5,1,0.5,0,,2019
270,Calvin Ridley,ATL,0,2.0,30,15.0,4,2.0,0,,2019
271,Willie Snead,BAL,0,0.0,2,1.0,0,0.0,0,,2019
272,Jarrett Stidham,NE,0,0.0,-2,-1.0,0,0.0,0,,2019
273,DeAnthony Thomas,2TM,0,1.0,2,1.0,3,1.5,0,,2019
274,Marquez Valdes-Scantling,GB,0,0.0,6,3.0,3,1.5,0,,2019
275,Darren Waller,OAK,0,0.0,2,1.0,3,1.5,0,,2019
276,Sammy Watkins,KC,0,1.0,10,5.0,2,1.0,0,,2019
277,Jamal Agnew,DET,0,1.0,6,6.0,3,3.0,0,,2019
278,Geronimo Allison,GB,0,0.0,5,5.0,2,2.0,0,,2019
279,Chosen Anderson,NYJ,0,0.0,4,4.0,0,0.0,0,,2019
280,Bryan Anger,HOU,0,,-5,-5.0,0,0.0,0,,2019
281,Andrew Beck,DEN,0,1.0,2,2.0,1,1.0,0,,2019
282,Antonio Brown,NE,0,1.0,5,5.0,0,0.0,0,,2019
283,Derek Carrier,OAK,0,1.0,27,27.0,0,0.0,0,,2019
284,Keelan Cole,JAX,0,0.0,1,1.0,5,5.0,0,,2019
285,Amari Cooper,DAL,0,0.0,5,5.0,1,1.0,0,,2019
286,Pharoh Cooper,2TM,0,0.0,1,1.0,1,1.0,0,,2019
287,Jamison Crowder,NYJ,0,0.0,0,0.0,4,4.0,1,1.0,2019
288,Will Dissly,SEA,0,0.0,5,5.0,2,2.0,0,,2019
289,Tyler Ervin,2TM,0,1.0,3,3.0,7,7.0,1,1.0,2019
290,Gerald Everett,LAR,0,0.0,0,0.0,0,0.0,0,,2019
291,Isaiah Ford,MIA,0,1.0,0,0.0,11,11.0,1,1.0,2019
292,Bennie Fowler,NYG,0,1.0,17,17.0,3,3.0,0,,2019
293,John Franklin,TB,0,1.0,9,9.0,2,2.0,0,,2019
294,Chris Godwin,TB,0,0.0,0,0.0,8,8.0,1,1.0,2019
295,Marquise Goodwin,SF,0,1.0,15,15.0,0,0.0,0,,2019
296,Josh Gordon,2TM,0,0.0,1,1.0,0,0.0,0,,2019
297,Matt Haack,MIA,0,1.0,2,2.0,0,0.0,0,,2019
298,Marvin Hall,DET,0,0.0,4,4.0,3,3.0,0,,2019
299,Erik Harris,OAK,0,1.0,4,4.0,0,0.0,0,,2019
300,Johnny Holton,PIT,0,1.0,7,7.0,2,2.0,0,,2019
301,Adam Humphries,TEN,0,0.0,1,1.0,0,0.0,0,,2019
302,Andy Janovich,DEN,1,1.0,0,0.0,1,1.0,0,,2019
303,Alshon Jeffery,PHI,1,1.0,1,1.0,1,1.0,0,,2019
304,KeeSean Johnson,ARI,0,0.0,3,3.0,0,0.0,0,,2019
305,Olabisi Johnson,MIN,0,0.0,4,4.0,2,2.0,0,,2019
306,Colin Jones,CAR,0,1.0,5,5.0,0,0.0,0,,2019
307,Zay Jones,2TM,0,0.0,3,3.0,0,0.0,0,,2019
308,Travis Kelce,KC,1,1.0,3,3.0,1,1.0,0,,2019
309,Brett Kern,TEN,0,0.0,0,0.0,0,0.0,0,,2019
310,Dawson Knox,BUF,0,1.0,6,6.0,3,3.0,0,,2019
311,Jarvis Landry,CLE,0,1.0,9,9.0,1,1.0,0,,2019
312,Allen Lazard,GB,0,1.0,15,15.0,6,6.0,1,1.0,2019
313,Marqise Lee,JAX,0,0.0,1,1.0,0,0.0,0,,2019
314,Vance McDonald,PIT,0,0.0,0,0.0,2,2.0,0,,2019
315,Trace McSorley,BAL,0,1.0,0,0.0,1,1.0,0,,2019
316,Anthony Miller,CHI,0,0.0,-1,-1.0,0,0.0,0,,2019
317,Chris Moore,BAL,0,,0,0.0,0,0.0,0,,2019
318,Alfred Morris,ARI,0,1.0,2,2.0,2,2.0,0,,2019
319,Quenton Nelson,IND,0,,0,0.0,0,0.0,0,,2019
320,Kalif Raymond,TEN,0,0.0,-5,-5.0,0,0.0,0,,2019
321,Paul Richardson,WAS,0,0.0,0,0.0,0,0.0,0,,2019
322,Andre Roberts,BUF,0,0.0,5,5.0,2,2.0,0,,2019
323,Allen Robinson,CHI,0,0.0,2,2.0,0,0.0,0,,2019
324,Ben Roethlisberger,PIT,0,0.0,7,7.0,0,0.0,0,,2019
325,Chester Rogers,IND,0,1.0,18,18.0,0,0.0,0,,2019
326,DaMari Scott,NYG,0,0.0,2,2.0,3,3.0,0,,2019
327,Nick Scott,LAR,0,0.0,6,6.0,0,0.0,0,,2019
328,Golden Tate,NYG,0,1.0,12,12.0,4,4.0,0,,2019
329,Michael Thomas,NO,0,0.0,-9,-9.0,0,0.0,0,,2019
330,Danny Vitale,GB,0,0.0,2,2.0,1,1.0,0,,2019
331,Greg Ward,PHI,0,0.0,5,5.0,0,0.0,0,,2019
332,Trevon Wesco,NYJ,0,1.0,-1,-1.0,3,3.0,0,,2019
333,Mike Williams,LAC,0,0.0,-1,-1.0,3,3.0,0,,2019
334,Jarius Wright,CAR,0,0.0,-7,-7.0,0,0.0,1,1.0,2019
1,Derrick Henry,TEN,17,98.0,954,2.5,1073,2.8,34,11.1,2020
2,Dalvin Cook,MIN,16,91.0,801,2.6,756,2.4,33,9.5,2020
3,Josh Jacobs,LV,12,61.0,525,1.9,540,2.0,20,13.7,2020
4,David Montgomery,CHI,8,59.0,480,1.9,590,2.4,29,8.5,2020
5,Ezekiel Elliott,DAL,6,62.0,458,1.9,521,2.1,15,16.3,2020
6,James Robinson,JAX,7,54.0,455,1.9,615,2.6,16,15.0,2020
7,Kenyan Drake,ARI,10,59.0,549,2.3,406,1.7,16,14.9,2020
8,Jonathan Taylor,IND,11,69.0,690,3.0,479,2.1,15,15.5,2020
9,Melvin Gordon,DEN,9,46.0,530,2.5,456,2.1,16,13.4,2020
10,Aaron Jones,GB,9,52.0,512,2.5,592,2.9,14,14.4,2020
11,Kareem Hunt,CLE,6,44.0,376,1.9,465,2.3,18,11.0,2020
12,Todd Gurley,ATL,9,45.0,329,1.7,349,1.8,19,10.3,2020
13,Ronald Jones II,TB,7,48.0,394,2.1,584,3.0,10,19.2,2020
14,Nick Chubb,CLE,12,56.0,556,2.9,511,2.7,21,9.0,2020
15,Frank Gore,NYJ,2,32.0,279,1.5,374,2.0,8,23.4,2020
16,Alvin Kamara,NO,16,58.0,526,2.8,406,2.2,19,9.8,2020
17,Clyde Edwards-Helaire,KC,4,39.0,419,2.3,384,2.1,15,12.1,2020
18,Antonio Gibson,WAS,11,40.0,447,2.6,348,2.0,20,8.5,2020
19,James Conner,PIT,6,42.0,385,2.3,336,2.0,17,9.9,2020
20,Mike Davis,CAR,6,38.0,244,1.5,398,2.4,21,7.9,2020
21,Miles Sanders,PHI,6,39.0,497,3.0,370,2.3,9,18.2,2020
22,Lamar Jackson,BAL,7,56.0,800,5.0,205,1.3,8,19.9,2020
23,Adrian Peterson,DET,7,34.0,346,2.2,258,1.7,11,14.2,2020
24,Devin Singletary,BUF,2,40.0,238,1.5,449,2.9,9,17.3,2020
25,Wayne Gallman,NYG,6,36.0,320,2.2,362,2.5,10,14.7,2020
26,David Johnson,HOU,6,38.0,402,2.7,289,2.0,7,21.0,2020
27,Latavius Murray,NO,4,36.0,363,2.5,293,2.0,4,36.5,2020
28,Cam Akers,LAR,2,26.0,321,2.2,304,2.1,6,24.2,2020
29,Gus Edwards,BAL,6,45.0,334,2.3,389,2.7,11,13.1,2020
30,Myles Gaskin,MIA,3,27.0,297,2.1,287,2.0,6,23.7,2020
31,Chris Carson,SEA,5,43.0,375,2.7,306,2.2,10,14.1,2020
32,Darrell Henderson,LAR,5,40.0,342,2.5,282,2.0,8,17.3,2020
33,Damien Harris,NE,2,30.0,429,3.1,262,1.9,12,11.4,2020
34,Cam Newton,NE,12,55.0,411,3.0,181,1.3,4,34.3,2020
35,J.K. Dobbins,BAL,9,38.0,411,3.1,394,2.9,7,19.1,2020
36,Kyler Murray,ARI,11,52.0,691,5.2,128,1.0,5,26.6,2020
37,Jeff Wilson,SF,7,31.0,327,2.6,273,2.2,9,14.0,2020
38,Giovani Bernard,CIN,3,23.0,189,1.5,227,1.8,8,15.5,2020
39,Joe Mixon,CIN,3,20.0,226,1.9,202,1.7,3,39.7,2020
40,Jamaal Williams,GB,2,29.0,277,2.3,228,1.9,5,23.8,2020
41,Phillip Lindsay,DEN,1,19.0,316,2.7,186,1.6,5,23.6,2020
42,Austin Ekeler,LAC,1,26.0,273,2.4,257,2.2,13,8.9,2020
43,DAndre Swift,DET,8,31.0,331,2.9,190,1.7,9,12.7,2020
44,Zack Moss,BUF,4,30.0,207,1.8,274,2.4,13,8.6,2020
45,Joshua Kelley,LAC,2,20.0,184,1.7,170,1.5,7,15.9,2020
46,Benny Snell Jr.,PIT,4,25.0,160,1.4,208,1.9,6,18.5,2020
47,Raheem Mostert,SF,2,22.0,346,3.3,175,1.7,5,20.8,2020
48,Josh Allen,BUF,8,38.0,287,2.8,134,1.3,4,25.5,2020
49,Malcolm Brown,LAR,5,28.0,271,2.7,148,1.5,7,14.4,2020
50,Tony Pollard,DAL,4,23.0,186,1.8,249,2.5,8,12.6,2020
51,Brian Hill,ATL,1,18.0,208,2.1,257,2.6,6,16.7,2020
52,Chase Edmonds,ARI,1,22.0,261,2.7,187,1.9,10,9.7,2020
53,Leonard Fournette,TB,6,21.0,169,1.7,198,2.0,0,,2020
54,Alexander Mattison,MIN,2,24.0,204,2.1,230,2.4,10,9.6,2020
55,Peyton Barber,WAS,4,26.0,144,1.5,114,1.2,4,23.5,2020
56,Devontae Booker,LV,3,21.0,236,2.5,187,2.0,5,18.6,2020
57,Kalen Ballage,2TM,3,25.0,157,1.7,146,1.6,4,22.8,2020
58,Deshaun Watson,HOU,3,31.0,331,3.7,113,1.3,7,12.9,2020
59,Nyheim Hines,IND,3,24.0,224,2.5,156,1.8,8,11.1,2020
60,Taysom Hill,NO,8,34.0,356,4.1,101,1.2,3,29.0,2020
61,J.D. McKissic,WAS,1,25.0,180,2.1,185,2.2,9,9.4,2020
62,Jordan Wilkins,IND,1,17.0,148,1.8,160,1.9,10,8.4,2020
63,Russell Wilson,SEA,2,25.0,489,5.9,24,0.3,0,,2020
64,LeVeon Bell,2TM,2,21.0,163,2.0,165,2.0,9,9.1,2020
65,Carlos Hyde,SEA,4,20.0,172,2.1,184,2.3,4,20.3,2020
66,Jerick McKinnon,SF,5,16.0,191,2.4,128,1.6,3,27.0,2020
67,Boston Scott,PHI,1,16.0,220,2.8,154,1.9,10,8.0,2020
68,Sony Michel,NE,1,19.0,164,2.1,285,3.6,9,8.8,2020
69,Duke Johnson,HOU,1,11.0,119,1.5,116,1.5,5,15.4,2020
70,Salvon Ahmed,MIA,3,18.0,245,3.3,74,1.0,4,18.8,2020
71,Mark Ingram,BAL,2,14.0,173,2.4,126,1.8,6,12.0,2020
72,Rex Burkhead,NE,3,18.0,178,2.7,96,1.4,5,13.4,2020
73,Daniel Jones,NYG,1,17.0,375,5.8,48,0.7,1,65.0,2020
74,Cordarrelle Patterson,CHI,1,12.0,136,2.1,96,1.5,6,10.7,2020
75,LaMical Perine,NYJ,2,18.0,132,2.1,100,1.6,2,32.0,2020
76,Jalen Hurts,PHI,3,25.0,285,4.5,69,1.1,4,15.8,2020
77,Samaje Perine,CIN,3,16.0,149,2.4,152,2.4,5,12.6,2020
78,Ito Smith,ATL,1,8.0,182,2.9,86,1.4,2,31.5,2020
79,Patrick Mahomes,KC,2,22.0,261,4.2,47,0.8,2,31.0,2020
80,Matt Breida,MIA,0,11.0,162,2.7,92,1.6,2,29.5,2020
81,Justin Jackson,LAC,0,15.0,174,2.9,96,1.6,2,29.5,2020
82,Christian McCaffrey,CAR,5,14.0,97,1.6,128,2.2,9,6.6,2020
83,Justin Herbert,LAC,5,20.0,177,3.2,57,1.0,2,27.5,2020
84,Alfred Morris,NYG,1,13.0,115,2.1,123,2.2,3,18.3,2020
85,Devonta Freeman,NYG,1,9.0,104,1.9,68,1.3,2,27.0,2020
86,Ty Johnson,2TM,1,11.0,155,2.9,99,1.8,1,54.0,2020
87,Baker Mayfield,CLE,1,18.0,144,2.7,21,0.4,0,,2020
88,Teddy Bridgewater,CAR,5,18.0,220,4.2,59,1.1,3,17.7,2020
89,Kerryon Johnson,DET,2,9.0,116,2.2,65,1.3,3,17.3,2020
90,Carson Wentz,PHI,5,25.0,150,2.9,126,2.4,4,13.0,2020
91,Jared Goff,LAR,4,12.0,93,1.8,6,0.1,0,,2020
92,Jeremy McNichols,TEN,1,8.0,103,2.2,101,2.1,5,9.4,2020
93,AJ Dillon,GB,2,11.0,100,2.2,142,3.1,6,7.7,2020
94,Drew Lock,DEN,3,13.0,150,3.4,10,0.2,0,,2020
95,Ryan Tannehill,TEN,7,22.0,221,5.1,45,1.0,0,,2020
96,Curtis Samuel,CAR,2,10.0,87,2.1,113,2.8,3,13.7,2020
97,Rodney Smith,CAR,1,14.0,80,2.0,76,1.9,5,8.2,2020
98,Derek Carr,LV,3,16.0,130,3.3,10,0.3,1,39.0,2020
99,Jamycal Hasty,SF,1,7.0,105,2.7,43,1.1,0,,2020
100,Darrel Williams,KC,1,14.0,104,2.7,65,1.7,0,,2020
101,Aaron Rodgers,GB,3,15.0,143,3.8,6,0.2,0,,2020
102,Joe Burrow,CIN,3,14.0,119,3.2,23,0.6,3,12.3,2020
103,Sam Darnold,NYJ,2,13.0,145,3.9,72,1.9,1,37.0,2020
104,Tua Tagovailoa,MIA,3,13.0,80,2.2,29,0.8,0,,2020
105,Royce Freeman,DEN,0,10.0,94,2.7,76,2.2,2,17.5,2020
106,Jordan Howard,2TM,4,7.0,16,0.5,44,1.3,1,35.0,2020
107,James White,NE,2,6.0,78,2.2,43,1.2,1,35.0,2020
108,DeeJay Dallas,SEA,2,9.0,47,1.4,61,1.8,2,17.0,2020
109,DErnest Johnson,CLE,0,7.0,101,3.1,65,2.0,2,16.5,2020
110,Anthony McFarland Jr.,PIT,0,4.0,70,2.1,43,1.3,1,33.0,2020
111,Mitchell Trubisky,CHI,1,12.0,145,4.4,50,1.5,2,16.5,2020
112,Kirk Cousins,MIN,1,16.0,141,4.4,15,0.5,1,32.0,2020
113,Dare Ogunbowale,JAX,0,6.0,72,2.3,73,2.3,3,10.7,2020
114,DeAndre Washington,2TM,0,2.0,57,1.8,34,1.1,1,31.0,2020
115,Tom Brady,TB,3,6.0,-2,-0.1,8,0.3,1,30.0,2020
116,Ryan Fitzpatrick,MIA,2,12.0,131,4.4,20,0.7,0,,2020
117,Josh Adams,NYJ,2,10.0,54,1.9,103,3.6,4,7.3,2020
118,Dion Lewis,NYG,2,8.0,67,2.3,48,1.7,1,29.0,2020
119,Gardner Minshew II,JAX,1,10.0,149,5.1,4,0.1,0,,2020
120,Matt Ryan,ATL,2,8.0,83,2.9,9,0.3,0,,2020
121,Matthew Stafford,DET,0,12.0,107,3.7,5,0.2,0,,2020
122,Tevin Coleman,SF,0,3.0,6,0.2,47,1.7,3,9.3,2020
123,Andy Dalton,DAL,0,11.0,101,3.6,13,0.5,0,,2020
124,Darwin Thompson,KC,1,7.0,54,2.0,43,1.6,1,27.0,2020
125,KeShawn Vaughn,TB,0,5.0,62,2.4,47,1.8,2,13.0,2020
126,Trayveon Williams,CIN,0,5.0,54,2.1,103,4.0,3,8.7,2020
127,Travis Homer,SEA,0,2.0,56,2.2,32,1.3,2,12.5,2020
128,Ben Roethlisberger,PIT,0,3.0,6,0.2,5,0.2,0,,2020
129,Robert Woods,LAR,2,9.0,122,5.1,33,1.4,0,,2020
130,J.J. Taylor,NE,0,5.0,51,2.2,59,2.6,1,23.0,2020
131,DOnta Foreman,TEN,0,6.0,46,2.1,49,2.2,2,11.0,2020
132,Jalen Richard,LV,1,7.0,76,3.5,47,2.1,1,22.0,2020
133,Corey Clement,PHI,1,3.0,43,2.0,32,1.5,0,,2020
134,Dwayne Haskins,WAS,1,6.0,43,2.2,3,0.2,0,,2020
135,Saquon Barkley,NYG,0,1.0,-1,-0.1,35,1.8,1,19.0,2020
136,Ty Montgomery,NO,0,4.0,68,3.6,33,1.7,0,,2020
137,Drew Brees,NO,2,4.0,-6,-0.3,4,0.2,0,,2020
138,Alex Collins,SEA,2,5.0,41,2.3,36,2.0,0,,2020
139,Dak Prescott,DAL,3,8.0,65,3.6,28,1.6,2,9.0,2020
140,Philip Rivers,IND,0,0.0,-10,-0.6,2,0.1,0,,2020
141,Laviska Shenault Jr.,JAX,0,6.0,50,2.8,41,2.3,1,18.0,2020
142,Jacoby Brissett,IND,3,9.0,8,0.5,11,0.6,0,,2020
143,Kyle Juszczyk,SF,2,12.0,35,2.1,29,1.7,0,,2020
144,Nick Foles,CHI,1,2.0,-2,-0.1,3,0.2,0,,2020
145,Buddy Howell,HOU,0,2.0,44,2.8,20,1.3,0,,2020
146,Troymaine Pope,LAC,0,3.0,49,3.3,27,1.8,0,,2020
147,Tarik Cohen,CHI,0,3.0,52,3.7,22,1.6,1,14.0,2020
148,Darrynton Evans,TEN,0,2.0,29,2.1,25,1.8,0,,2020
149,Brandon Allen,CIN,0,5.0,19,1.5,8,0.6,1,13.0,2020
150,Tim Boyle,GB,0,,-9,-0.7,0,0.0,0,,2020
151,Tyler Ervin,GB,0,4.0,48,3.7,19,1.5,1,13.0,2020
152,Tyreek Hill,KC,2,5.0,103,7.9,20,1.5,1,13.0,2020
153,Patrick Laird,MIA,0,4.0,50,3.8,22,1.7,1,13.0,2020
154,Reggie Bonnafon,CAR,0,4.0,49,4.1,20,1.7,0,,2020
155,Robert Griffin III,BAL,0,4.0,34,2.8,35,2.9,0,,2020
156,Justice Hill,BAL,0,2.0,35,2.9,25,2.1,1,12.0,2020
157,Antonio Williams,BUF,2,4.0,34,2.8,29,2.4,1,12.0,2020
158,Mike Boone,MIN,1,2.0,23,2.1,36,3.3,4,2.8,2020
159,Ryan Finley,CIN,1,4.0,53,4.8,13,1.2,0,,2020
160,Rashaad Penny,SEA,0,1.0,20,1.8,14,1.3,0,,2020
161,Trenton Cannon,CAR,0,2.0,9,0.9,24,2.4,1,10.0,2020
162,Chase Claypool,PIT,2,4.0,12,1.2,4,0.4,1,10.0,2020
163,Jimmy Garoppolo,SF,0,3.0,19,1.9,6,0.6,1,10.0,2020
164,Tyler Huntley,BAL,0,1.0,22,2.2,1,0.1,0,,2020
165,CeeDee Lamb,DAL,1,4.0,52,5.2,30,3.0,0,,2020
166,LeSean McCoy,TB,0,2.0,23,2.3,8,0.8,0,,2020
167,Isaiah McKenzie,BUF,0,2.0,1,0.1,8,0.8,1,10.0,2020
168,C.J. Prosise,HOU,0,0.0,13,1.3,6,0.6,0,,2020
169,Alex Smith,WAS,0,0.0,3,0.3,0,0.0,0,,2020
170,T.J. Yeldon,BUF,0,5.0,36,3.6,34,3.4,0,,2020
171,Lynn Bowden Jr.,MIA,0,3.0,14,1.6,18,2.0,4,2.3,2020
172,Blaine Gabbert,TB,0,0.0,16,1.8,0,0.0,0,,2020
173,KJ Hamler,DEN,0,2.0,38,4.2,2,0.2,0,,2020
174,Dontrell Hilliard,2TM,0,3.0,19,2.1,29,3.2,1,9.0,2020
175,Marcus Mariota,LV,1,8.0,60,6.7,28,3.1,1,9.0,2020
176,Colt McCoy,NYG,0,0.0,11,1.2,1,0.1,0,,2020
177,Nick Mullens,SF,0,1.0,7,0.8,1,0.1,0,,2020
178,Henry Ruggs III,LV,0,3.0,36,4.0,13,1.4,0,,2020
179,Jaylen Samuels,PIT,0,1.0,14,1.6,14,1.6,0,,2020
180,Ameer Abdullah,MIN,0,4.0,25,3.1,17,2.1,0,,2020
181,David Moore,SEA,0,4.0,40,5.0,21,2.6,1,8.0,2020
182,Deebo Samuel,SF,0,1.0,9,1.1,17,2.1,0,,2020
183,Dwayne Washington,NO,0,,10,1.3,5,0.6,0,,2020
184,Jameis Winston,NO,0,0.0,-7,-0.9,1,0.1,0,,2020
185,Kyle Allen,WAS,1,3.0,13,1.9,13,1.9,2,3.5,2020
186,Michael Burton,NO,0,6.0,10,1.4,8,1.1,0,,2020
187,Rico Dowdle,DAL,0,1.0,13,1.9,11,1.6,0,,2020
188,Chad Henne,KC,1,1.0,-2,-0.3,0,0.0,0,,2020
189,Mason Rudolph,PIT,0,0.0,-6,-0.9,0,0.0,0,,2020
190,Jarrett Stidham,NE,0,3.0,7,1.0,0,0.0,0,,2020
191,Chris Thompson,JAX,0,1.0,10,1.4,10,1.4,0,,2020
192,Logan Woodside,TEN,0,1.0,8,1.1,2,0.3,0,,2020
193,Jamal Agnew,DET,0,3.0,31,5.2,2,0.3,0,,2020
194,Brandon Aiyuk,SF,2,3.0,36,6.0,41,6.8,1,6.0,2020
195,Alex Armah,CAR,0,5.0,3,0.5,6,1.0,0,,2020
196,Matt Barkley,BUF,0,0.0,-6,-1.0,0,0.0,0,,2020
197,C.J. Beathard,SF,0,1.0,19,3.2,9,1.5,1,6.0,2020
198,Amari Cooper,DAL,0,1.0,9,1.5,5,0.8,0,,2020
199,Ben DiNucci,DAL,0,2.0,22,3.7,0,0.0,0,,2020
200,Jeff Driskel,DEN,0,3.0,18,3.0,10,1.7,0,,2020
201,Evan Engram,NYG,1,1.0,22,3.7,4,0.7,0,,2020
202,Joe Flacco,NYJ,0,3.0,21,3.5,1,0.2,0,,2020
203,Mike Glennon,JAX,0,2.0,14,2.3,3,0.5,0,,2020
204,DeMichael Harris,IND,0,3.0,30,5.0,16,2.7,2,3.0,2020
205,Deonte Harty,NO,0,2.0,36,6.0,15,2.5,1,6.0,2020
206,Elijhaa Penny,NYG,0,4.0,4,0.7,11,1.8,0,,2020
207,Artavis Pierce,CHI,1,2.0,14,2.3,20,3.3,1,6.0,2020
208,Theo Riddick,LV,0,1.0,4,0.7,10,1.7,0,,2020
209,Bo Scarbrough,SEA,0,1.0,17,2.8,14,2.3,1,6.0,2020
210,Sterling Shepard,NYG,1,2.0,39,6.5,10,1.7,0,,2020
211,Tyrod Taylor,LAC,0,1.0,6,1.0,1,0.2,0,,2020
212,John Wolford,LAR,0,4.0,38,6.3,18,3.0,0,,2020
213,Tyler Boyd,CIN,0,2.0,48,9.6,1,0.2,0,,2020
214,Alex Erickson,CIN,0,0.0,-1,-0.2,8,1.6,0,,2020
215,C.J. Ham,MIN,0,2.0,13,2.6,5,1.0,0,,2020
216,Tee Higgins,CIN,0,1.0,22,4.4,6,1.2,0,,2020
217,Jason Huntley,PHI,0,1.0,8,1.6,11,2.2,2,2.5,2020
218,Trace McSorley,BAL,0,2.0,10,2.0,7,1.4,0,,2020
219,Gunner Olszewski,NE,0,1.0,18,3.6,5,1.0,0,,2020
220,Joe Reed,LAC,1,1.0,12,2.4,17,3.4,2,2.5,2020
221,Calvin Ridley,ATL,0,1.0,0,0.0,1,0.2,0,,2020
222,Brett Rypien,DEN,0,0.0,-5,-1.0,0,0.0,0,,2020
223,P.J. Walker,CAR,0,0.0,-2,-0.4,0,0.0,0,,2020
224,Chosen Anderson,CAR,0,1.0,13,3.3,2,0.5,0,,2020
225,Cameron Batson,TEN,0,2.0,18,4.5,2,0.5,0,,2020
226,LeVante Bellamy,DEN,0,,8,2.0,3,0.8,0,,2020
227,Devin Duvernay,BAL,0,3.0,47,11.8,23,5.8,0,,2020
228,Mecole Hardman,KC,0,2.0,12,3.0,19,4.8,0,,2020
229,Cooper Kupp,LAR,0,3.0,27,6.8,6,1.5,0,,2020
230,Jarvis Landry,CLE,1,2.0,6,1.5,4,1.0,0,,2020
231,Marlon Mack,IND,0,2.0,14,3.5,12,3.0,0,,2020
232,Ray-Ray McCloud,PIT,0,1.0,39,9.8,26,6.5,0,,2020
233,Darnell Mooney,CHI,0,1.0,20,5.0,0,0.0,0,,2020
234,Jalen Reagor,PHI,0,2.0,24,6.0,2,0.5,0,,2020
235,Keith Smith,ATL,0,4.0,4,1.0,3,0.8,0,,2020
236,Tommy Stevens,CAR,0,2.0,20,5.0,4,1.0,0,,2020
237,Chris Streveler,ARI,0,2.0,8,2.0,7,1.8,0,,2020
238,Marquez Valdes-Scantling,GB,0,1.0,9,2.3,4,1.0,0,,2020
239,Odell Beckham Jr.,CLE,1,2.0,18,6.0,54,18.0,0,,2020
240,Braxton Berrios,NYJ,0,1.0,22,7.3,7,2.3,0,,2020
241,Tony Brooks-James,ATL,0,,0,0.0,4,1.3,0,,2020
242,Garrett Gilbert,DAL,0,2.0,13,4.3,15,5.0,1,3.0,2020
243,Jakeem Grant,MIA,0,1.0,12,4.0,8,2.7,0,,2020
244,Taylor Heinicke,WAS,0,2.0,22,7.3,0,0.0,0,,2020
245,Alec Ingold,LV,0,2.0,0,0.0,4,1.3,0,,2020
246,Diontae Johnson,PIT,0,0.0,11,3.7,4,1.3,0,,2020
247,Tyron Johnson,LAC,0,0.0,10,3.3,7,2.3,0,,2020
248,Tony Jones,NO,0,1.0,6,2.0,7,2.3,0,,2020
249,John Lovett,GB,0,,3,1.0,3,1.0,0,,2020
250,Scott Miller,TB,0,0.0,11,3.7,3,1.0,0,,2020
251,Ryan Nall,CHI,0,0.0,0,0.0,0,0.0,0,,2020
252,Malcolm Perry,MIA,0,1.0,-1,-0.3,6,2.0,0,,2020
253,Michael Pittman Jr.,IND,0,1.0,18,6.0,8,2.7,0,,2020
254,Matt Schaub,ATL,0,,-4,-1.3,0,0.0,0,,2020
255,Anthony Sherman,KC,0,2.0,4,1.3,4,1.3,0,,2020
256,Diontae Spencer,DEN,0,1.0,14,4.7,5,1.7,0,,2020
257,Adam Thielen,MIN,0,0.0,7,2.3,8,2.7,1,3.0,2020
258,Logan Thomas,WAS,0,2.0,0,0.0,5,1.7,0,,2020
259,Cedrick Wilson Jr.,DAL,0,0.0,-12,-4.0,0,0.0,0,,2020
260,Isaiah Wright,WAS,0,0.0,12,4.0,4,1.3,0,,2020
261,Antonio Brown,TB,0,0.0,-2,-1.0,0,0.0,0,,2020
262,Trey Burton,IND,2,2.0,1,0.5,2,1.0,0,,2020
263,Damiere Byrd,NE,0,1.0,14,7.0,1,0.5,0,,2020
264,Parris Campbell,IND,0,2.0,14,7.0,2,1.0,0,,2020
265,Jeremy Chinn,CAR,0,1.0,29,14.5,0,0.0,0,,2020
266,Chase Daniel,DET,0,1.0,16,8.0,0,0.0,0,,2020
267,Joshua Dobbs,PIT,0,1.0,20,10.0,0,0.0,0,,2020
268,Ashton Dulin,IND,0,0.0,8,4.0,3,1.5,0,,2020
269,Julian Edelman,NE,0,1.0,22,11.0,0,0.0,0,,2020
270,Clayton Fejedelem,MIA,0,2.0,23,11.5,0,0.0,0,,2020
271,D.J. Foster,ARI,0,0.0,0,0.0,2,1.0,0,,2020
272,Russell Gage,ATL,0,1.0,6,3.0,3,1.5,0,,2020
273,Jalen Guyton,LAC,0,0.0,-1,-0.5,1,0.5,0,,2020
274,NKeal Harry,NE,0,0.0,-1,-0.5,1,0.5,0,,2020
275,Myles Hartsfield,CAR,0,,0,0.0,2,1.0,0,,2020
276,Kendall Hinton,DEN,0,0.0,4,2.0,3,1.5,0,,2020
277,Andy Janovich,CLE,0,1.0,3,1.5,1,0.5,0,,2020
278,Christian Kirk,ARI,0,1.0,2,1.0,1,0.5,0,,2020
279,George Kittle,SF,0,1.0,4,2.0,13,6.5,0,,2020
280,Allen Lazard,GB,0,1.0,13,6.5,4,2.0,0,,2020
281,Tommylee Lewis,NO,0,1.0,8,4.0,6,3.0,1,2.0,2020
282,Terry McLaurin,WAS,0,2.0,12,6.0,18,9.0,0,,2020
283,Jakobi Meyers,NE,0,0.0,2,1.0,7,3.5,1,2.0,2020
284,Anthony Miller,CHI,0,1.0,12,6.0,0,0.0,0,,2020
285,D.J. Moore,CAR,0,1.0,14,7.0,8,4.0,0,,2020
286,Gabe Nabers,LAC,0,1.0,2,1.0,5,2.5,0,,2020
287,Senorise Perry,TEN,0,1.0,2,1.0,7,3.5,0,,2020
288,Scottie Phillips,HOU,0,,5,2.5,4,2.0,0,,2020
289,Brandon Powell,ATL,0,0.0,6,3.0,1,0.5,0,,2020
290,Darius Slayton,NYG,0,0.0,-3,-1.5,2,1.0,0,,2020
291,Geno Smith,SEA,0,0.0,-2,-1.0,0,0.0,0,,2020
292,Jonnu Smith,TEN,1,1.0,4,2.0,0,0.0,0,,2020
293,Nate Sudfeld,PHI,0,1.0,12,6.0,0,0.0,0,,2020
294,Greg Ward,PHI,0,0.0,-4,-2.0,0,0.0,0,,2020
295,Dexter Williams,GB,0,,7,3.5,1,0.5,0,,2020
296,Shawn Williams,CIN,0,2.0,46,23.0,0,0.0,0,,2020
297,Isaiah Zuber,NE,0,2.0,19,9.5,2,1.0,0,,2020
298,Jordan Akins,HOU,0,1.0,0,0.0,4,4.0,1,1.0,2020
299,Keenan Allen,LAC,0,0.0,-1,-1.0,0,0.0,0,,2020
300,Danny Amendola,DET,0,1.0,2,2.0,0,0.0,0,,2020
301,Blake Bell,DAL,0,1.0,1,1.0,1,1.0,0,,2020
302,Nick Bellore,SEA,0,0.0,1,1.0,4,4.0,0,,2020
303,David Blough,DET,0,1.0,18,18.0,0,0.0,0,,2020
304,C.J. Board,NYG,0,0.0,3,3.0,0,0.0,0,,2020
305,Marquise Brown,BAL,0,0.0,1,1.0,0,0.0,0,,2020
306,Noah Brown,DAL,0,0.0,1,1.0,3,3.0,0,,2020
307,Jason Cabinda,DET,0,0.0,0,0.0,0,0.0,0,,2020
308,AJ Cole III,LV,0,,0,0.0,0,0.0,0,,2020
309,Keelan Cole,JAX,0,0.0,0,0.0,2,2.0,0,,2020
310,Jamison Crowder,NYJ,0,1.0,10,10.0,4,4.0,0,,2020
311,Gabriel Davis,BUF,0,0.0,0,0.0,0,0.0,0,,2020
312,Stefon Diggs,BUF,0,0.0,0,0.0,1,1.0,0,,2020
313,Gerald Everett,LAR,1,1.0,2,2.0,0,0.0,0,,2020
314,Will Fuller,HOU,0,0.0,0,0.0,0,0.0,0,,2020
315,Antonio Gandy-Golden,WAS,0,1.0,21,21.0,1,1.0,0,,2020
316,Jamie Gillan,CLE,0,,-2,-2.0,0,0.0,0,,2020
317,Terry Godwin,JAX,0,0.0,1,1.0,2,2.0,0,,2020
318,Marvin Hall,2TM,0,0.0,0,0.0,1,1.0,1,1.0,2020
319,Penny Hart,SEA,0,1.0,19,19.0,0,0.0,0,,2020
320,Jeff Heath,LV,0,1.0,1,1.0,0,0.0,0,,2020
321,Tyler Higbee,LAR,0,0.0,1,1.0,0,0.0,0,,2020
322,John Hightower,PHI,0,0.0,0,0.0,1,1.0,0,,2020
323,T.J. Hockenson,DET,0,0.0,0,0.0,0,0.0,0,,2020
324,Amani Hooker,TEN,0,1.0,4,4.0,0,0.0,0,,2020
325,DeAndre Hopkins,ARI,0,0.0,0,0.0,1,1.0,0,,2020
326,Brian Hoyer,NE,0,1.0,2,2.0,6,6.0,1,1.0,2020
327,Andy Isabella,ARI,0,0.0,-6,-6.0,0,0.0,0,,2020
328,DeSean Jackson,PHI,0,1.0,8,8.0,4,4.0,0,,2020
329,Justin Jefferson,MIN,0,0.0,1,1.0,1,1.0,0,,2020
330,Van Jefferson,LAR,0,0.0,-1,-1.0,0,0.0,0,,2020
331,Chris Jones,DAL,0,,0,0.0,0,0.0,0,,2020
332,Adrian Killins,PHI,0,,-12,-12.0,0,0.0,0,,2020
333,Cole Kmet,CHI,0,0.0,-3,-3.0,0,0.0,0,,2020
334,Ty Long,LAC,0,,-28,-28.0,0,0.0,0,,2020
335,Jake Luton,JAX,1,1.0,0,0.0,13,13.0,0,,2020
336,Josh Malone,NYJ,0,1.0,9,9.0,3,3.0,0,,2020
337,Sam Martin,DEN,0,,0,0.0,0,0.0,0,,2020
338,Barkevious Mingo,CHI,0,1.0,11,11.0,0,0.0,0,,2020
339,Donte Moncrief,NE,0,1.0,0,0.0,4,4.0,1,1.0,2020
340,C.J. Moore,DET,0,,3,3.0,0,0.0,0,,2020
341,Jojo Natson,CLE,0,,3,3.0,0,0.0,0,,2020
342,Sharrod Neasman,ATL,0,,2,2.0,0,0.0,0,,2020
343,Qadree Ollison,ATL,0,1.0,0,0.0,3,3.0,0,,2020
344,Devine Ozigbo,JAX,0,0.0,1,1.0,0,0.0,0,,2020
345,Breshad Perriman,NYJ,0,0.0,6,6.0,0,0.0,0,,2020
346,Nathan Peterman,LV,0,1.0,8,8.0,1,1.0,0,,2020
347,Kalif Raymond,TEN,0,0.0,-3,-3.0,0,0.0,0,,2020
348,Craig Reynolds,JAX,0,,4,4.0,0,0.0,0,,2020
349,Josh Reynolds,LAR,0,0.0,4,4.0,1,1.0,0,,2020
350,Patrick Ricard,BAL,0,0.0,-1,-1.0,0,0.0,0,,2020
351,Andre Roberts,BUF,0,0.0,-3,-3.0,0,0.0,0,,2020
352,Allen Robinson,CHI,0,0.0,-1,-1.0,0,0.0,0,,2020
353,Emmanuel Sanders,NO,0,1.0,9,9.0,3,3.0,0,,2020
354,Mohamed Sanu,2TM,0,1.0,0,0.0,3,3.0,0,,2020
355,Cam Sims,WAS,0,0.0,1,1.0,4,4.0,0,,2020
356,Steven Sims,WAS,0,1.0,1,1.0,17,17.0,0,,2020
357,Matt Skura,BAL,0,,0,0.0,0,0.0,0,,2020
358,TreQuan Smith,NO,0,0.0,1,1.0,2,2.0,0,,2020
359,Equanimeous St. Brown,GB,0,1.0,4,4.0,3,3.0,0,,2020
360,Easton Stick,LAC,0,,-2,-2.0,0,0.0,0,,2020
361,Malik Taylor,GB,0,0.0,0,0.0,9,9.0,0,,2020
362,Michael Thomas,NO,0,0.0,0,0.0,1,1.0,0,,2020
363,Mike Thomas,CIN,0,0.0,0,0.0,1,1.0,0,,2020
364,Darian Thompson,DAL,0,,3,3.0,0,0.0,0,,2020
365,Austin Walter,SF,0,0.0,1,1.0,2,2.0,0,,2020
366,Sammy Watkins,KC,0,0.0,1,1.0,2,2.0,0,,2020
367,Trevon Wesco,NYJ,0,,0,0.0,0,0.0,0,,2020
368,Jonathan Williams,DET,0,0.0,5,5.0,0,0.0,0,,2020
369,Mike Williams,LAC,0,0.0,1,1.0,0,0.0,0,,2020
370,Javon Wims,CHI,0,0.0,1,1.0,1,1.0,0,,2020
371,Olamide Zaccheaus,ATL,0,0.0,0,0.0,0,0.0,0,,2020
372,Brandon Zylstra,CAR,0,0.0,1,1.0,0,0.0,0,,2020
1,Jonathan Taylor,IND,18,107.0,870,2.6,941,2.8,25,13.3,2021
2,Najee Harris,PIT,7,62.0,525,1.7,675,2.2,30,10.2,2021
3,Joe Mixon,CIN,13,60.0,662,2.3,543,1.9,20,14.6,2021
4,Antonio Gibson,WAS,7,65.0,534,2.1,503,1.9,19,13.6,2021
5,Dalvin Cook,MIN,6,57.0,678,2.7,481,1.9,16,15.6,2021
6,Alvin Kamara,NO,4,42.0,549,2.3,349,1.5,22,10.9,2021
7,Ezekiel Elliott,DAL,10,55.0,593,2.5,409,1.7,9,26.3,2021
8,Nick Chubb,CLE,8,61.0,567,2.5,692,3.0,23,9.9,2021
9,David Montgomery,CHI,7,55.0,432,1.9,417,1.9,16,14.1,2021
10,Derrick Henry,TEN,10,49.0,450,2.1,487,2.2,10,21.9,2021
11,Josh Jacobs,LV,9,45.0,430,2.0,442,2.0,20,10.9,2021
12,Sony Michel,LAR,4,49.0,445,2.1,400,1.9,16,13.0,2021
13,Elijah Mitchell,SF,5,47.0,448,2.2,515,2.5,16,12.9,2021
14,Austin Ekeler,LAC,12,53.0,477,2.3,434,2.1,13,15.8,2021
15,Melvin Gordon,DEN,8,48.0,462,2.3,456,2.2,20,10.2,2021
16,Javonte Williams,DEN,4,52.0,443,2.2,460,2.3,31,6.5,2021
17,James Conner,ARI,15,53.0,331,1.6,421,2.1,19,10.6,2021
18,Damien Harris,NE,15,55.0,469,2.3,460,2.3,15,13.5,2021
19,Devin Singletary,BUF,7,44.0,429,2.3,441,2.3,13,14.5,2021
20,AJ Dillon,GB,5,50.0,396,2.1,407,2.2,17,11.0,2021
21,Leonard Fournette,TB,8,45.0,396,2.2,416,2.3,11,16.4,2021
22,Myles Gaskin,MIA,3,25.0,364,2.1,248,1.4,7,24.7,2021
23,Chuba Hubbard,CAR,5,36.0,287,1.7,325,1.9,9,19.1,2021
24,Aaron Jones,GB,4,37.0,409,2.4,390,2.3,12,14.3,2021
25,James Robinson,JAX,8,41.0,450,2.7,317,1.9,11,14.9,2021
26,Saquon Barkley,NYG,2,27.0,314,1.9,279,1.7,4,40.5,2021
27,Mark Ingram,2TM,2,23.0,237,1.5,317,2.0,9,17.8,2021
28,Cordarrelle Patterson,ATL,6,29.0,325,2.1,293,1.9,7,21.9,2021
29,Jamaal Williams,DET,3,42.0,382,2.5,219,1.4,10,15.3,2021
30,DAndre Swift,DET,5,28.0,385,2.5,232,1.5,9,16.8,2021
31,Darrell Henderson,LAR,5,39.0,402,2.7,286,1.9,3,49.7,2021
32,Michael Carter,NYJ,4,29.0,294,2.0,345,2.3,13,11.3,2021
33,Devontae Booker,NYG,2,31.0,364,2.5,229,1.6,2,72.5,2021
34,Darrel Williams,KC,6,40.0,342,2.4,216,1.5,4,36.0,2021
35,Jalen Hurts,PHI,10,56.0,642,4.6,142,1.0,9,15.4,2021
36,Mike Davis,ATL,3,21.0,272,2.0,231,1.7,9,15.3,2021
37,Miles Sanders,PHI,0,33.0,471,3.4,283,2.1,12,11.4,2021
38,Alexander Mattison,MIN,3,28.0,226,1.7,265,2.0,14,9.6,2021
39,DOnta Foreman,TEN,3,22.0,267,2.0,299,2.2,11,12.1,2021
40,Devonta Freeman,BAL,5,31.0,371,2.8,205,1.5,3,44.3,2021
41,Lamar Jackson,BAL,2,48.0,485,3.6,282,2.1,11,12.1,2021
42,Rhamondre Stevenson,NE,5,33.0,250,1.9,356,2.7,16,8.3,2021
43,Tony Pollard,DAL,2,35.0,398,3.1,321,2.5,7,18.6,2021
44,Josh Allen,BUF,6,54.0,471,3.9,292,2.4,12,10.2,2021
45,Rex Burkhead,HOU,3,30.0,210,1.7,217,1.8,2,61.0,2021
46,Clyde Edwards-Helaire,KC,4,21.0,309,2.6,208,1.7,7,17.0,2021
47,Latavius Murray,BAL,6,36.0,291,2.4,210,1.8,10,11.9,2021
48,Rashaad Penny,SEA,6,28.0,376,3.2,373,3.1,10,11.9,2021
49,Chase Edmonds,ARI,2,32.0,414,3.6,178,1.5,5,23.2,2021
50,Alex Collins,SEA,2,22.0,238,2.2,173,1.6,6,18.0,2021
51,Khalil Herbert,CHI,2,24.0,247,2.4,186,1.8,9,11.4,2021
52,Ronald Jones II,TB,4,25.0,242,2.4,186,1.8,5,20.2,2021
53,DErnest Johnson,CLE,3,24.0,299,3.0,235,2.4,10,10.0,2021
54,Christian McCaffrey,CAR,1,20.0,218,2.2,224,2.3,12,8.3,2021
55,Zack Moss,BUF,4,22.0,143,1.5,202,2.1,14,6.9,2021
56,Phillip Lindsay,2TM,1,11.0,168,1.9,81,0.9,1,88.0,2021
57,Kyler Murray,ARI,5,25.0,376,4.3,47,0.5,0,,2021
58,Boston Scott,PHI,7,24.0,209,2.4,164,1.9,4,21.8,2021
59,Jordan Howard,PHI,3,24.0,208,2.4,198,2.3,7,12.3,2021
60,Tevin Coleman,NYJ,0,19.0,166,2.0,190,2.3,6,14.0,2021
61,Jeff Wilson,SF,2,19.0,195,2.5,99,1.3,2,39.5,2021
62,Kareem Hunt,CLE,5,22.0,165,2.1,221,2.8,9,8.7,2021
63,Trevor Lawrence,JAX,2,22.0,267,3.7,67,0.9,2,36.5,2021
64,Justin Fields,CHI,2,22.0,293,4.1,127,1.8,5,14.4,2021
65,Carlos Hyde,JAX,1,14.0,138,1.9,115,1.6,3,24.0,2021
66,Duke Johnson,MIA,3,18.0,128,1.8,202,2.8,6,11.8,2021
67,Taysom Hill,NO,5,26.0,269,3.8,105,1.5,8,8.8,2021
68,Kenneth Gainwell,PHI,5,19.0,193,2.8,98,1.4,6,11.3,2021
69,Justin Jackson,LAC,2,18.0,257,3.8,107,1.6,0,,2021
70,Jaret Patterson,WAS,2,15.0,143,2.1,123,1.8,3,22.7,2021
71,David Johnson,HOU,0,7.0,109,1.6,119,1.8,4,16.8,2021
72,Patrick Mahomes,KC,2,25.0,366,5.5,15,0.2,0,,2021
73,Kenyan Drake,LV,2,15.0,147,2.3,107,1.7,4,15.8,2021
74,Justin Herbert,LAC,3,28.0,254,4.0,48,0.8,2,31.5,2021
75,Daniel Jones,NYG,2,16.0,256,4.1,42,0.7,1,62.0,2021
76,Ty Johnson,NYJ,2,13.0,174,2.9,64,1.0,3,20.3,2021
77,Taylor Heinicke,WAS,1,20.0,278,4.6,35,0.6,1,60.0,2021
78,Deebo Samuel,SF,8,21.0,181,3.1,184,3.1,9,6.6,2021
79,Carson Wentz,IND,1,21.0,158,2.8,57,1.0,2,28.5,2021
80,Royce Freeman,2TM,0,8.0,82,1.5,87,1.6,0,,2021
81,Dontrell Hilliard,TEN,2,15.0,214,3.8,136,2.4,4,14.0,2021
82,Nyheim Hines,IND,2,15.0,145,2.6,131,2.3,7,8.0,2021
83,Peyton Barber,LV,2,12.0,125,2.3,87,1.6,4,13.8,2021
84,Samaje Perine,CIN,1,11.0,116,2.1,130,2.4,2,27.5,2021
85,Craig Reynolds,DET,0,11.0,93,1.7,137,2.5,4,13.8,2021
86,Ryan Tannehill,TEN,7,33.0,211,3.8,59,1.1,2,27.5,2021
87,Salvon Ahmed,MIA,0,8.0,76,1.4,73,1.4,3,18.0,2021
88,Chris Carson,SEA,3,11.0,104,1.9,128,2.4,8,6.8,2021
89,Tony Jones,NO,0,7.0,78,1.4,64,1.2,2,27.0,2021
90,Ameer Abdullah,2TM,0,8.0,86,1.7,80,1.6,3,17.0,2021
91,Derrick Gore,KC,2,12.0,134,2.6,122,2.4,3,17.0,2021
92,Sam Darnold,CAR,5,20.0,205,4.3,17,0.4,2,24.0,2021
93,J.D. McKissic,WAS,2,14.0,123,2.6,89,1.9,1,48.0,2021
94,Dak Prescott,DAL,1,7.0,121,2.5,25,0.5,0,,2021
95,Tyler Huntley,BAL,2,22.0,241,5.1,53,1.1,3,15.7,2021
96,Cam Newton,CAR,5,20.0,147,3.1,83,1.8,5,9.4,2021
97,Brandon Bolden,NE,1,12.0,105,2.4,121,2.8,2,22.0,2021
98,Mac Jones,NE,0,22.0,95,2.2,34,0.8,0,,2021
99,Dare Ogunbowale,JAX,1,5.0,71,1.7,66,1.5,0,,2021
100,Russell Wilson,SEA,2,17.0,135,3.1,48,1.1,1,43.0,2021
101,Tua Tagovailoa,MIA,3,13.0,92,2.2,36,0.9,0,,2021
102,Jeremy McNichols,TEN,0,6.0,96,2.3,60,1.5,1,41.0,2021
103,Trey Sermon,SF,1,9.0,88,2.1,79,1.9,3,13.7,2021
104,Joe Burrow,CIN,2,14.0,84,2.1,34,0.9,2,20.0,2021
105,Derek Carr,LV,0,9.0,100,2.5,8,0.2,0,,2021
106,Matt Ryan,ATL,1,9.0,67,1.7,15,0.4,0,,2021
107,Damien Williams,CHI,2,11.0,121,3.0,43,1.1,4,10.0,2021
108,LeVeon Bell,2TM,2,9.0,58,1.5,43,1.1,3,13.0,2021
109,Jimmy Garoppolo,SF,3,15.0,40,1.1,11,0.3,0,,2021
110,Trey Lance,SF,1,8.0,114,3.0,54,1.4,0,,2021
111,Adrian Peterson,2TM,2,6.0,39,1.0,59,1.6,1,38.0,2021
112,Baker Mayfield,CLE,1,12.0,116,3.1,18,0.5,1,37.0,2021
113,Larry Rountree,LAC,1,5.0,46,1.3,41,1.1,0,,2021
114,Benny Snell Jr.,PIT,0,3.0,56,1.6,42,1.2,3,12.0,2021
115,KeShawn Vaughn,TB,2,9.0,58,1.6,122,3.4,5,7.2,2021
116,TySon Williams,BAL,1,7.0,98,2.8,87,2.5,1,35.0,2021
117,Eno Benjamin,ARI,1,4.0,53,1.6,65,1.9,1,34.0,2021
118,Malcolm Brown,MIA,1,6.0,70,2.1,55,1.7,3,11.0,2021
119,Corey Clement,DAL,0,7.0,65,2.0,75,2.3,3,11.0,2021
120,DeeJay Dallas,SEA,2,10.0,66,2.0,72,2.2,3,11.0,2021
121,Joshua Kelley,LAC,0,5.0,59,1.8,43,1.3,2,16.5,2021
122,Aaron Rodgers,GB,3,10.0,84,2.5,17,0.5,0,,2021
123,Matthew Stafford,LAR,0,8.0,36,1.1,7,0.2,0,,2021
124,Jameis Winston,NO,1,17.0,113,3.5,53,1.7,2,16.0,2021
125,Teddy Bridgewater,DEN,2,16.0,71,2.4,35,1.2,1,30.0,2021
126,Kirk Cousins,MIN,1,8.0,97,3.3,18,0.6,0,,2021
127,Zach Wilson,NYJ,4,10.0,124,4.3,61,2.1,1,29.0,2021
128,Tom Brady,TB,2,14.0,67,2.4,14,0.5,0,,2021
129,Wayne Gallman,2TM,0,5.0,69,2.5,35,1.3,2,14.0,2021
130,Marlon Mack,IND,0,6.0,65,2.3,36,1.3,1,28.0,2021
131,Matt Breida,BUF,1,5.0,81,3.1,44,1.7,1,26.0,2021
132,Austin Walter,NYJ,1,5.0,68,2.6,33,1.3,0,,2021
133,Elijhaa Penny,NYG,1,9.0,43,1.8,56,2.3,1,24.0,2021
134,Patrick Taylor,GB,1,5.0,53,2.3,36,1.6,2,11.5,2021
135,Colt McCoy,ARI,0,6.0,30,1.4,7,0.3,0,,2021
136,Travis Homer,SEA,1,7.0,121,5.8,56,2.7,2,10.5,2021
137,Qadree Ollison,ATL,1,7.0,57,2.7,48,2.3,1,21.0,2021
138,Ben Roethlisberger,PIT,1,3.0,2,0.1,3,0.2,0,,2021
139,Jacoby Brissett,MIA,1,9.0,57,3.0,13,0.7,0,,2021
140,J.J. Taylor,NE,2,3.0,25,1.3,12,0.6,0,,2021
141,Tyrod Taylor,HOU,3,6.0,86,4.5,65,3.4,4,4.8,2021
142,Godwin Igwebuike,DET,1,7.0,56,3.1,62,3.4,1,18.0,2021
143,Davis Mills,HOU,0,5.0,37,2.1,7,0.4,0,,2021
144,Rondale Moore,ARI,0,2.0,24,1.3,52,2.9,3,6.0,2021
145,Chris Evans,CIN,0,3.0,51,3.0,26,1.5,3,5.7,2021
146,Jared Goff,DET,0,4.0,85,5.0,2,0.1,0,,2021
147,Jonathan Williams,WAS,1,7.0,26,1.5,53,3.1,2,8.5,2021
148,Andy Dalton,CHI,0,2.0,72,4.5,4,0.3,0,,2021
149,Jamycal Hasty,SF,1,6.0,46,2.9,22,1.4,2,8.0,2021
150,Ryquell Armstead,JAX,0,3.0,43,2.9,37,2.5,0,,2021
151,Jermar Jefferson,DET,2,4.0,50,3.3,24,1.6,0,,2021
152,Ty Montgomery,NO,0,2.0,19,1.3,25,1.7,2,7.5,2021
153,Trayveon Williams,CIN,0,4.0,26,1.7,25,1.7,5,3.0,2021
154,Chase Claypool,PIT,0,7.0,79,5.6,17,1.2,0,,2021
155,Jason Huntley,PHI,0,2.0,38,2.9,13,1.0,0,,2021
156,Deon Jackson,IND,1,2.0,13,1.0,18,1.4,1,13.0,2021
157,Marcus Mariota,LV,1,6.0,61,4.7,26,2.0,0,,2021
158,Kene Nwangwu,MIN,0,3.0,32,2.5,29,2.2,2,6.5,2021
159,Mitchell Trubisky,BUF,1,3.0,24,1.8,0,0.0,0,,2021
160,Kalen Ballage,PIT,0,2.0,15,1.3,21,1.8,0,,2021
161,Kendrick Bourne,NE,0,7.0,86,7.2,39,3.3,2,6.0,2021
162,Case Keenum,CLE,0,6.0,15,1.3,7,0.6,0,,2021
163,Jordan Love,GB,0,1.0,24,2.0,3,0.3,0,,2021
164,Jerick McKinnon,KC,0,2.0,43,3.6,19,1.6,0,,2021
165,Brian Hoyer,NE,0,1.0,-9,-0.8,1,0.1,0,,2021
166,Laviska Shenault Jr.,JAX,0,2.0,24,2.2,17,1.5,1,11.0,2021
167,DeAndre Carter,WAS,0,4.0,80,8.0,9,0.9,0,,2021
168,Kylin Hill,GB,0,1.0,15,1.5,9,0.9,0,,2021
169,Drew Lock,DEN,2,5.0,45,4.5,8,0.8,0,,2021
170,Jalen Reagor,PHI,0,3.0,23,2.3,9,0.9,1,10.0,2021
171,James White,NE,1,4.0,30,3.0,8,0.8,0,,2021
172,Blaine Gabbert,TB,0,0.0,-7,-0.8,0,0.0,0,,2021
173,Tyreek Hill,KC,0,4.0,85,9.4,11,1.2,0,,2021
174,Josh Johnson,2TM,0,1.0,22,2.4,6,0.7,0,,2021
175,CeeDee Lamb,DAL,0,4.0,62,6.9,14,1.6,0,,2021
176,Isaiah McKenzie,BUF,1,4.0,32,3.6,15,1.7,0,,2021
177,Gardner Minshew II,PHI,0,2.0,19,2.1,2,0.2,0,,2021
178,Jalen Richard,LV,0,3.0,23,2.6,17,1.9,0,,2021
179,Cooper Rush,DAL,0,0.0,-8,-0.9,0,0.0,0,,2021
180,Trevor Siemian,NO,1,2.0,2,0.2,18,2.0,0,,2021
181,Geno Smith,SEA,1,3.0,28,3.1,14,1.6,2,4.5,2021
182,Jonnu Smith,NE,0,2.0,16,1.8,24,2.7,0,,2021
183,Keith Smith,ATL,0,3.0,19,2.1,12,1.3,0,,2021
184,Jonathan Ward,ARI,0,3.0,21,2.3,12,1.3,0,,2021
185,Giovani Bernard,TB,0,3.0,37,4.6,21,2.6,0,,2021
186,Michael Burton,KC,1,8.0,11,1.4,15,1.9,0,,2021
187,Jake Fromm,NYG,0,4.0,30,3.8,35,4.4,0,,2021
188,Mecole Hardman,KC,0,2.0,39,4.9,7,0.9,0,,2021
189,Chad Henne,KC,0,0.0,0,0.0,0,0.0,0,,2021
190,Kyle Juszczyk,SF,1,3.0,14,1.8,8,1.0,0,,2021
191,D.J. Moore,CAR,0,4.0,28,3.5,20,2.5,1,8.0,2021
192,LaMical Perine,NYJ,0,1.0,23,2.9,8,1.0,0,,2021
193,Robert Woods,LAR,1,1.0,31,3.9,15,1.9,0,,2021
194,Jamal Agnew,JAX,1,3.0,103,14.7,8,1.1,0,,2021
195,Brandon Allen,CIN,0,1.0,-3,-0.4,2,0.3,0,,2021
196,Braxton Berrios,NYJ,2,3.0,28,4.0,12,1.7,0,,2021
197,JaMarr Chase,CIN,0,2.0,15,2.1,6,0.9,3,2.3,2021
198,Devin Duvernay,BAL,0,4.0,38,5.4,12,1.7,0,,2021
199,Demetric Felton,CLE,0,0.0,14,2.0,10,1.4,0,,2021
200,Mike Glennon,NYG,1,2.0,33,4.7,0,0.0,0,,2021
201,Jalen Guyton,LAC,0,2.0,14,2.0,20,2.9,1,7.0,2021
202,C.J. Ham,MIN,0,3.0,23,3.3,11,1.6,0,,2021
203,Amon-Ra St. Brown,DET,1,2.0,27,3.9,34,4.9,2,3.5,2021
204,P.J. Walker,CAR,0,2.0,13,1.9,0,0.0,0,,2021
205,Justin Jefferson,MIN,0,1.0,5,0.8,9,1.5,0,,2021
206,Jarvis Landry,CLE,2,4.0,29,4.8,11,1.8,1,6.0,2021
207,Darnell Mooney,CHI,1,2.0,29,4.8,3,0.5,1,6.0,2021
208,Scottie Phillips,HOU,0,1.0,9,1.5,4,0.7,0,,2021
209,Anthony Schwartz,CLE,0,4.0,36,6.0,3,0.5,0,,2021
210,Logan Woodside,TEN,0,,-6,-1.0,0,0.0,0,,2021
211,Brandon Aiyuk,SF,0,0.0,9,1.8,8,1.6,0,,2021
212,Cam Akers,LAR,0,,-2,-0.4,5,1.0,0,,2021
213,Alex Armah,2TM,0,4.0,9,1.8,12,2.4,0,,2021
214,Jakeem Grant,2TM,0,2.0,19,3.8,14,2.8,2,2.5,2021
215,Deonte Harty,NO,0,1.0,35,7.0,6,1.2,0,,2021
216,Buddy Howell,LAR,0,,9,1.8,2,0.4,0,,2021
217,Diontae Johnson,PIT,0,2.0,35,7.0,18,3.6,0,,2021
218,Elijah Moore,NYJ,1,3.0,44,8.8,10,2.0,1,5.0,2021
219,Michael Pittman Jr.,IND,0,1.0,39,7.8,5,1.0,0,,2021
220,Mason Rudolph,PIT,0,3.0,25,5.0,28,5.6,0,,2021
221,Jaylen Samuels,HOU,0,0.0,1,0.2,8,1.6,0,,2021
222,Mekhi Sargent,3TM,0,1.0,6,1.2,5,1.0,0,,2021
223,Wendell Smallwood,WAS,0,2.0,17,3.4,8,1.6,0,,2021
224,Freddie Swain,SEA,0,2.0,26,5.2,6,1.2,0,,2021
225,Mike White,NYJ,0,2.0,-3,-0.6,2,0.4,0,,2021
226,Kenjon Barner,TB,0,,0,0.0,0,0.0,0,,2021
227,Blake Bell,KC,0,4.0,7,1.8,3,0.8,0,,2021
228,Mike Boone,DEN,0,2.0,27,6.8,8,2.0,0,,2021
229,DWayne Eskridge,SEA,0,2.0,42,10.5,17,4.3,1,4.0,2021
230,Nick Foles,CHI,0,1.0,8,2.0,0,0.0,0,,2021
231,Chris Godwin,TB,1,4.0,13,3.3,8,2.0,0,,2021
232,JaQuan Hardy,DAL,1,1.0,15,3.8,14,3.5,0,,2021
233,Cooper Kupp,LAR,0,1.0,13,3.3,5,1.3,0,,2021
234,Kalif Raymond,DET,0,2.0,21,5.3,7,1.8,0,,2021
235,Curtis Samuel,WAS,0,0.0,7,1.8,4,1.0,0,,2021
236,Dwayne Washington,NO,0,,5,1.3,11,2.8,0,,2021
237,Albert Wilson,MIA,0,1.0,-3,-0.8,20,5.0,2,2.0,2021
238,Nelson Agholor,NE,0,0.0,6,2.0,5,1.7,2,1.5,2021
239,Chosen Anderson,CAR,0,1.0,2,0.7,34,11.3,0,,2021
240,Tavon Austin,JAX,0,1.0,20,6.7,1,0.3,0,,2021
241,Khari Blasingame,TEN,0,1.0,0,0.0,6,2.0,0,,2021
242,Ian Book,NO,0,1.0,4,1.3,2,0.7,0,,2021
243,Jason Cabinda,DET,0,2.0,12,4.0,11,3.7,0,,2021
244,Trenton Cannon,2TM,0,,2,0.7,2,0.7,0,,2021
245,Damarea Crockett,DEN,0,,7,2.3,0,0.0,0,,2021
246,Ashton Dulin,IND,0,1.0,27,9.0,5,1.7,1,3.0,2021
247,Sam Ehlinger,IND,0,1.0,7,2.3,2,0.7,0,,2021
248,Gerald Everett,SEA,0,2.0,15,5.0,5,1.7,0,,2021
249,Feleipe Franks,ATL,0,,2,0.7,4,1.3,0,,2021
250,Reggie Gilliam,BUF,0,,0,0.0,3,1.0,0,,2021
251,George Kittle,SF,0,0.0,11,3.7,9,3.0,0,,2021
252,Allen Lazard,GB,0,2.0,29,9.7,3,1.0,0,,2021
253,Anthony McFarland Jr.,PIT,0,0.0,2,0.7,1,0.3,0,,2021
254,Gabe Nabers,LAC,0,1.0,5,1.7,3,1.0,0,,2021
255,Adam Prentice,NO,0,2.0,3,1.0,2,0.7,0,,2021
256,Hunter Renfrow,LV,0,0.0,1,0.3,2,0.7,0,,2021
257,Andre Roberts,2TM,0,0.0,16,5.3,3,1.0,0,,2021
258,Henry Ruggs III,LV,0,0.0,15,5.0,1,0.3,0,,2021
259,JuJu Smith-Schuster,PIT,1,1.0,5,1.7,4,1.3,1,3.0,2021
260,Equanimeous St. Brown,GB,0,2.0,1,0.3,13,4.3,0,,2021
261,Johnny Stanton,CLE,0,2.0,2,0.7,3,1.0,0,,2021
262,Chris Streveler,ARI,0,0.0,1,0.3,5,1.7,0,,2021
263,Kadarius Toney,NYG,0,0.0,5,1.7,1,0.3,0,,2021
264,Tommy Tremble,CAR,1,1.0,9,3.0,2,0.7,0,,2021
265,Kyle Allen,WAS,0,1.0,11,5.5,0,0.0,0,,2021
266,Cameron Batson,TEN,0,1.0,11,5.5,4,2.0,0,,2021
267,Odell Beckham Jr.,2TM,0,1.0,12,6.0,2,1.0,0,,2021
268,Kurt Benkert,GB,0,,-1,-0.5,0,0.0,0,,2021
269,Tyler Boyd,CIN,0,1.0,9,4.5,13,6.5,1,2.0,2021
270,Tim Boyle,DET,0,1.0,12,6.0,1,0.5,0,,2021
271,A.J. Brown,TEN,0,1.0,6,3.0,4,2.0,0,,2021
272,Brandin Cooks,HOU,0,1.0,15,7.5,6,3.0,0,,2021
273,Chase Daniel,LAC,0,,-2,-1.0,0,0.0,0,,2021
274,Darrynton Evans,TEN,0,0.0,2,1.0,5,2.5,0,,2021
275,Joe Flacco,NYJ,0,1.0,1,0.5,2,1.0,0,,2021
276,Jake Funk,LAR,0,,2,1.0,3,1.5,0,,2021
277,Marquise Goodwin,CHI,0,0.0,-2,-1.0,1,0.5,0,,2021
278,Alec Ingold,LV,0,1.0,1,0.5,0,0.0,0,,2021
279,Andy Janovich,CLE,1,1.0,-1,-0.5,1,0.5,0,,2021
280,Van Jefferson,LAR,0,1.0,7,3.5,13,6.5,0,,2021
281,Jerry Jeudy,DEN,0,0.0,0,0.0,3,1.5,0,,2021
282,Marcus Johnson,TEN,0,1.0,-6,-3.0,4,2.0,0,,2021
283,Zay Jones,LV,0,0.0,3,1.5,0,0.0,0,,2021
284,Travis Kelce,KC,1,1.0,3,1.5,0,0.0,0,,2021
285,John Kelly,CLE,0,1.0,7,3.5,6,3.0,0,,2021
286,Dallin Leavitt,LV,0,2.0,5,2.5,1,0.5,0,,2021
287,Tyler Lockett,SEA,0,0.0,9,4.5,0,0.0,0,,2021
288,Sean Mannion,MIN,0,2.0,11,5.5,3,1.5,0,,2021
289,Ray-Ray McCloud,PIT,0,0.0,10,5.0,5,2.5,1,2.0,2021
290,Scott Miller,TB,1,2.0,43,21.5,0,0.0,0,,2021
291,Raheem Mostert,SF,0,1.0,18,9.0,2,1.0,0,,2021
292,Zach Pascal,IND,0,0.0,16,8.0,5,2.5,0,,2021
293,Jacques Patrick,SF,0,1.0,8,4.0,4,2.0,0,,2021
294,Nathan Peterman,LV,0,1.0,2,1.0,0,0.0,0,,2021
295,Patrick Ricard,BAL,0,2.0,1,0.5,3,1.5,0,,2021
296,Emmanuel Sanders,BUF,0,2.0,27,13.5,4,2.0,0,,2021
297,Durham Smythe,MIA,0,2.0,3,1.5,0,0.0,0,,2021
298,Jaylen Waddle,MIA,1,1.0,2,1.0,1,0.5,0,,2021
299,James Washington,PIT,0,0.0,10,5.0,3,1.5,0,,2021
300,Davis Webb,BUF,0,,-3,-1.5,0,0.0,0,,2021
301,Cedrick Wilson Jr.,DAL,0,1.0,10,5.0,1,0.5,0,,2021
302,John Wolford,LAR,0,,-1,-0.5,0,0.0,0,,2021
303,Jordan Akins,HOU,0,1.0,0,0.0,3,3.0,0,,2021
304,Mark Andrews,BAL,0,0.0,0,0.0,0,0.0,0,,2021
305,Alex Bachman,NYG,0,,-3,-3.0,0,0.0,0,,2021
306,C.J. Beathard,JAX,0,0.0,2,2.0,0,0.0,0,,2021
307,David Blough,DET,0,,2,2.0,4,4.0,0,,2021
308,C.J. Board,NYG,0,0.0,4,4.0,2,2.0,0,,2021
309,Reggie Bonnafon,CAR,0,0.0,4,4.0,0,0.0,0,,2021
310,Gary Brightwell,NYG,0,,3,3.0,1,1.0,0,,2021
311,Antonio Brown,TB,0,0.0,5,5.0,1,1.0,0,,2021
312,Dyami Brown,WAS,0,0.0,-4,-4.0,0,0.0,0,,2021
313,Marquise Brown,BAL,0,1.0,2,2.0,3,3.0,0,,2021
314,Sean Chandler,CAR,0,1.0,14,14.0,0,0.0,0,,2021
315,Randall Cobb,GB,0,0.0,0,0.0,1,1.0,1,1.0,2021
316,Chris Conley,HOU,0,1.0,0,0.0,3,3.0,0,,2021
317,Pharoh Cooper,NYG,0,0.0,3,3.0,0,0.0,0,,2021
318,Nathan Cottrell,JAX,0,,0,0.0,3,3.0,1,1.0,2021
319,Jaelon Darden,TB,0,1.0,10,10.0,1,1.0,0,,2021
320,Phillip Dorsett,3TM,0,0.0,0,0.0,0,0.0,0,,2021
321,Greg Dortch,ARI,0,1.0,23,23.0,1,1.0,0,,2021
322,Eric Ebron,PIT,1,1.0,1,1.0,0,0.0,0,,2021
323,Bryan Edwards,LV,0,0.0,0,0.0,0,0.0,0,,2021
324,Evan Engram,NYG,0,0.0,-3,-3.0,0,0.0,0,,2021
325,Zach Ertz,2TM,0,0.0,4,4.0,0,0.0,0,,2021
326,Mike Evans,TB,0,1.0,8,8.0,2,2.0,0,,2021
327,Clayton Fejedelem,MIA,0,,0,0.0,0,0.0,0,,2021
328,Maurice Ffrench,LAC,0,,3,3.0,0,0.0,0,,2021
329,Ryan Fitzpatrick,WAS,0,,2,2.0,0,0.0,0,,2021
330,Jamie Gillan,CLE,0,,0,0.0,0,0.0,0,,2021
331,Cyril Grayson,TB,0,1.0,14,14.0,0,0.0,0,,2021
332,Johnny Hekker,LAR,0,,0,0.0,0,0.0,0,,2021
333,DeSean Jackson,2TM,0,0.0,4,4.0,0,0.0,0,,2021
334,Christian Kirk,ARI,0,1.0,9,9.0,2,2.0,0,,2021
335,Cole Kmet,CHI,0,0.0,0,0.0,0,0.0,0,,2021
336,Patrick Laird,MIA,0,0.0,2,2.0,2,2.0,0,,2021
337,Andy Lee,ARI,0,,0,0.0,0,0.0,0,,2021
338,Braden Mann,NYJ,0,,2,2.0,2,2.0,0,,2021
339,Nate McCrary,BAL,0,,-1,-1.0,0,0.0,0,,2021
340,Terry McLaurin,WAS,0,1.0,7,7.0,5,5.0,0,,2021
341,D.K. Metcalf,SEA,0,0.0,4,4.0,2,2.0,0,,2021
342,Jakobi Meyers,NE,0,0.0,8,8.0,1,1.0,0,,2021
343,Dax Milne,WAS,0,0.0,1,1.0,0,0.0,0,,2021
344,C.J. Moore,DET,0,1.0,28,28.0,0,0.0,0,,2021
345,Stanley Morgan Jr.,CIN,0,,3,3.0,0,0.0,0,,2021
346,Ryan Nall,CHI,0,,0,0.0,4,4.0,0,,2021
347,David Njoku,CLE,0,0.0,0,0.0,1,1.0,0,,2021
348,Gunner Olszewski,NE,0,0.0,6,6.0,3,3.0,0,,2021
349,K.J. Osborn,MIN,0,1.0,8,8.0,2,2.0,0,,2021
350,Devine Ozigbo,2TM,0,0.0,-3,-3.0,0,0.0,0,,2021
351,Michael Palardy,MIA,0,,1,1.0,0,0.0,0,,2021
352,Josh Palmer,LAC,0,0.0,6,6.0,0,0.0,0,,2021
353,Breshad Perriman,TB,0,0.0,-3,-3.0,0,0.0,0,,2021
354,Trey Ragas,LV,0,1.0,7,7.0,2,2.0,0,,2021
355,Amari Rodgers,GB,0,1.0,6,6.0,5,5.0,0,,2021
356,Chester Rogers,TEN,0,0.0,5,5.0,4,4.0,0,,2021
357,John Ross,NYG,0,1.0,13,13.0,3,3.0,0,,2021
358,Sterling Shepard,NYG,0,0.0,-9,-9.0,0,0.0,1,1.0,2021
359,Cam Sims,WAS,0,0.0,5,5.0,2,2.0,0,,2021
360,Darius Slayton,NYG,0,0.0,-13,-13.0,0,0.0,0,,2021
361,Ito Smith,DAL,1,1.0,4,4.0,0,0.0,0,,2021
362,Jeff Smith,NYJ,0,0.0,-1,-1.0,0,0.0,0,,2021
363,Shi Smith,CAR,0,0.0,-3,-3.0,0,0.0,0,,2021
364,Tremon Smith,HOU,0,,5,5.0,2,2.0,0,,2021
365,Kenny Stills,NO,0,0.0,1,1.0,0,0.0,0,,2021
366,Adam Thielen,MIN,0,0.0,0,0.0,2,2.0,0,,2021
367,Quez Watkins,PHI,0,0.0,3,3.0,0,0.0,0,,2021
368,Derek Watt,PIT,0,1.0,0,0.0,1,1.0,0,,2021
369,Preston Williams,MIA,0,0.0,3,3.0,4,4.0,1,1.0,2021
370,Andrew Wingard,JAX,0,1.0,3,3.0,1,1.0,0,,2021
371,Olamide Zaccheaus,ATL,0,1.0,0,0.0,2,2.0,0,,2021
1,Derrick Henry,TEN,13,65.0,739,2.1,799,2.3,35,10.0,2022
2,Josh Jacobs,LV,12,93.0,832,2.4,821,2.4,31,11.0,2022
3,Nick Chubb,CLE,12,69.0,830,2.7,695,2.3,28,10.8,2022
4,Saquon Barkley,NYG,10,62.0,749,2.5,563,1.9,12,24.6,2022
5,Najee Harris,PIT,7,45.0,577,2.1,457,1.7,21,13.0,2022
6,Dalvin Cook,MIN,8,50.0,692,2.6,481,1.8,12,22.0,2022
7,Jamaal Williams,DET,17,65.0,626,2.4,440,1.7,13,20.2,2022
8,Miles Sanders,PHI,11,62.0,837,3.2,432,1.7,13,19.9,2022
9,Christian McCaffrey,2TM,8,59.0,683,2.8,456,1.9,10,24.4,2022
10,Ezekiel Elliott,DAL,12,52.0,520,2.3,356,1.5,9,25.7,2022
11,Kenneth Walker III,SEA,9,51.0,623,2.7,427,1.9,12,19.0,2022
12,Alvin Kamara,NO,2,40.0,450,2.0,447,2.0,7,31.9,2022
13,Travis Etienne,JAX,5,52.0,738,3.4,387,1.8,14,15.7,2022
14,Dameon Pierce,HOU,4,54.0,433,2.0,506,2.3,27,8.1,2022
15,Aaron Jones,GB,2,54.0,645,3.0,476,2.2,13,16.4,2022
16,Tyler Allgeier,ATL,3,53.0,609,2.9,426,2.0,5,42.0,2022
17,Joe Mixon,CIN,7,47.0,505,2.4,309,1.5,8,26.3,2022
18,Rhamondre Stevenson,NE,5,49.0,601,2.9,439,2.1,24,8.8,2022
19,Brian Robinson Jr.,WAS,2,49.0,457,2.2,340,1.7,8,25.6,2022
20,Austin Ekeler,LAC,13,46.0,529,2.6,386,1.9,5,40.8,2022
21,DOnta Foreman,CAR,5,45.0,505,2.5,409,2.0,10,20.3,2022
22,David Montgomery,CHI,5,41.0,405,2.0,396,2.0,20,10.1,2022
23,Tony Pollard,DAL,9,46.0,504,2.6,503,2.6,11,17.5,2022
24,Jonathan Taylor,IND,4,39.0,481,2.5,380,2.0,24,8.0,2022
25,Leonard Fournette,TB,3,39.0,382,2.0,286,1.5,4,47.3,2022
26,Cam Akers,LAR,7,39.0,379,2.0,407,2.2,13,14.5,2022
27,AJ Dillon,GB,7,47.0,453,2.4,317,1.7,6,31.0,2022
28,James Conner,ARI,7,48.0,444,2.4,338,1.8,5,36.6,2022
29,Raheem Mostert,MIA,3,44.0,512,2.8,379,2.1,16,11.3,2022
30,Devin Singletary,BUF,5,43.0,546,3.1,273,1.5,9,19.7,2022
31,Jeff Wilson,2TM,5,43.0,582,3.3,278,1.6,9,19.6,2022
32,Latavius Murray,2TM,6,44.0,478,2.8,282,1.6,5,34.2,2022
33,Isiah Pacheco,KC,5,37.0,537,3.2,293,1.7,4,42.5,2022
34,Jalen Hurts,PHI,13,67.0,627,3.8,133,0.8,8,20.6,2022
35,Justin Fields,CHI,8,65.0,856,5.4,287,1.8,10,16.0,2022
36,Antonio Gibson,WAS,3,32.0,326,2.2,220,1.5,5,29.8,2022
37,Cordarrelle Patterson,ATL,8,39.0,414,2.9,281,2.0,4,36.0,2022
38,Khalil Herbert,CHI,4,26.0,404,3.1,327,2.5,9,14.3,2022
39,Rachaad White,TB,1,27.0,315,2.4,166,1.3,4,32.3,2022
40,Josh Allen,BUF,7,55.0,592,4.8,170,1.4,5,24.8,2022
41,Kareem Hunt,CLE,3,30.0,233,1.9,235,1.9,6,20.5,2022
42,Daniel Jones,NYG,7,57.0,562,4.7,146,1.2,2,60.0,2022
43,Michael Carter,NYJ,3,14.0,270,2.4,132,1.2,7,16.3,2022
44,Lamar Jackson,BAL,3,47.0,542,4.8,222,2.0,14,8.0,2022
45,James Robinson,2TM,3,22.0,288,2.6,137,1.2,6,18.3,2022
46,Kenyan Drake,BAL,4,21.0,355,3.3,127,1.2,0,,2022
47,Damien Harris,NE,3,23.0,304,2.9,158,1.5,5,21.2,2022
48,DAndre Swift,DET,5,21.0,369,3.7,173,1.7,5,19.8,2022
49,Taysom Hill,NO,7,34.0,354,3.7,221,2.3,1,96.0,2022
50,Chuba Hubbard,CAR,2,23.0,295,3.1,171,1.8,4,23.8,2022
51,Samaje Perine,CIN,2,19.0,232,2.4,162,1.7,5,19.0,2022
52,Zack Moss,2TM,1,18.0,263,2.8,193,2.1,8,11.6,2022
53,J.K. Dobbins,BAL,2,26.0,319,3.5,201,2.2,9,10.2,2022
54,Melvin Gordon,DEN,2,15.0,168,1.9,150,1.7,5,18.0,2022
55,James Cook,BUF,2,25.0,329,3.7,178,2.0,3,29.7,2022
56,Gus Edwards,BAL,3,30.0,248,2.9,185,2.1,6,14.5,2022
57,Zonovan Knight,NYJ,1,14.0,214,2.5,86,1.0,2,42.5,2022
58,Marcus Mariota,ATL,4,30.0,333,3.9,105,1.2,1,85.0,2022
59,Breece Hall,NYJ,4,20.0,332,4.2,131,1.6,3,26.7,2022
60,Eno Benjamin,3TM,2,14.0,160,2.1,153,2.0,7,11.0,2022
61,Jaylen Warren,PIT,1,20.0,242,3.1,137,1.8,5,15.4,2022
62,Caleb Huntley,ATL,1,18.0,219,2.9,147,1.9,0,,2022
63,Joe Burrow,CIN,5,28.0,220,2.9,37,0.5,0,,2022
64,Alexander Mattison,MIN,5,21.0,171,2.3,112,1.5,6,12.3,2022
65,Jerick McKinnon,KC,1,12.0,180,2.5,111,1.5,6,12.0,2022
66,Clyde Edwards-Helaire,KC,3,15.0,134,1.9,168,2.4,3,23.7,2022
67,Darrell Henderson,LAR,3,14.0,185,2.6,98,1.4,2,35.0,2022
68,Joshua Kelley,LAC,2,16.0,165,2.4,122,1.8,4,17.3,2022
69,Chase Edmonds,2TM,2,8.0,154,2.3,91,1.3,0,,2022
70,Deon Jackson,IND,1,13.0,136,2.0,100,1.5,1,68.0,2022
71,Geno Smith,SEA,1,24.0,326,4.8,40,0.6,2,34.0,2022
72,Kyler Murray,ARI,3,23.0,395,5.9,23,0.3,2,33.5,2022
73,Mark Ingram,NO,1,12.0,139,2.2,94,1.5,4,15.5,2022
74,Trevor Lawrence,JAX,5,27.0,255,4.1,36,0.6,3,20.7,2022
75,Patrick Mahomes,KC,4,25.0,345,5.7,13,0.2,0,,2022
76,Rashaad Penny,SEA,2,15.0,169,3.0,177,3.1,2,28.5,2022
77,Kenny Pickett,PIT,3,23.0,207,3.8,30,0.5,0,,2022
78,Russell Wilson,DEN,3,21.0,256,4.7,21,0.4,0,,2022
79,Matt Breida,NYG,1,13.0,151,2.8,69,1.3,2,27.0,2022
80,Justin Herbert,LAC,0,17.0,138,2.6,9,0.2,0,,2022
81,Boston Scott,PHI,3,12.0,170,3.1,47,0.9,2,27.0,2022
82,Kenneth Gainwell,PHI,4,17.0,169,3.2,71,1.3,2,26.5,2022
83,Jacoby Brissett,CLE,2,28.0,170,3.5,73,1.5,2,24.5,2022
84,Justice Hill,BAL,0,15.0,176,3.6,86,1.8,7,7.0,2022
85,Mac Jones,NE,1,12.0,91,1.9,11,0.2,0,,2022
86,Javonte Williams,DEN,0,9.0,94,2.0,110,2.3,6,7.8,2022
87,Jamycal Hasty,JAX,2,7.0,145,3.2,49,1.1,5,9.2,2022
88,Elijah Mitchell,SF,2,15.0,170,3.8,109,2.4,2,22.5,2022
89,Dak Prescott,DAL,1,19.0,132,2.9,50,1.1,1,45.0,2022
90,Tyler Huntley,BAL,1,12.0,132,3.1,5,0.1,0,,2022
91,Jordan Mason,SF,1,10.0,123,2.9,135,3.1,3,14.3,2022
92,Justin Jackson,DET,1,8.0,90,2.1,80,1.9,3,14.0,2022
93,Dare Ogunbowale,HOU,1,10.0,87,2.1,36,0.9,0,,2022
94,Deebo Samuel,SF,3,8.0,127,3.0,105,2.5,3,14.0,2022
95,Royce Freeman,HOU,0,7.0,92,2.2,25,0.6,2,20.5,2022
96,Malik Davis,DAL,1,6.0,119,3.1,42,1.1,2,19.0,2022
97,Curtis Samuel,WAS,1,11.0,121,3.2,66,1.7,1,38.0,2022
98,Jonathan Williams,WAS,0,6.0,62,1.7,90,2.4,1,37.0,2022
99,Sony Michel,LAC,0,8.0,42,1.2,64,1.8,3,12.0,2022
100,Deshaun Watson,CLE,1,10.0,140,3.9,35,1.0,0,,2022
101,DeeJay Dallas,SEA,0,9.0,131,3.7,55,1.6,3,11.7,2022
102,Kyren Williams,LAR,0,6.0,80,2.3,59,1.7,0,,2022
103,Tyrion Davis-Price,SF,0,5.0,46,1.4,53,1.6,2,17.0,2022
104,Aaron Rodgers,GB,1,9.0,82,2.4,12,0.4,0,,2022
105,Ryan Tannehill,TEN,2,12.0,77,2.3,21,0.6,1,34.0,2022
106,Davis Mills,HOU,2,8.0,107,3.3,1,0.0,0,,2022
107,Gary Brightwell,NYG,1,9.0,82,2.6,59,1.9,1,31.0,2022
108,Kirk Cousins,MIN,2,11.0,66,2.1,31,1.0,0,,2022
109,Baker Mayfield,2TM,1,7.0,70,2.3,19,0.6,1,31.0,2022
110,Andy Dalton,NO,0,6.0,45,1.5,9,0.3,0,,2022
111,Ty Johnson,NYJ,1,5.0,72,2.4,88,2.9,7,4.3,2022
112,Tom Brady,TB,1,5.0,-6,-0.2,5,0.2,0,,2022
113,Jared Goff,DET,0,5.0,67,2.3,6,0.2,0,,2022
114,Taylor Heinicke,WAS,1,6.0,71,2.5,25,0.9,1,28.0,2022
115,Zach Wilson,NYJ,1,7.0,98,3.5,4,0.1,0,,2022
116,Keaontay Ingram,ARI,1,4.0,24,0.9,36,1.3,0,,2022
117,Matt Ryan,IND,1,9.0,59,2.2,11,0.4,0,,2022
118,Malik Willis,TEN,1,8.0,89,3.3,34,1.3,3,9.0,2022
119,Rex Burkhead,HOU,0,4.0,49,1.9,31,1.2,2,13.0,2022
120,Sam Darnold,CAR,2,10.0,82,3.2,24,0.9,0,,2022
121,Hassan Haskins,TEN,0,5.0,31,1.2,62,2.5,2,12.5,2022
122,Mike Boone,DEN,0,6.0,69,2.9,33,1.4,3,8.0,2022
123,Derek Carr,LV,0,10.0,90,3.8,12,0.5,0,,2022
124,Trestan Ebner,CHI,0,2.0,24,1.0,30,1.3,1,24.0,2022
125,Nyheim Hines,2TM,1,2.0,24,1.0,9,0.4,0,,2022
126,Raheem Blackshear,CAR,3,7.0,38,1.7,39,1.7,1,23.0,2022
127,Jimmy Garoppolo,SF,2,12.0,14,0.6,19,0.8,0,,2022
128,Craig Reynolds,DET,0,4.0,68,3.0,34,1.5,0,,2022
129,Tua Tagovailoa,MIA,0,4.0,61,2.7,9,0.4,0,,2022
130,Dontrell Hilliard,TEN,0,4.0,109,5.0,36,1.6,0,,2022
131,J.D. McKissic,WAS,0,5.0,64,2.9,31,1.4,1,22.0,2022
132,Brock Purdy,SF,1,5.0,6,0.3,7,0.3,0,,2022
133,Carson Wentz,WAS,1,4.0,65,3.0,21,1.0,1,22.0,2022
134,Avery Williams,ATL,1,6.0,83,3.8,26,1.2,0,,2022
135,Darrel Williams,ARI,1,8.0,78,3.7,24,1.1,0,,2022
136,Jeff Driskel,HOU,0,4.0,50,2.5,25,1.3,1,20.0,2022
137,Benny Snell Jr.,PIT,1,6.0,54,2.7,36,1.8,0,,2022
138,Travis Homer,SEA,0,4.0,42,2.2,32,1.7,1,19.0,2022
139,Bryce Perkins,LAR,0,6.0,53,2.8,37,1.9,0,,2022
140,Mitchell Trubisky,PIT,2,7.0,23,1.2,15,0.8,1,19.0,2022
141,Malcolm Brown,LAR,1,3.0,62,3.4,19,1.1,2,9.0,2022
142,Kevin Harris,NE,1,3.0,29,1.6,23,1.3,3,6.0,2022
143,Isaiah Spiller,LAC,0,2.0,17,0.9,24,1.3,0,,2022
144,Brandon Bolden,LV,0,3.0,50,2.9,16,0.9,0,,2022
145,Sam Ehlinger,IND,0,5.0,80,4.7,7,0.4,0,,2022
146,Ronald Jones II,KC,1,4.0,47,2.8,23,1.4,1,17.0,2022
147,Jaret Patterson,WAS,0,3.0,40,2.4,38,2.2,0,,2022
148,Brandon Powell,LAR,0,6.0,51,3.0,29,1.7,0,,2022
149,KeShawn Vaughn,TB,0,3.0,41,2.4,12,0.7,1,17.0,2022
150,Zamir White,LV,0,4.0,39,2.3,31,1.8,0,,2022
151,Trey Lance,SF,0,7.0,50,3.1,17,1.1,2,8.0,2022
152,Marlon Mack,2TM,1,4.0,61,3.8,23,1.4,2,8.0,2022
153,Desmond Ridder,ATL,0,4.0,49,3.1,15,0.9,0,,2022
154,Corey Clement,ARI,1,6.0,41,2.7,14,0.9,0,,2022
155,Phillip Lindsay,IND,0,1.0,30,2.0,19,1.3,0,,2022
156,Trace McSorley,ARI,0,3.0,56,3.7,5,0.3,0,,2022
157,Darrynton Evans,CHI,0,3.0,37,2.6,27,1.9,0,,2022
158,Colt McCoy,ARI,0,5.0,16,1.1,20,1.4,1,14.0,2022
159,Jarrett Stidham,LV,0,7.0,79,5.6,5,0.4,0,,2022
160,Skylar Thompson,MIA,0,1.0,20,1.4,1,0.1,0,,2022
161,Larry Rountree,LAC,0,0.0,9,0.7,10,0.8,0,,2022
162,Steven Sims,PIT,0,5.0,65,5.0,5,0.4,0,,2022
163,Matthew Stafford,LAR,1,3.0,3,0.2,6,0.5,1,13.0,2022
164,Jordan Wilkins,IND,0,2.0,41,3.2,17,1.3,0,,2022
165,Jamal Agnew,JAX,0,6.0,80,6.7,6,0.5,1,12.0,2022
166,Salvon Ahmed,MIA,1,4.0,37,3.1,27,2.3,1,12.0,2022
167,Tevin Coleman,SF,1,2.0,13,1.1,13,1.1,0,,2022
168,Snoop Conner,JAX,1,2.0,31,2.6,11,0.9,0,,2022
169,Devin Duvernay,BAL,1,7.0,75,6.3,9,0.8,0,,2022
170,David Johnson,NO,0,0.0,6,0.5,18,1.5,0,,2022
171,Dwayne Washington,NO,0,2.0,17,1.5,21,1.9,1,11.0,2022
172,Myles Gaskin,MIA,0,2.0,14,1.4,12,1.2,0,,2022
173,Tony Jones,2TM,0,3.0,12,1.2,12,1.2,1,10.0,2022
174,CeeDee Lamb,DAL,0,3.0,36,3.6,11,1.1,1,10.0,2022
175,D.J. Moore,CAR,0,3.0,37,3.7,16,1.6,0,,2022
176,Pierre Strong,NE,1,5.0,81,8.1,19,1.9,0,,2022
177,J.J. Taylor,NE,0,,4,0.4,5,0.5,1,10.0,2022
178,Patrick Taylor,GB,0,2.0,13,1.3,18,1.8,0,,2022
179,Bailey Zappe,NE,0,0.0,0,0.0,0,0.0,0,,2022
180,Tutu Atwell,LAR,1,2.0,25,2.8,9,1.0,0,,2022
181,Braxton Berrios,NYJ,2,5.0,72,8.0,19,2.1,0,,2022
182,Spencer Brown,CAR,0,1.0,32,3.6,11,1.2,0,,2022
183,Julius Chestnut,TEN,0,1.0,5,0.6,7,0.8,1,9.0,2022
184,Chase Claypool,2TM,0,3.0,45,5.0,14,1.6,0,,2022
185,Velus Jones Jr.,CHI,1,5.0,66,7.3,37,4.1,1,9.0,2022
186,Cooper Kupp,LAR,1,4.0,44,4.9,8,0.9,0,,2022
187,Isaiah McKenzie,BUF,1,3.0,47,5.2,8,0.9,0,,2022
188,Kene Nwangwu,MIN,0,1.0,4,0.4,10,1.1,0,,2022
189,Ronnie Rivers,LAR,0,1.0,16,1.8,5,0.6,0,,2022
190,Cooper Rush,DAL,0,1.0,6,0.7,0,0.0,0,,2022
191,Laviska Shenault Jr.,CAR,1,1.0,61,6.8,4,0.4,0,,2022
192,Amon-Ra St. Brown,DET,0,3.0,80,8.9,15,1.7,0,,2022
193,Chris Streveler,NYJ,0,1.0,42,4.7,12,1.3,0,,2022
194,Derek Watt,PIT,1,8.0,12,1.3,9,1.0,0,,2022
195,Giovani Bernard,TB,0,,26,3.3,2,0.3,0,,2022
196,Mike Davis,BAL,0,1.0,13,1.6,5,0.6,1,8.0,2022
197,Joshua Dobbs,TEN,0,4.0,37,4.6,7,0.9,0,,2022
198,Jerome Ford,CLE,0,1.0,-1,-0.1,13,1.6,0,,2022
199,Gunner Olszewski,PIT,0,3.0,25,3.1,14,1.8,0,,2022
200,John Wolford,LAR,0,2.0,25,3.1,7,0.9,0,,2022
201,Greg Dortch,ARI,0,3.0,28,4.0,16,2.3,0,,2022
202,Tyreek Hill,MIA,1,3.0,26,3.7,6,0.9,1,7.0,2022
203,Diontae Johnson,PIT,0,1.0,19,2.7,6,0.9,0,,2022
204,Kyle Juszczyk,SF,1,5.0,12,1.7,14,2.0,0,,2022
205,Terry McLaurin,WAS,0,2.0,23,3.3,6,0.9,0,,2022
206,Gardner Minshew II,PHI,1,1.0,3,0.4,0,0.0,0,,2022
207,Kalif Raymond,DET,0,4.0,24,3.4,12,1.7,0,,2022
208,Patrick Ricard,BAL,0,5.0,7,1.0,9,1.3,0,,2022
209,Kadarius Toney,2TM,1,5.0,55,7.9,27,3.9,1,7.0,2022
210,Christian Watson,GB,2,2.0,77,11.0,3,0.4,0,,2022
211,Kyle Allen,HOU,0,2.0,12,2.0,1,0.2,0,,2022
212,Kendrick Bourne,NE,0,2.0,25,4.2,14,2.3,2,3.0,2022
213,Ty Chandler,MIN,0,1.0,8,1.3,12,2.0,0,,2022
214,Alec Ingold,MIA,1,5.0,3,0.5,5,0.8,0,,2022
215,Anthony McFarland Jr.,PIT,0,3.0,16,2.7,14,2.3,1,6.0,2022
216,Rondale Moore,ARI,0,1.0,-7,-1.2,2,0.3,0,,2022
217,Brett Rypien,DEN,0,2.0,6,1.0,1,0.2,0,,2022
218,Equanimeous St. Brown,CHI,0,2.0,42,7.0,12,2.0,0,,2022
219,P.J. Walker,CAR,0,3.0,28,4.7,11,1.8,1,6.0,2022
220,Davis Webb,NYG,1,2.0,41,6.8,0,0.0,0,,2022
221,Mike White,NYJ,1,3.0,7,1.2,2,0.3,0,,2022
222,Trayveon Williams,CIN,0,1.0,9,1.5,21,3.5,1,6.0,2022
223,Michael Burton,KC,0,2.0,4,0.8,3,0.6,0,,2022
224,Parris Campbell,IND,0,2.0,41,8.2,17,3.4,0,,2022
225,JaMarr Chase,CIN,0,0.0,6,1.2,2,0.4,0,,2022
226,Chad Henne,KC,0,,-5,-1.0,0,0.0,0,,2022
227,Sam Howell,WAS,1,4.0,30,6.0,5,1.0,0,,2022
228,Julio Jones,TB,0,4.0,38,7.6,7,1.4,0,,2022
229,Case Keenum,BUF,0,,0,0.0,0,0.0,0,,2022
230,Christian Kirk,JAX,0,0.0,4,0.8,7,1.4,1,5.0,2022
231,Elijah Moore,NYJ,0,2.0,-4,-0.8,9,1.8,0,,2022
232,Nate Sudfeld,DET,0,,-4,-0.8,0,0.0,0,,2022
233,Tyrod Taylor,NYG,0,5.0,64,12.8,6,1.2,0,,2022
234,Jonathan Ward,2TM,0,2.0,16,3.2,9,1.8,0,,2022
235,Montrell Washington,DEN,0,,10,2.0,20,4.0,2,2.5,2022
236,Jameis Winston,NO,0,0.0,7,1.4,9,1.8,0,,2022
237,Ameer Abdullah,LV,0,2.0,13,3.3,7,1.8,0,,2022
238,C.J. Beathard,JAX,0,0.0,-4,-1.0,0,0.0,0,,2022
239,David Blough,ARI,0,0.0,5,1.3,0,0.0,0,,2022
240,Treylon Burks,TEN,0,3.0,32,8.0,15,3.8,0,,2022
241,Pharoh Cooper,ARI,0,,12,3.0,3,0.8,1,4.0,2022
242,C.J. Ham,MIN,2,3.0,5,1.3,2,0.5,0,,2022
243,Mecole Hardman,KC,2,3.0,27,6.8,4,1.0,1,4.0,2022
244,Mack Hollins,LV,0,2.0,38,9.5,2,0.5,0,,2022
245,Zander Horvath,LAC,0,2.0,6,1.5,2,0.5,0,,2022
246,Justin Jefferson,MIN,1,2.0,21,5.3,3,0.8,0,,2022
247,Jerry Jeudy,DEN,0,4.0,35,8.8,5,1.3,0,,2022
248,DErnest Johnson,CLE,0,1.0,5,1.3,12,3.0,0,,2022
249,Zay Jones,JAX,0,1.0,16,4.0,2,0.5,0,,2022
250,Ray-Ray McCloud,SF,1,1.0,76,19.0,2,0.5,0,,2022
251,Nick Mullens,MIN,0,1.0,7,1.8,1,0.3,0,,2022
252,Adam Prentice,NO,0,3.0,3,0.8,6,1.5,0,,2022
253,Jalen Reagor,MIN,0,1.0,21,5.3,4,1.0,0,,2022
254,Anthony Schwartz,CLE,1,2.0,55,13.8,2,0.5,0,,2022
255,Rashid Shaheed,NO,1,2.0,41,10.3,16,4.0,1,4.0,2022
256,Trevor Siemian,CHI,0,1.0,8,2.0,0,0.0,0,,2022
257,Trent Taylor,CIN,0,0.0,12,3.0,3,0.8,1,4.0,2022
258,DJ Turner,LV,0,1.0,7,1.8,19,4.8,0,,2022
259,Garrett Wilson,NYJ,0,0.0,4,1.0,0,0.0,0,,2022
260,Davante Adams,LV,0,0.0,-1,-0.3,0,0.0,1,3.0,2022
261,Brandon Allen,CIN,0,1.0,-1,-0.3,0,0.0,0,,2022
262,Mark Andrews,BAL,0,3.0,4,1.3,4,1.3,0,,2022
263,Reggie Bonnafon,WAS,0,,5,1.7,3,1.0,0,,2022
264,Teddy Bridgewater,MIA,0,2.0,25,8.3,2,0.7,0,,2022
265,Anthony Brown,BAL,0,0.0,-5,-1.7,0,0.0,0,,2022
266,Joe Flacco,NYJ,0,1.0,6,2.0,0,0.0,0,,2022
267,Chris Godwin,TB,0,0.0,4,1.3,1,0.3,0,,2022
268,Godwin Igwebuike,SEA,0,,4,1.3,0,0.0,0,,2022
269,Chris Moore,HOU,0,0.0,2,0.7,1,0.3,0,,2022
270,Skyy Moore,KC,0,1.0,21,7.0,3,1.0,0,,2022
271,Chigoziem Okonkwo,TEN,0,0.0,0,0.0,2,0.7,0,,2022
272,K.J. Osborn,MIN,0,2.0,2,0.7,4,1.3,1,3.0,2022
273,Devine Ozigbo,DEN,0,,2,0.7,2,0.7,0,,2022
274,George Pickens,PIT,1,2.0,20,6.7,4,1.3,0,,2022
275,Michael Pittman Jr.,IND,0,2.0,24,8.0,6,2.0,0,,2022
276,Tyquan Thornton,NE,1,1.0,16,5.3,0,0.0,0,,2022
277,KaVontae Turpin,DAL,0,1.0,17,5.7,0,0.0,0,,2022
278,Jaylen Waddle,MIA,0,0.0,16,5.3,10,3.3,0,,2022
279,Quez Watkins,PHI,0,0.0,1,0.3,0,0.0,0,,2022
280,Brandon Aiyuk,SF,0,1.0,15,7.5,8,4.0,0,,2022
281,Andrew Beck,DEN,0,0.0,-1,-0.5,1,0.5,0,,2022
282,Tim Boyle,CHI,0,0.0,-2,-1.0,0,0.0,0,,2022
283,DeAndre Carter,LAC,0,0.0,-15,-7.5,0,0.0,0,,2022
284,Tyler Conklin,NYJ,0,2.0,2,1.0,1,0.5,0,,2022
285,Brandin Cooks,HOU,0,0.0,7,3.5,0,0.0,0,,2022
286,Michael Dickson,SEA,0,,-18,-9.0,0,0.0,0,,2022
287,Jahan Dotson,WAS,0,0.0,-8,-4.0,1,0.5,0,,2022
288,Ashton Dulin,IND,0,1.0,6,3.0,2,1.0,0,,2022
289,Evan Engram,JAX,0,1.0,13,6.5,0,0.0,0,,2022
290,DWayne Eskridge,SEA,0,0.0,9,4.5,1,0.5,0,,2022
291,Nick Foles,IND,0,0.0,8,4.0,0,0.0,0,,2022
292,Jamie Gillan,NYG,0,,-3,-1.5,0,0.0,0,,2022
293,Marquise Goodwin,SEA,0,0.0,5,2.5,0,0.0,0,,2022
294,KJ Hamler,DEN,0,1.0,13,6.5,10,5.0,1,2.0,2022
295,Connor Heyward,PIT,0,2.0,24,12.0,3,1.5,0,,2022
296,Kendall Hinton,DEN,0,1.0,13,6.5,0,0.0,0,,2022
297,Richie James,NYG,0,0.0,2,1.0,4,2.0,1,2.0,2022
298,Duke Johnson,BUF,0,1.0,1,0.5,3,1.5,0,,2022
299,Josh Johnson,SF,0,0.0,-1,-0.5,4,2.0,0,,2022
300,Travis Kelce,KC,0,1.0,1,0.5,4,2.0,0,,2022
301,Cole Kmet,CHI,0,1.0,9,4.5,0,0.0,0,,2022
302,Allen Lazard,GB,0,0.0,-1,-0.5,1,0.5,0,,2022
303,Jakobi Meyers,NE,0,2.0,-15,-7.5,4,2.0,0,,2022
304,Ty Montgomery,NE,0,0.0,-2,-1.0,0,0.0,0,,2022
305,C.J. Moore,DET,0,2.0,55,27.5,0,0.0,0,,2022
306,David Njoku,CLE,0,0.0,-8,-4.0,0,0.0,0,,2022
307,Breshad Perriman,TB,0,0.0,-7,-3.5,0,0.0,0,,2022
308,Nathan Peterman,CHI,0,0.0,6,3.0,1,0.5,0,,2022
309,Dante Pettis,CHI,0,2.0,37,18.5,0,0.0,0,,2022
310,WanDale Robinson,NYG,0,0.0,-1,-0.5,0,0.0,0,,2022
311,Amari Rodgers,2TM,0,0.0,7,3.5,0,0.0,0,,2022
312,Armani Rogers,WAS,0,1.0,1,0.5,25,12.5,0,,2022
313,Trey Sermon,PHI,0,2.0,10,5.0,9,4.5,0,,2022
314,Durham Smythe,MIA,1,1.0,0,0.0,1,0.5,0,,2022
315,Deven Thompkins,TB,0,1.0,22,11.0,4,2.0,0,,2022
316,Damien Williams,ATL,0,,0,0.0,2,1.0,0,,2022
317,Olamide Zaccheaus,ATL,0,1.0,-6,-3.0,13,6.5,0,,2022
318,Keenan Allen,LAC,0,1.0,6,6.0,2,2.0,0,,2022
319,Marcus Allen,PIT,0,1.0,4,4.0,0,0.0,0,,2022
320,Bryan Anger,DAL,0,,0,0.0,0,0.0,0,,2022
321,Tyler Badie,DEN,0,0.0,0,0.0,0,0.0,0,,2022
322,Daniel Bellinger,NYG,1,1.0,0,0.0,2,2.0,0,,2022
323,Nick Bellore,SEA,0,,1,1.0,2,2.0,0,,2022
324,Dyami Brown,WAS,0,1.0,15,15.0,0,0.0,0,,2022
325,Marquise Brown,ARI,0,0.0,0,0.0,1,1.0,0,,2022
326,Harrison Bryant,CLE,0,1.0,6,6.0,2,2.0,0,,2022
327,Jason Cabinda,DET,0,1.0,4,4.0,0,0.0,0,,2022
328,Sean Chandler,CAR,0,1.0,0,0.0,2,2.0,0,,2022
329,Chase Daniel,LAC,0,0.0,4,4.0,0,0.0,0,,2022
330,Jaelon Darden,2TM,0,0.0,2,2.0,0,0.0,0,,2022
331,Ashtyn Davis,NYJ,0,1.0,1,1.0,1,1.0,0,,2022
332,Stefon Diggs,BUF,0,0.0,-3,-3.0,0,0.0,0,,2022
333,Romeo Doubs,GB,0,1.0,11,11.0,0,0.0,0,,2022
334,Gerald Everett,LAC,0,0.0,0,0.0,0,0.0,0,,2022
335,Matthias Farley,LV,0,,-3,-3.0,0,0.0,0,,2022
336,Clayton Fejedelem,MIA,0,,0,0.0,0,0.0,0,,2022
337,Demetric Felton,CLE,0,,-4,-4.0,0,0.0,0,,2022
338,Feleipe Franks,ATL,0,,0,0.0,0,0.0,0,,2022
339,Kylen Granson,IND,0,0.0,0,0.0,0,0.0,0,,2022
340,Danny Gray,SF,0,0.0,2,2.0,7,7.0,0,,2022
341,Noah Gray,KC,1,1.0,1,1.0,0,0.0,0,,2022
342,Peyton Hendershot,DAL,1,1.0,2,2.0,0,0.0,0,,2022
343,Kylin Hill,GB,0,1.0,2,2.0,5,5.0,0,,2022
344,Jordan Howard,NO,0,,0,0.0,1,1.0,0,,2022
345,Robert Hunt,MIA,0,,0,0.0,0,0.0,0,,2022
346,Trenton Irwin,CIN,0,1.0,8,8.0,3,3.0,0,,2022
347,Andy Isabella,2TM,0,0.0,1,1.0,0,0.0,0,,2022
348,Dallin Leavitt,GB,0,,0,0.0,0,0.0,0,,2022
349,Jordan Love,GB,0,0.0,-1,-1.0,0,0.0,0,,2022
350,Racey McMath,TEN,0,0.0,1,1.0,3,3.0,0,,2022
351,Scott Miller,TB,0,0.0,8,8.0,0,0.0,0,,2022
352,Darnell Mooney,CHI,0,0.0,0,0.0,2,2.0,0,,2022
353,Josh Palmer,LAC,0,1.0,1,1.0,3,3.0,0,,2022
354,Zach Pascal,PHI,0,0.0,0,0.0,0,0.0,0,,2022
355,Donovan Peoples-Jones,CLE,0,0.0,2,2.0,0,0.0,0,,2022
356,Ben Skowronek,LAR,1,1.0,17,17.0,0,0.0,0,,2022
357,Jonnu Smith,NE,0,1.0,5,5.0,0,0.0,0,,2022
358,Keith Smith,ATL,0,1.0,0,0.0,2,2.0,0,,2022
359,Ihmir Smith-Marsette,2TM,0,,-1,-1.0,0,0.0,0,,2022
360,M.J. Stewart,HOU,0,1.0,1,1.0,2,2.0,0,,2022
361,Courtland Sutton,DEN,0,0.0,3,3.0,2,2.0,0,,2022
362,Adam Thielen,MIN,0,0.0,3,3.0,1,1.0,0,,2022
363,Marquez Valdes-Scantling,KC,0,0.0,-3,-3.0,0,0.0,1,1.0,2022
364,Jameson Williams,DET,0,1.0,37,37.0,3,3.0,0,,2022
365,Cedrick Wilson Jr.,MIA,0,0.0,1,1.0,7,7.0,1,1.0,2022
366,Michael Woods II,CLE,0,0.0,-5,-5.0,0,0.0,0,,2022
