Player,Tm,Age,Att_rush,Tgt,TD_rush,TD_rec,Team_Yds,Team_Tgt,VBD,PPR,Year
Devonta Freeman,ATL,23,265,97,11,3,6208,571,123,316.4,2015
Adrian Peterson,MIN,30,327,36,11,0,5351,421,110,260.7,2015
Doug Martin,TB,26,288,44,6,1,6204,525,79,232.3,2015
DeAngelo Williams,PIT,32,200,47,11,0,6546,583,71,231.4,2015
Todd Gurley,STL,21,229,26,10,0,4843,465,67,208.4,2015
Lamar Miller,MIA,24,194,57,8,2,5605,574,64,231.9,2015
David Johnson,ARI,24,125,57,8,4,6692,549,59,215.8,2015
Chris Ivory,NYJ,27,247,37,7,1,6038,601,52,202.7,2015
Matt Forte,CHI,30,218,58,4,3,5505,516,50,214.7,2015
Latavius Murray,OAK,25,266,53,6,0,5589,567,43,204.8,2015
Frank Gore,IND,32,260,58,6,1,5307,596,39,193.4,2015
Darren McFadden,DAL,28,239,53,3,0,3253,507,35,195.7,2015
Jeremy Hill,CIN,23,223,19,11,1,5909,490,35,170.3,2015
Mark Ingram,NO,26,166,60,6,0,6675,628,33,203.4,2015
Jonathan Stewart,CAR,28,242,21,6,1,6156,495,26,162.8,2015
LeSean McCoy,BUF,27,203,50,3,2,5988,397,26,178.7,2015
DeMarco Murray,PHI,27,193,55,6,1,6084,620,20,184.4,2015
Ronnie Hillman,DEN,24,207,35,7,0,5934,575,17,161.4,2015
Rashad Jennings,NYG,30,195,40,3,1,6109,614,15,164.9,2015
Giovani Bernard,CIN,24,154,66,2,0,5909,490,12,181.2,2015
Charles Sims,TB,25,107,70,0,4,6204,525,8,180.0,2015
Jeremy Langford,CHI,24,148,42,6,1,5505,516,5,147.6,2015
James Starks,GB,29,148,53,2,3,5667,565,3,166.3,2015
Eddie Lacy,GB,25,187,28,3,2,5667,565,0,140.6,2015
T.J. Yeldon,JAX,22,182,46,2,1,5847,597,0,155.9,2015
Isaiah Crowell,CLE,22,185,22,4,1,5605,590,0,137.8,2015
Thomas Rawls,SEA,22,147,11,4,1,6082,452,0,127.6,2015
LeGarrette Blount,NE,29,165,7,6,1,6216,623,0,122.6,2015
C.J. Anderson,DEN,24,152,36,5,0,5934,575,0,141.3,2015
Charcandrick West,KC,24,160,34,4,1,5533,463,0,132.8,2015
Karlos Williams,BUF,22,93,14,7,2,5988,397,0,124.3,2015
Darren Sproles,PHI,32,83,83,3,1,6084,620,0,161.5,2015
Ryan Mathews,PHI,28,106,28,6,1,6084,620,0,124.5,2015
Duke Johnson,CLE,22,104,74,0,2,5605,590,0,164.3,2015
Javorius Allen,BAL,24,137,62,1,2,4591,580,0,145.7,2015
Chris Johnson,ARI,30,196,13,3,0,6692,549,0,107.2,2015
Shane Vereen,NYG,26,61,81,0,4,6109,614,0,158.4,2015
Theo Riddick,DET,24,43,99,0,3,5764,622,0,179.0,2015
Alfred Blue,HOU,24,183,16,2,1,4694,612,0,111.7,2015
Matt Jones,WAS,22,144,25,3,1,5808,544,0,114.4,2015
Ameer Abdullah,DET,22,143,38,2,1,5764,622,0,117.0,2015
Antonio Andrews,TEN,23,143,29,3,0,5327,537,0,112.0,2015
Justin Forsett,BAL,30,151,41,2,0,4591,580,0,122.4,2015
Bilal Powell,NYJ,27,70,63,1,2,6038,601,0,135.1,2015
Le'Veon Bell,PIT,23,113,26,3,0,6546,583,0,111.2,2015
Alfred Morris,WAS,27,202,13,1,0,5808,544,0,96.6,2015
Joique Bell,DET,29,90,27,4,0,5764,622,0,105.7,2015
Dion Lewis,NE,25,49,50,2,2,6216,623,0,120.2,2015
James White,NE,23,22,54,2,4,6216,623,0,122.6,2015
Jamaal Charles,KC,29,71,29,4,1,5533,463,0,101.1,2015
Spencer Ware,KC,24,72,6,6,0,5533,463,0,82.8,2015
Melvin Gordon,SDG,22,184,37,0,0,6213,657,0,108.3,2015
Tim Hightower,NO,29,96,13,4,0,6675,628,0,86.4,2015
Carlos Hyde,SF,25,115,15,3,0,4759,439,0,81.3,2015
Marshawn Lynch,SEA,29,111,21,3,0,6082,452,0,82.7,2015
Mike Tolbert,CAR,30,62,23,1,3,6156,495,0,83.0,2015
Joseph Randle,DAL,24,76,10,4,0,3253,507,0,74.1,2015
Jerick McKinnon,MIN,23,52,29,2,1,5351,421,0,83.4,2015
Andre Ellington,ARI,26,45,24,3,0,6692,549,0,74.7,2015
Jonathan Grimes,HOU,26,56,31,1,1,4694,612,0,85.5,2015
Chris Thompson,WAS,25,35,48,0,2,5808,544,0,92.6,2015
Kyle Juszczyk,BAL,24,2,56,0,4,4591,580,0,97.4,2015
Chris Polk,HOU,26,99,28,1,1,4694,612,0,72.3,2015
Arian Foster,HOU,29,63,28,1,2,4694,612,0,77.0,2015
Khiry Robinson,NO,26,56,20,4,0,6675,628,0,70.5,2015
Brandon Bolden,NE,25,63,30,0,2,6216,623,0,69.7,2015
Shaun Draughn,2TM,28,78,35,1,0,4709,249,0,77.9,2015
Marcel Reece,OAK,30,10,37,0,3,5589,567,0,78.5,2015
Denard Robinson,JAX,25,67,30,1,0,5847,597,0,68.0,2015
C.J. Spiller,NO,28,36,44,0,2,6675,628,0,81.1,2015
Mike Gillislee,BUF,25,47,7,3,0,5988,397,0,51.6,2015
Fred Jackson,SEA,34,26,41,0,2,6082,452,0,77.7,2015
Bishop Sankey,TEN,23,47,22,1,1,5327,537,0,57.2,2015
Tevin Coleman,ATL,22,87,11,1,0,6208,571,0,42.6,2015
Benny Cunningham,STL,25,37,36,0,0,4843,465,0,65.0,2015
Donald Brown,SDG,28,59,13,1,0,6213,657,0,45.7,2015
Jay Ajayi,MIA,22,49,11,1,0,5605,574,0,42.7,2015
Ka'Deem Carey,CHI,23,43,3,2,1,5505,516,0,36.8,2015
Tre Mason,STL,22,75,25,1,0,4843,465,0,51.5,2015
Andre Williams,NYG,23,88,3,1,0,6109,614,0,35.4,2015
Ahmad Bradshaw,IND,29,31,14,0,3,5307,596,0,42.9,2015
Cameron Artis-Payne,CAR,25,45,5,1,0,6156,495,0,35.1,2015
Zach Line,MIN,25,6,9,2,1,5351,421,0,34.5,2015
Travaris Cadet,3TM,26,11,22,0,1,28,68,0,45.2,2015
Lance Dunbar,DAL,25,5,23,0,0,3253,507,0,49.2,2015
Robert Turbin,2TM,26,50,10,1,0,4709,249,0,35.2,2015
DuJuan Harris,2TM,27,48,14,0,0,4709,249,0,35.6,2015
Ty Montgomery,GB,22,3,19,0,2,5667,565,0,42.0,2015
Christine Michael,2TM,25,54,6,0,0,4709,249,0,28.9,2015
Jonas Gray,2TM,25,45,8,0,0,4709,249,0,32.2,2015
Jamize Olawale,OAK,26,24,11,1,0,5589,567,0,34.4,2015
Orleans Darkwa,NYG,23,36,5,1,0,6109,614,0,27.4,2015
Damien Williams,MIA,23,16,28,0,1,5605,574,0,45.1,2015
Patrick DiMarco,ATL,26,1,17,0,2,6208,571,0,36.0,2015
Terron Ward,ATL,23,29,13,1,0,6208,571,0,31.8,2015
Fozzy Whittaker,CAR,26,25,15,1,0,6156,495,0,35.2,2015
Taiwan Jones,OAK,27,16,9,0,1,5589,567,0,29.0,2015
Branden Oliver,SDG,24,31,15,0,0,6213,657,0,35.0,2015
Bruce Miller,SF,28,6,14,1,0,4759,439,0,30.9,2015
Zac Stacy,NYJ,24,31,12,1,0,6038,601,0,30.4,2015
Terrance West,2TM,24,62,5,0,0,4709,249,0,25.2,2015
David Cobb,TEN,22,52,2,1,0,5327,537,0,21.4,2015
John Kuhn,GB,33,9,10,2,0,5667,565,0,26.4,2015
Kerwynn Williams,ARI,24,27,2,1,0,6692,549,0,21.8,2015
Rhett Ellison,MIN,27,0,19,0,1,5351,421,0,29.4,2015
Jalston Fowler,TEN,25,7,6,1,1,5327,537,0,22.7,2015
Roy Helu,OAK,27,17,16,0,1,5589,567,0,26.4,2015
Knile Davis,KC,24,28,3,1,0,5533,463,0,17.6,2015
Anthony Dixon,BUF,28,21,7,1,0,5988,397,0,20.8,2015
Pierre Thomas,2TM,31,15,11,0,0,4709,249,0,23.8,2015
Rex Burkhead,CIN,25,4,15,0,1,5909,490,0,23.8,2015
Akeem Hunt,HOU,22,17,10,0,0,4694,612,0,19.5,2015
Lorenzo Taliaferro,BAL,24,13,5,1,0,4591,580,0,18.6,2015
Kenjon Barner,PHI,26,28,12,0,0,6084,620,0,21.6,2015
Bryce Brown,SEA,24,25,2,1,0,6082,452,0,13.2,2015
Dan Herron,2TM,26,25,10,0,0,4709,249,0,21.6,2015
Steven Jackson,NE,32,21,1,1,0,6216,623,0,14.0,2015
Kendall Gaskins,SF,25,16,10,0,0,4759,439,0,18.7,2015
Mike Davis,SF,22,35,13,0,0,4759,439,0,16.6,2015
Will Johnson,PIT,26,4,4,1,0,6546,583,0,12.3,2015
Juwan Thompson,DEN,23,18,9,0,0,5934,575,0,15.9,2015
Garrett Graham,HOU,29,0,19,0,1,4694,612,0,13.0,2015
Stevan Ridley,NYJ,26,36,5,0,0,6038,601,0,12.8,2015
Zurlon Tipton,IND,25,5,8,0,0,5307,596,0,12.7,2015
Toby Gerhart,JAX,28,20,5,0,0,5847,597,0,9.7,2015
Zach Zenner,DET,24,17,3,0,0,5764,622,0,9.1,2015
Tommy Bohanon,NYJ,25,2,8,0,0,6038,601,0,9.8,2015
Jarryd Hayne,SF,27,17,7,0,0,4759,439,0,11.9,2015
Stepfan Taylor,ARI,24,17,3,0,0,6692,549,0,7.2,2015
Fitzgerald Toussaint,PIT,25,18,0,0,0,6546,583,0,6.2,2015
Reggie Bush,SF,30,8,10,0,0,4759,439,0,8.7,2015
Joey Iosefa,NE,24,15,0,0,0,6216,623,0,5.1,2015
Josh Robinson,IND,23,17,6,0,0,5307,596,0,11.2,2015
Jacquizz Rodgers,CHI,25,14,3,0,0,5505,516,0,6.1,2015
Marcus Murphy,NO,24,1,0,0,0,6675,628,0,4.0,2015
Nick O'Leary,BUF,23,0,3,0,0,5988,397,0,4.7,2015
Derrick Coleman,SEA,25,8,1,0,0,6082,452,0,4.2,2015
Cory Harkey,STL,25,0,6,0,0,4843,465,0,7.6,2015
Jay Prosch,HOU,23,6,1,0,0,4694,612,0,3.3,2015
Anthony Sherman,KC,27,1,5,0,0,5533,463,0,7.4,2015
Darrel Young,WAS,28,6,6,0,0,5808,544,0,9.2,2015
Malcolm Brown,STL,22,4,1,0,0,4843,465,0,2.5,2015
John Crockett,GB,23,9,0,0,0,5667,565,0,2.1,2015
Alonzo Harris,GB,23,4,1,0,0,5667,565,0,1.9,2015
Malcolm Johnson,CLE,23,0,6,0,0,5605,590,0,5.5,2015
Roosevelt Nix,PIT,23,0,3,0,0,6546,583,0,3.6,2015
Bernard Pierce,JAX,24,6,5,0,0,5847,597,0,4.8,2015
Aaron Ripkowski,GB,23,0,1,0,0,5667,565,0,2.8,2015
Jordan Todman,PIT,25,4,2,0,0,6546,583,0,2.2,2015
Tyler Varga,IND,22,1,2,0,0,5307,596,0,3.0,2015
Jerome Felton,BUF,29,1,2,0,0,5988,397,0,2.4,2015
Terrence Magee,BAL,22,2,1,0,0,4591,580,0,1.7,2015
Bobby Rainey,TB,28,5,3,0,0,6204,525,0,4.4,2015
Antone Smith,CHI,30,1,0,0,0,5505,516,0,1.1,2015
Rod Smith,2TM,23,2,2,0,0,4709,249,0,2.1,2015
Trey Williams,IND,23,2,0,0,0,5307,596,0,1.2,2015
Tyler Clutts,DAL,31,0,1,0,0,3253,507,0,1.4,2015
Kendall Hunter,NO,27,1,0,0,0,6675,628,0,0.2,2015
George Winn,DET,25,4,0,0,0,5764,622,0,0.1,2015
Cierre Wood,BUF,24,2,1,0,0,5988,397,0,0.7,2015
Corey Grant,JAX,24,6,3,0,0,5847,597,0,1.5,2015
Isaiah Pead,STL,26,2,0,0,0,4843,465,0,-1.7,2015
Glenn Winston,CLE,26,1,0,0,0,5605,590,0,-2.8,2015
David Johnson,ARI,25,293,120,16,4,6157,562,191,407.8,2016
Ezekiel Elliott,DAL,21,322,39,15,1,6160,475,156,325.4,2016
LeSean McCoy,BUF,28,234,57,13,1,5864,436,111,298.3,2016
Le'Veon Bell,PIT,24,261,94,7,2,6140,590,105,317.4,2016
DeMarco Murray,TEN,28,293,67,9,3,5909,486,104,293.8,2016
Devonta Freeman,ATL,24,227,65,11,2,6888,498,93,284.1,2016
LeGarrette Blount,NE,30,299,8,18,0,6328,540,89,232.9,2016
Melvin Gordon,SDG,23,254,57,10,2,5815,556,73,250.6,2016
Jordan Howard,CHI,22,252,50,6,1,5866,529,64,230.1,2016
Mark Ingram,NO,27,205,58,6,4,7000,657,59,242.2,2016
Jay Ajayi,MIA,23,260,35,8,0,5540,467,51,215.3,2016
Frank Gore,IND,33,263,47,4,4,5865,572,39,214.2,2016
Latavius Murray,OAK,26,195,43,12,0,6032,563,38,208.2,2016
Isaiah Crowell,CLE,23,198,53,7,0,5405,558,28,205.1,2016
Carlos Hyde,SF,26,217,33,6,3,5179,487,28,192.1,2016
Spencer Ware,KC,25,214,42,3,2,5636,531,24,193.8,2016
Lamar Miller,HOU,25,268,39,5,1,5277,577,23,191.1,2016
Tevin Coleman,ATL,23,118,40,8,3,6888,498,23,191.1,2016
Jeremy Hill,CIN,24,222,27,9,0,5975,541,18,176.3,2016
Todd Gurley,LAR,22,278,58,6,0,4561,529,18,198.2,2016
Matt Forte,NYJ,31,218,43,7,1,5437,525,17,183.6,2016
Bilal Powell,NYJ,28,131,74,3,2,5437,525,2,197.0,2016
Jonathan Stewart,CAR,29,218,21,9,0,5776,552,1,146.4,2016
Terrance West,BAL,25,193,45,5,1,5711,650,0,171.0,2016
Ryan Mathews,PHI,29,155,14,8,1,5601,587,0,144.6,2016
Robert Kelley,WAS,24,168,18,6,1,6613,592,0,132.6,2016
Mike Gillislee,BUF,26,101,11,8,1,5864,436,0,125.7,2016
Christine Michael,2TM,26,148,29,7,1,831,270,0,137.0,2016
Devontae Booker,DEN,24,174,45,4,1,5221,518,0,142.7,2016
Darren Sproles,PHI,33,94,71,2,2,5601,587,0,162.5,2016
Theo Riddick,DET,25,92,67,1,5,5599,574,0,161.8,2016
Tim Hightower,NO,30,133,26,4,1,7000,657,0,126.8,2016
Jerick McKinnon,MIN,24,159,53,2,2,4872,539,0,148.4,2016
Rashad Jennings,NYG,31,181,42,3,1,5439,597,0,138.4,2016
James White,NE,24,39,86,0,5,6328,540,0,161.7,2016
Chris Thompson,WAS,26,68,62,3,2,6613,592,0,147.5,2016
Ty Montgomery,GB,23,77,56,3,0,6027,609,0,140.5,2016
Derrick Henry,TEN,22,110,15,5,0,5909,486,0,105.7,2016
Duke Johnson,CLE,23,73,74,1,0,5405,558,0,144.2,2016
T.J. Yeldon,JAX,23,130,68,1,1,5556,623,0,137.7,2016
C.J. Anderson,DEN,25,110,24,4,1,5221,518,0,102.5,2016
Jalen Richard,OAK,23,83,39,1,2,6032,563,0,115.5,2016
Giovani Bernard,CIN,25,91,51,2,1,5975,541,0,122.3,2016
Robert Turbin,IND,27,47,35,7,1,5865,572,0,108.3,2016
DeAngelo Williams,PIT,33,98,27,4,2,6140,590,0,100.1,2016
Shaun Draughn,SF,29,74,39,4,2,5179,487,0,108.9,2016
Jacquizz Rodgers,TB,26,129,16,2,0,5776,562,0,90.8,2016
Chris Ivory,JAX,28,117,28,3,0,5556,623,0,94.5,2016
Zach Zenner,DET,25,88,23,4,0,5599,574,0,93.0,2016
Kenneth Dixon,BAL,22,88,41,2,1,5711,650,0,102.4,2016
Doug Martin,TB,27,144,16,3,0,5776,562,0,85.5,2016
Damien Williams,MIA,24,35,32,3,3,5540,467,0,93.4,2016
DeAndre Washington,OAK,23,87,23,2,0,6032,563,0,85.2,2016
Matt Jones,WAS,23,99,8,3,0,6613,592,0,75.3,2016
Charcandrick West,KC,25,88,34,1,2,5636,531,0,94.1,2016
Thomas Rawls,SEA,23,109,17,3,0,5464,510,0,75.5,2016
Paul Perkins,NYG,22,112,24,0,0,5439,597,0,76.8,2016
Rex Burkhead,CIN,26,74,20,2,0,5975,541,0,75.9,2016
Travaris Cadet,NO,27,4,54,0,4,7000,657,0,94.0,2016
Jeremy Langford,CHI,25,62,27,4,0,5866,529,0,73.2,2016
Alfred Blue,HOU,25,100,16,1,0,5277,577,0,62.0,2016
Wendell Smallwood,PHI,22,77,13,1,0,5601,587,0,52.7,2016
Fozzy Whittaker,CAR,27,57,33,0,0,5776,552,0,72.1,2016
Jamize Olawale,OAK,27,17,14,2,1,6032,563,0,57.4,2016
C.J. Prosise,SEA,22,30,19,1,0,5464,510,0,61.0,2016
Charles Sims,TB,26,51,32,1,1,5776,562,0,67.9,2016
Justin Forsett,3TM,31,87,27,1,0,291,27,0,61.6,2016
Kenyan Drake,MIA,22,33,10,2,0,5540,467,0,49.5,2016
John Kuhn,NO,34,18,20,4,1,7000,657,0,56.7,2016
James Starks,GB,30,63,25,0,2,6027,609,0,58.9,2016
Eddie Lacy,GB,26,71,7,0,0,6027,609,0,42.8,2016
Dwayne Washington,DET,22,90,15,1,0,5599,574,0,48.7,2016
Dion Lewis,NE,26,64,24,0,0,6328,540,0,54.7,2016
Aaron Ripkowski,GB,24,34,10,2,1,6027,609,0,46.6,2016
Kyle Juszczyk,BAL,25,5,49,1,0,5711,650,0,73.8,2016
Alfred Morris,DAL,28,69,6,2,0,6160,475,0,40.4,2016
Corey Grant,JAX,25,32,7,1,1,5556,623,0,35.9,2016
Peyton Barber,TB,22,55,6,1,0,5776,562,0,36.1,2016
Kenjon Barner,PHI,27,27,11,2,0,5601,587,0,34.1,2016
Cameron Artis-Payne,CAR,26,36,1,2,0,5776,552,0,28.5,2016
Kerwynn Williams,ARI,25,18,2,2,0,6157,562,0,29.3,2016
DuJuan Harris,SF,28,38,9,0,1,5179,487,0,35.3,2016
Shane Vereen,NYG,27,33,19,1,0,5439,597,0,38.2,2016
Kapri Bibbs,DEN,23,29,4,0,1,5221,518,0,28.4,2016
Alex Collins,SEA,22,31,11,1,0,5464,510,0,35.9,2016
Mike Tolbert,CAR,31,35,15,0,1,5776,552,0,34.6,2016
Orleans Darkwa,NYG,24,30,4,2,0,5439,597,0,26.3,2016
Kenneth Farrow,SDG,23,60,16,0,0,5815,556,0,37.2,2016
Ameer Abdullah,DET,23,18,5,0,1,5599,574,0,26.8,2016
Ronnie Hillman,2TM,25,41,15,0,0,831,270,0,29.4,2016
Lance Dunbar,DAL,26,9,24,1,0,6160,475,0,37.3,2016
Jonathan Grimes,HOU,27,23,18,0,0,5277,577,0,32.9,2016
Bobby Rainey,NYG,29,17,25,0,0,5439,597,0,39.6,2016
Benny Cunningham,LAR,26,21,21,0,0,4561,529,0,35.2,2016
Ka'Deem Carey,CHI,24,32,7,0,0,5866,529,0,23.1,2016
Andre Ellington,ARI,27,34,19,0,0,6157,562,0,30.1,2016
Reggie Bush,BUF,31,12,10,1,0,5864,436,0,23.7,2016
Denard Robinson,JAX,26,41,5,0,0,5556,623,0,19.6,2016
Josh Ferguson,IND,23,15,26,0,0,5865,572,0,35.6,2016
Chris Johnson,ARI,31,25,1,1,0,6157,562,0,15.5,2016
Terron Ward,ATL,24,31,2,0,0,6888,498,0,17.2,2016
Mack Brown,WAS,25,8,1,1,0,6613,592,0,15.0,2016
Akeem Hunt,HOU,23,20,4,0,0,5277,577,0,16.8,2016
Andy Janovich,DEN,23,4,7,1,0,5221,518,0,18.7,2016
Arian Foster,MIA,30,22,10,0,0,5540,467,0,19.3,2016
Nick O'Leary,BUF,24,0,14,0,0,5864,436,0,22.4,2016
C.J. Spiller,2TM,29,6,13,0,1,831,270,0,18.8,2016
Mike Davis,SF,23,19,5,1,0,5179,487,0,14.5,2016
Rhett Ellison,MIN,28,1,14,1,0,4872,539,0,20.8,2016
Jordan Todman,IND,26,9,1,0,0,5865,572,0,11.9,2016
Jamaal Charles,KC,30,12,3,1,0,5636,531,0,13.4,2016
Patrick DiMarco,ATL,27,0,10,0,1,6888,498,0,18.2,2016
Jonathan Williams,BUF,22,27,2,1,0,5864,436,0,12.4,2016
Darren McFadden,DAL,29,24,5,0,0,6160,475,0,13.4,2016
Antone Smith,TB,31,10,9,0,0,5776,562,0,16.4,2016
George Atkinson,CLE,24,7,0,1,0,5405,558,0,9.4,2016
Marcel Reece,SEA,31,2,5,0,0,5464,510,0,14.3,2016
Juwan Thompson,DEN,24,8,1,1,0,5221,518,0,8.6,2016
Fitzgerald Toussaint,PIT,26,14,3,0,0,6140,590,0,12.1,2016
Terrell Watson,PHI,23,9,1,1,0,5601,587,0,10.3,2016
Derek Watt,SDG,24,2,4,0,0,5815,556,0,12.7,2016
Andre Williams,SDG,24,18,2,0,0,5815,556,0,8.7,2016
Malcolm Brown,LAR,23,18,3,0,0,4561,529,0,9.5,2016
Jerome Felton,BUF,30,8,9,0,0,5864,436,0,13.0,2016
Byron Marshall,PHI,22,19,5,0,0,5601,587,0,10.4,2016
Adrian Peterson,MIN,31,37,6,0,0,4872,539,0,9.0,2016
Javorius Allen,BAL,25,9,4,0,0,5711,650,0,7.9,2016
Knile Davis,2TM,25,18,7,0,0,831,270,0,10.3,2016
Troymaine Pope,2TM,23,12,2,0,0,831,270,0,5.9,2016
Brandon Wilds,NYJ,23,10,2,0,0,5437,525,0,6.7,2016
Mike James,TB,25,4,4,0,0,5776,562,0,8.1,2016
Taiwan Jones,OAK,28,1,4,0,0,6032,563,0,7.5,2016
Daniel Lasco,NO,24,11,4,0,0,7000,657,0,6.3,2016
D.J. Foster,NE,23,7,2,0,0,6328,540,0,3.6,2016
Don Jackson,GB,23,10,1,0,0,6027,609,0,3.2,2016
Malcolm Johnson,CLE,24,1,7,0,0,5405,558,0,7.6,2016
Isaiah Pead,MIA,27,8,1,0,0,5540,467,0,3.8,2016
Danny Vitale,CLE,23,0,5,0,0,5405,558,0,6.7,2016
Antonio Andrews,TEN,24,2,0,0,0,5909,486,0,1.5,2016
Brandon Bolden,NE,26,1,4,0,0,6328,540,0,3.9,2016
Jalston Fowler,TEN,26,1,2,0,0,5909,486,0,2.7,2016
Zach Line,MIN,26,7,3,0,0,4872,539,0,1.5,2016
Cedric Peerman,CIN,30,6,1,0,0,5975,541,0,1.5,2016
Jay Prosch,HOU,24,4,1,0,0,5277,577,0,2.5,2016
Joe Banyard,JAX,28,2,0,0,0,5556,623,0,0.7,2016
George Farmer,SEA,23,1,3,0,0,5464,510,0,1.5,2016
Bronson Hill,JAX,23,2,1,0,0,5556,623,0,1.1,2016
Paul Lasike,CHI,26,3,1,0,0,5866,529,0,2.1,2016
Terrence Magee,SEA,23,3,0,0,0,5464,510,0,1.2,2016
Raheem Mostert,2TM,24,1,0,0,0,831,270,0,0.6,2016
Roosevelt Nix,PIT,24,0,2,0,0,6140,590,0,2.5,2016
Daryl Richardson,PIT,26,2,0,0,0,6140,590,0,0.7,2016
Stevan Ridley,ATL,27,3,0,0,0,6888,498,0,0.7,2016
Anthony Sherman,KC,28,0,6,0,0,5636,531,0,5.1,2016
Lorenzo Taliaferro,BAL,25,1,3,0,0,5711,650,0,4.0,2016
Stepfan Taylor,ARI,25,4,0,0,0,6157,562,0,1.2,2016
Joique Bell,2TM,30,3,1,0,0,831,270,0,1.4,2016
Brandon Burks,NYJ,23,2,0,0,0,5437,525,0,-0.4,2016
Joe Kerridge,GB,24,1,0,0,0,6027,609,0,0.0,2016
Marcus Murphy,NO,25,0,1,0,0,7000,657,0,1.3,2016
Khiry Robinson,NYJ,27,8,0,0,0,5437,525,0,0.2,2016
Rod Smith,DAL,24,0,1,0,0,6160,475,0,1.4,2016
Bralon Addison,CHI,23,1,1,0,0,5866,529,0,0.5,2016
Tyler Ervin,HOU,23,1,5,0,0,5277,577,0,1.1,2016
Todd Gurley,LAR,23,279,87,13,6,5942,510,192,383.3,2017
Le'Veon Bell,PIT,25,321,106,9,2,6157,584,130,341.6,2017
Kareem Hunt,KC,22,272,63,8,3,6229,515,115,295.2,2017
Alvin Kamara,NO,22,120,100,8,5,6319,525,112,320.4,2017
Melvin Gordon,LAC,24,284,83,8,4,6146,566,103,288.1,2017
Mark Ingram,NO,28,230,71,12,0,6319,525,93,278.0,2017
LeSean McCoy,BUF,29,287,77,6,2,5014,347,78,263.6,2017
Leonard Fournette,JAX,22,268,48,9,1,5949,513,67,230.2,2017
Ezekiel Elliott,DAL,22,242,38,7,2,5472,480,50,203.2,2017
Jordan Howard,CHI,23,276,32,9,0,4835,410,50,199.7,2017
Carlos Hyde,SF,27,240,88,8,0,4645,551,48,233.8,2017
Dion Lewis,NE,27,180,35,6,3,6455,573,44,203.0,2017
Devonta Freeman,ATL,25,196,47,7,1,5993,516,37,200.2,2017
Lamar Miller,HOU,26,238,45,3,3,5484,507,30,193.5,2017
Christian McCaffrey,CAR,21,117,113,2,5,5394,425,22,228.6,2017
Alex Collins,BAL,23,212,36,6,0,5000,555,21,171.0,2017
C.J. Anderson,DEN,26,245,40,3,1,5520,522,20,175.1,2017
Frank Gore,IND,34,261,38,3,1,4757,467,18,173.6,2017
Marshawn Lynch,OAK,31,207,31,7,0,5329,552,17,164.2,2017
Latavius Murray,MIN,27,216,17,8,0,5886,520,15,157.5,2017
Duke Johnson,CLE,24,82,93,4,3,5251,527,15,216.1,2017
Tevin Coleman,ATL,24,156,39,5,3,5993,516,14,167.7,2017
DeMarco Murray,TEN,29,184,47,6,1,5172,481,5,171.5,2017
Jerick McKinnon,MIN,25,150,68,3,2,5886,520,0,178.1,2017
Derrick Henry,TEN,23,176,17,5,1,5172,481,0,135.0,2017
Bilal Powell,NYJ,29,178,33,5,0,5168,484,0,145.2,2017
Javorius Allen,BAL,26,153,60,4,2,5000,555,0,166.1,2017
Orleans Darkwa,NYG,25,171,28,5,0,5228,593,0,137.7,2017
Jamaal Williams,GB,22,153,34,4,2,5249,516,0,142.8,2017
Isaiah Crowell,CLE,24,206,42,2,0,5251,527,0,143.5,2017
Chris Thompson,WAS,27,64,54,2,4,5512,533,0,151.4,2017
Jay Ajayi,2TM,24,208,34,1,1,2948,510,0,135.1,2017
Joe Mixon,CIN,21,178,34,4,0,4715,485,0,141.3,2017
Kenyan Drake,MIA,23,133,48,3,1,4715,557,0,142.3,2017
Giovani Bernard,CIN,26,105,60,2,2,4715,485,0,151.7,2017
Jonathan Stewart,CAR,30,198,15,6,1,5394,425,0,117.2,2017
Theo Riddick,DET,26,84,71,3,2,5681,564,0,154.0,2017
LeGarrette Blount,PHI,31,173,8,2,1,5674,541,0,107.6,2017
Rex Burkhead,NE,27,64,36,5,3,6455,573,0,129.8,2017
Ameer Abdullah,DET,24,165,35,4,1,5681,564,0,124.4,2017
Tarik Cohen,CHI,22,87,71,2,1,4835,410,0,150.1,2017
Samaje Perine,WAS,22,175,24,1,1,5512,533,0,108.5,2017
Matt Breida,SF,22,105,36,2,1,4645,551,0,103.5,2017
Matt Forte,NYJ,32,103,45,2,1,5168,484,0,120.4,2017
Corey Clement,PHI,23,74,15,4,2,5674,541,0,92.4,2017
Marlon Mack,IND,21,93,33,3,1,4757,467,0,103.3,2017
Austin Ekeler,LAC,22,47,35,2,3,6146,566,0,106.9,2017
James White,NE,25,43,72,0,3,6455,573,0,134.0,2017
Rod Smith,DAL,25,55,23,4,1,5472,480,0,92.4,2017
Wayne Gallman,NYG,23,111,48,0,1,5228,593,0,104.9,2017
Aaron Jones,GB,23,81,18,4,0,5249,516,0,80.0,2017
Peyton Barber,TB,23,108,19,3,0,6040,590,0,85.7,2017
Ty Montgomery,GB,24,71,31,3,1,5249,516,0,91.6,2017
Mike Gillislee,NE,27,104,1,5,0,6455,573,0,68.8,2017
Adrian Peterson,2TM,32,156,19,2,0,2948,510,0,78.9,2017
Doug Martin,TB,28,138,18,3,0,6040,590,0,76.0,2017
Alfred Morris,DAL,29,115,9,1,0,5472,480,0,72.2,2017
Chris Ivory,JAX,29,112,28,1,1,5949,513,0,84.7,2017
Devontae Booker,DEN,25,79,38,1,0,5520,522,0,91.4,2017
Elijah McGuire,NYJ,23,88,26,1,1,5168,484,0,76.2,2017
Jalen Richard,OAK,24,56,36,1,1,5329,552,0,86.1,2017
Kerwynn Williams,ARI,26,120,15,1,0,4864,526,0,67.9,2017
T.J. Yeldon,JAX,24,49,41,2,0,5949,513,0,87.7,2017
Dalvin Cook,MIN,22,74,16,2,0,5886,520,0,65.4,2017
D'Onta Foreman,HOU,21,78,8,2,0,5484,507,0,57.0,2017
DeAndre Washington,OAK,24,57,45,2,1,5329,552,0,85.0,2017
Andre Ellington,2TM,28,20,59,1,0,2948,510,0,87.4,2017
Charcandrick West,KC,26,18,34,2,2,6229,515,0,73.2,2017
Jamaal Charles,DEN,31,69,28,1,0,5520,522,0,67.5,2017
Nick O'Leary,BUF,25,0,32,0,2,5014,347,0,64.2,2017
Shane Vereen,NYG,28,45,53,0,0,5228,593,0,83.7,2017
Damien Williams,MIA,25,46,28,0,1,4715,557,0,59.6,2017
Corey Grant,JAX,26,30,4,2,0,5949,513,0,41.9,2017
Robert Kelley,WAS,25,62,7,3,0,5512,533,0,43.2,2017
Alfred Blue,HOU,26,71,9,1,0,5484,507,0,44.6,2017
Jacquizz Rodgers,TB,27,64,11,1,0,6040,590,0,46.8,2017
Charles Sims,TB,27,21,47,0,1,6040,590,0,73.4,2017
Benny Cunningham,CHI,27,9,26,0,2,4835,410,0,56.9,2017
Mike Davis,SEA,24,68,18,0,0,5612,526,0,52.1,2017
Kyle Juszczyk,SF,26,7,42,0,1,4645,551,0,69.6,2017
Mike Tolbert,BUF,32,66,17,1,0,5014,347,0,50.5,2017
Malcolm Brown,LAR,24,63,11,1,0,5942,510,0,44.9,2017
Wendell Smallwood,PHI,23,47,18,1,0,5674,541,0,46.7,2017
Chris Carson,SEA,23,49,8,0,1,5612,526,0,39.7,2017
Adam Shaheen,CHI,23,0,14,0,3,4835,410,0,42.7,2017
Tion Green,DET,24,42,2,2,0,5681,564,0,31.9,2017
Elijhaa Penny,ARI,24,31,6,2,0,4864,526,0,32.2,2017
Kapri Bibbs,WAS,24,21,17,0,1,5512,533,0,40.7,2017
Terrance West,BAL,26,39,4,2,0,5000,555,0,28.1,2017
Tommy Bohanon,JAX,27,5,11,2,1,5949,513,0,28.8,2017
Eddie Lacy,SEA,27,69,6,0,0,5612,526,0,28.6,2017
Thomas Rawls,SEA,24,58,13,0,0,5612,526,0,32.1,2017
Travaris Cadet,2TM,28,23,19,0,0,2948,510,0,37.5,2017
Kenjon Barner,PHI,28,16,8,1,0,5674,541,0,22.3,2017
Stevan Ridley,PIT,28,26,0,1,0,6157,584,0,16.8,2017
Robert Turbin,IND,28,23,11,1,0,4757,467,0,25.9,2017
Cameron Artis-Payne,CAR,27,18,1,1,0,5394,425,0,16.7,2017
Chris Johnson,ARI,32,45,6,0,0,4864,526,0,20.7,2017
D.J. Foster,ARI,24,6,28,0,0,4864,526,0,32.2,2017
Anthony Sherman,KC,29,14,8,1,0,6229,515,0,20.7,2017
James Conner,PIT,22,32,1,0,0,6157,584,0,14.4,2017
C.J. Ham,MIN,24,7,8,1,0,5886,520,0,21.1,2017
Jamize Olawale,OAK,28,9,7,1,0,5329,552,0,19.6,2017
Paul Perkins,NYG,23,41,10,0,0,5228,593,0,21.6,2017
Jeremy Hill,CIN,25,37,4,0,0,4715,485,0,17.2,2017
Roosevelt Nix,PIT,25,3,3,1,1,6157,584,0,14.6,2017
Patrick Ricard,BAL,23,0,4,0,2,5000,555,0,17.2,2017
Fozzy Whittaker,CAR,28,7,6,0,1,5394,425,0,17.5,2017
Terron Ward,ATL,25,30,3,0,0,5993,516,0,15.3,2017
Lance Dunbar,LAR,27,11,3,1,0,5942,510,0,12.2,2017
Trey Edmunds,NO,23,9,0,1,0,6319,525,0,10.8,2017
De'Angelo Henderson,DEN,25,7,2,0,1,5520,522,0,12.9,2017
Andy Janovich,DEN,24,6,6,1,0,5520,522,0,14.7,2017
Branden Oliver,LAC,26,35,11,0,0,6146,566,0,16.9,2017
C.J. Prosise,SEA,23,11,11,0,0,5612,526,0,17.0,2017
Darren Sproles,PHI,34,15,12,0,0,5674,541,0,18.4,2017
Zach Line,NO,27,7,5,0,1,6319,525,0,11.6,2017
Zach Zenner,DET,26,14,1,1,0,5681,564,0,8.6,2017
Bobby Rainey,BAL,30,1,7,0,0,5000,555,0,13.0,2017
Brandon Bolden,NE,27,13,4,0,0,6455,573,0,8.4,2017
Brian Hill,2TM,22,11,2,0,0,2948,510,0,9.3,2017
David Johnson,ARI,26,11,9,0,0,4864,526,0,13.0,2017
Tre Madden,SEA,24,0,2,0,0,5612,526,0,8.5,2017
Byron Marshall,WAS,23,9,8,0,0,5512,533,0,12.8,2017
Nick Bellore,DET,28,0,1,0,1,5681,564,0,7.1,2017
Jalston Fowler,TEN,27,2,1,1,0,5172,481,0,6.4,2017
Dwayne Washington,DET,23,20,2,0,0,5681,564,0,7.8,2017
Derek Watt,LAC,25,6,3,0,0,6146,566,0,7.9,2017
Tyler Ervin,HOU,24,4,11,0,0,5484,507,0,13.0,2017
Akeem Hunt,KC,24,8,7,0,0,6229,515,0,9.4,2017
Marcus Murphy,BUF,26,7,2,0,0,5014,347,0,6.8,2017
Aaron Ripkowski,GB,25,5,10,0,0,5249,516,0,12.2,2017
Mack Brown,2TM,26,8,1,0,0,2948,510,0,5.0,2017
Matthew Dayes,CLE,23,5,5,0,0,5251,527,0,8.2,2017
Derrick Coleman,ATL,27,2,7,0,0,5993,516,0,4.8,2017
Patrick DiMarco,BUF,28,2,10,0,0,5014,347,0,9.6,2017
Senorise Perry,MIA,26,8,1,0,0,4715,557,0,4.3,2017
Jay Prosch,HOU,25,0,4,0,0,5484,507,0,7.1,2017
De'Veon Smith,MIA,23,0,3,0,0,4715,557,0,5.7,2017
Fitzgerald Toussaint,PIT,27,6,3,0,0,6157,584,0,5.4,2017
Andre Williams,LAC,25,9,0,0,0,6146,566,0,2.5,2017
Michael Burton,CHI,25,4,4,0,0,4835,410,0,3.7,2017
Josh Ferguson,IND,24,1,4,0,0,4757,467,0,5.1,2017
David Fluellen,TEN,25,4,1,0,0,5172,481,0,2.1,2017
Danny Vitale,CLE,24,0,5,0,0,5251,527,0,4.9,2017
LeShun Daniels,WAS,22,3,0,0,0,5512,533,0,1.4,2017
Matt Jones,IND,24,5,0,0,0,4757,467,0,1.4,2017
Taiwan Jones,BUF,29,0,2,0,0,5014,347,0,2.1,2017
Raheem Mostert,SF,25,6,0,0,0,4645,551,0,1.0,2017
Terrell Watson,PIT,24,5,0,0,0,6157,584,0,0.8,2017
Justin Davis,LAR,22,1,0,0,0,5942,510,0,0.1,2017
Bronson Hill,ARI,24,1,0,0,0,4864,526,0,-0.2,2017
Joe Kerridge,GB,25,0,1,0,0,5249,516,0,1.3,2017
John Kuhn,NO,35,1,0,0,0,6319,525,0,0.2,2017
Darren McFadden,DAL,30,1,0,0,0,5472,480,0,-0.2,2017
C.J. Spiller,KC,30,2,2,0,0,6229,515,0,0.0,2017
Devante Mays,GB,23,4,3,0,0,5249,516,0,1.1,2017
Todd Gurley,LAR,24,256,81,17,4,6640,534,178,372.1,2018
Saquon Barkley,NYG,21,261,121,11,4,6041,573,159,385.8,2018
Christian McCaffrey,CAR,22,219,124,7,6,6103,540,143,385.5,2018
Alvin Kamara,NO,23,194,105,14,4,6199,511,138,354.2,2018
Ezekiel Elliott,DAL,23,304,95,6,3,5806,418,117,329.1,2018
Melvin Gordon,LAC,25,175,66,10,4,6189,506,90,275.5,2018
James Conner,PIT,23,215,71,12,1,6617,675,90,280.0,2018
Kareem Hunt,KC,23,181,35,7,7,6981,559,69,230.2,2018
Joe Mixon,CIN,22,237,55,8,1,5245,525,65,243.4,2018
David Johnson,ARI,27,258,76,7,3,4226,472,61,246.6,2018
James White,NE,26,94,123,5,7,6371,488,54,276.6,2018
Phillip Lindsay,DEN,24,192,47,9,1,5825,506,52,222.8,2018
Derrick Henry,TEN,24,215,18,12,0,5212,416,51,201.4,2018
Chris Carson,SEA,24,247,24,9,0,5999,398,46,201.4,2018
Nick Chubb,CLE,23,192,29,8,2,5772,545,39,194.5,2018
Adrian Peterson,WAS,33,251,26,7,1,4953,471,34,189.0,2018
Tarik Cohen,CHI,23,99,91,3,5,5684,501,27,233.9,2018
Tevin Coleman,ATL,25,167,44,4,5,6522,604,26,193.6,2018
Marlon Mack,IND,22,195,26,9,1,6313,594,26,178.1,2018
Jordan Howard,CHI,24,250,26,9,0,5684,501,25,180.0,2018
Kenyan Drake,MIA,24,120,73,4,5,5047,426,18,206.2,2018
Lamar Miller,HOU,27,210,35,5,1,6179,426,12,172.6,2018
Aaron Jones,GB,24,133,35,8,1,6163,586,10,171.4,2018
Matt Breida,SF,23,153,31,3,2,6149,509,0,162.5,2018
Sony Michel,NE,23,209,11,6,0,6371,488,0,139.1,2018
Peyton Barber,TB,24,234,29,5,1,6881,619,0,150.3,2018
Austin Ekeler,LAC,23,106,53,3,3,6189,506,0,168.8,2018
Mark Ingram,NO,29,138,27,6,1,6199,511,0,142.5,2018
Isaiah Crowell,NYJ,25,143,28,6,0,5022,477,0,140.7,2018
T.J. Yeldon,JAX,25,104,78,1,4,4961,517,0,173.1,2018
Dalvin Cook,MIN,23,133,49,2,2,5791,554,0,152.0,2018
Latavius Murray,MIN,28,140,26,6,0,5791,554,0,131.9,2018
Kerryon Johnson,DET,21,118,39,3,1,5444,458,0,139.4,2018
Mike Davis,SEA,25,112,42,4,1,5999,398,0,136.8,2018
Dion Lewis,TEN,28,155,67,1,1,5212,416,0,160.7,2018
Doug Martin,OAK,29,172,24,4,0,5634,492,0,119.9,2018
Leonard Fournette,JAX,23,133,26,5,1,4961,517,0,120.4,2018
Nyheim Hines,IND,22,85,81,2,2,6313,594,0,160.9,2018
Alex Collins,BAL,24,114,21,7,1,6045,522,0,108.6,2018
LeSean McCoy,BUF,30,161,46,3,0,5001,344,0,127.2,2018
Frank Gore,MIA,35,156,16,0,1,5047,426,0,102.6,2018
Jalen Richard,OAK,25,55,81,1,0,5634,492,0,156.6,2018
Wendell Smallwood,PHI,24,87,35,3,2,6102,546,0,117.4,2018
Gus Edwards,BAL,23,137,2,2,0,6045,522,0,89.8,2018
Carlos Hyde,2TM,28,172,16,5,0,1481,731,0,98.4,2018
Royce Freeman,DEN,22,130,20,5,0,5825,506,0,101.3,2018
Jamaal Williams,GB,23,121,41,3,0,6163,586,0,114.4,2018
Duke Johnson,CLE,25,40,62,0,3,5772,545,0,132.0,2018
LeGarrette Blount,DET,32,154,15,5,0,5444,458,0,86.5,2018
Alfred Blue,HOU,27,150,27,2,0,6179,426,0,97.3,2018
Damien Williams,KC,26,50,24,4,2,6981,559,0,98.6,2018
Josh Adams,PHI,22,120,13,3,0,6102,546,0,81.9,2018
Ito Smith,ATL,23,90,32,4,0,6522,604,0,97.7,2018
Elijah McGuire,NYJ,24,92,31,3,1,5022,477,0,85.9,2018
Chris Ivory,BUF,30,115,21,1,0,5001,344,0,78.0,2018
Marshawn Lynch,OAK,32,90,20,3,0,5634,492,0,79.0,2018
Jaylen Samuels,PIT,22,56,29,0,3,6617,675,0,89.5,2018
C.J. Anderson,2TM,27,67,9,2,1,1481,731,0,67.4,2018
Giovani Bernard,CIN,27,56,48,3,0,5245,525,0,95.9,2018
Rashaad Penny,SEA,22,85,12,2,0,5999,398,0,70.4,2018
Alfred Morris,SF,30,111,13,2,0,6149,509,0,68.1,2018
Javorius Allen,BAL,27,41,43,3,2,6045,522,0,93.6,2018
Corey Clement,PHI,24,68,25,2,0,6102,546,0,81.1,2018
Spencer Ware,KC,27,51,23,2,0,6981,559,0,79.0,2018
Theo Riddick,DET,27,40,74,0,0,5444,458,0,116.5,2018
Chris Thompson,WAS,28,43,55,0,1,4953,471,0,91.6,2018
Devontae Booker,DEN,26,34,51,1,0,5825,506,0,87.8,2018
Zach Zenner,DET,27,55,10,3,0,5444,458,0,57.1,2018
Bilal Powell,NYJ,30,80,18,0,1,5022,477,0,60.3,2018
Kenneth Dixon,BAL,24,60,7,2,0,6045,522,0,54.4,2018
Kapri Bibbs,2TM,25,21,23,3,1,1481,731,0,61.8,2018
Justin Jackson,LAC,22,50,19,2,0,6189,506,0,61.1,2018
Ty Montgomery,2TM,25,41,40,1,0,1481,731,0,71.3,2018
Darren Sproles,PHI,35,29,23,1,2,6102,546,0,61.0,2018
Jacquizz Rodgers,TB,28,33,45,1,0,6881,619,0,83.0,2018
Jordan Wilkins,IND,24,60,17,1,0,6313,594,0,60.1,2018
Chase Edmonds,ARI,22,60,23,2,0,4226,472,0,63.1,2018
Jay Ajayi,PHI,25,45,6,3,0,6102,546,0,43.4,2018
Kyle Juszczyk,SF,27,8,41,0,1,6149,509,0,67.4,2018
Rex Burkhead,NE,28,57,20,0,1,6371,488,0,49.7,2018
Malcolm Brown,LAR,25,43,7,0,1,6640,534,0,39.4,2018
Raheem Mostert,SF,26,34,7,1,0,6149,509,0,38.6,2018
Trenton Cannon,NYJ,24,38,25,1,0,5022,477,0,48.7,2018
Jeff Wilson,SF,23,66,15,0,0,6149,509,0,44.4,2018
Wayne Gallman,NYG,24,51,22,1,0,6041,573,0,44.5,2018
Kalen Ballage,MIA,23,36,11,1,0,5047,426,0,37.7,2018
Marcus Murphy,BUF,27,52,19,0,0,5001,344,0,38.6,2018
Brandon Bolden,MIA,28,8,3,2,1,5047,426,0,29.4,2018
Rod Smith,DAL,26,44,12,1,0,5806,418,0,33.7,2018
Andy Janovich,DEN,25,2,10,0,1,5825,506,0,25.7,2018
Zach Line,NO,28,9,10,0,2,6199,511,0,22.5,2018
Anthony Sherman,KC,30,1,9,0,1,6981,559,0,23.8,2018
Brian Hill,ATL,23,20,2,0,0,6522,604,0,15.6,2018
Taquan Mizzell,CHI,25,9,10,0,1,5684,501,0,23.4,2018
Dwayne Washington,NO,24,27,0,0,0,6199,511,0,15.4,2018
Alex Armah,CAR,24,9,1,2,0,6103,540,0,15.0,2018
Cameron Artis-Payne,CAR,28,19,4,1,0,6103,540,0,17.4,2018
Ronald Jones II,TB,21,23,9,1,0,6881,619,0,20.7,2018
Adam Shaheen,CHI,24,0,6,0,1,5684,501,0,17.8,2018
Darrel Williams,KC,23,13,3,0,1,6981,559,0,16.1,2018
Stevan Ridley,PIT,29,29,4,1,0,6617,675,0,14.8,2018
Corey Grant,JAX,27,13,12,0,0,4961,517,0,19.7,2018
Keith Ford,BUF,24,21,5,0,0,5001,344,0,13.0,2018
John Kelly,LAR,22,27,3,0,0,6640,534,0,12.1,2018
DeAndre Washington,OAK,25,30,1,0,0,5634,492,0,11.4,2018
Charcandrick West,KC,27,2,3,0,1,6981,559,0,11.6,2018
D'Onta Foreman,HOU,22,7,2,0,1,6179,426,0,10.7,2018
Devonta Freeman,ATL,26,14,7,0,0,6522,604,0,14.1,2018
C.J. Ham,MIN,25,6,15,0,0,5791,554,0,20.3,2018
Dontrell Hilliard,CLE,23,0,10,0,0,5772,545,0,17.5,2018
Elijhaa Penny,NYG,25,7,9,0,0,6041,573,0,15.5,2018
Mark Walton,CIN,21,14,8,0,0,5245,525,0,12.5,2018
Kenjon Barner,2TM,29,19,1,0,0,1481,731,0,8.4,2018
Patrick DiMarco,BUF,29,1,4,0,0,5001,344,0,10.1,2018
Detrez Newsome,LAC,24,11,2,0,0,6189,506,0,8.8,2018
Ryan Hewitt,IND,27,0,2,0,1,6313,594,0,7.1,2018
Mike Boone,MIN,23,11,3,0,0,5791,554,0,6.8,2018
Roc Thomas,MIN,23,8,4,0,0,5791,554,0,7.1,2018
Tommy Bohanon,JAX,28,1,9,0,0,4961,517,0,10.1,2018
Tyler Ervin,HOU,25,0,3,0,0,6179,426,0,6.5,2018
T.J. Logan,ARI,24,2,7,0,0,4226,472,0,10.9,2018
Tre Madden,SEA,25,3,3,0,0,5999,398,0,5.8,2018
Byron Marshall,WAS,24,3,6,0,0,4953,471,0,7.9,2018
Roosevelt Nix,PIT,26,1,6,0,0,6617,675,0,8.2,2018
Samaje Perine,WAS,23,8,4,0,0,4953,471,0,6.7,2018
David Williams,JAX,24,8,0,0,0,4961,517,0,3.6,2018
Benny Cunningham,CHI,28,11,2,0,0,5684,501,0,3.9,2018
Mike Gillislee,NO,28,16,1,0,0,6199,511,0,4.2,2018
Jeremy Hill,NE,26,4,1,0,0,6371,488,0,4.1,2018
Jeremy Langford,ATL,27,9,0,0,0,6522,604,0,2.5,2018
Shaun Wilson,TB,23,6,5,0,0,6881,619,0,6.4,2018
Nick Bellore,DET,29,1,4,0,0,5444,458,0,5.5,2018
Travaris Cadet,CAR,29,11,1,0,0,6103,540,0,3.2,2018
Derrick Coleman,ARI,28,2,3,0,0,4226,472,0,4.0,2018
Justin Davis,LAR,23,2,0,0,0,6640,534,0,1.9,2018
David Fluellen,TEN,26,4,0,0,0,5212,416,0,1.6,2018
Darius Jackson,2TM,25,6,1,0,0,1481,731,0,1.6,2018
C.J. Prosise,SEA,24,1,3,0,0,5999,398,0,4.9,2018
Jonathan Stewart,NYG,31,6,0,0,0,6041,573,0,1.7,2018
De'Lance Turner,BAL,23,1,2,0,0,6045,522,0,4.1,2018
Brandon Wilds,JAX,25,6,0,0,0,4961,517,0,1.5,2018
Ameer Abdullah,2TM,25,1,4,0,0,1481,731,0,3.9,2018
Michael Burton,CHI,26,0,1,0,0,5684,501,0,1.6,2018
Jamaal Charles,JAX,32,6,3,0,0,4961,517,0,3.4,2018
Robert Kelley,WAS,26,4,0,0,0,4953,471,0,0.8,2018
Christine Michael,IND,28,2,0,0,0,6313,594,0,0.9,2018
Jamize Olawale,DAL,29,0,4,0,0,5806,418,0,3.3,2018
Ricky Ortiz,ATL,24,0,4,0,0,6522,604,0,4.1,2018
Derek Watt,LAC,26,4,1,0,0,6189,506,0,2.3,2018
De'Angelo Henderson,NYJ,26,2,0,0,0,5022,477,0,-0.1,2018
Jeremy McNichols,IND,23,2,0,0,0,6313,594,0,0.4,2018
Danny Vitale,GB,25,0,2,0,0,6163,586,0,1.2,2018
Jonathan Williams,NO,24,3,1,0,0,6199,511,0,1.1,2018
Robert Turbin,IND,29,4,2,0,0,6313,594,0,0.3,2018
Christian McCaffrey,CAR,23,287,142,15,4,5934,600,215,471.2,2019
Derrick Henry,TEN,25,303,24,16,2,6168,424,136,294.6,2019
Aaron Jones,GB,25,236,68,16,3,5788,533,125,314.8,2019
Ezekiel Elliott,DAL,24,301,71,12,2,7055,576,117,311.7,2019
Dalvin Cook,MIN,24,250,63,13,0,5862,441,99,292.4,2019
Nick Chubb,CLE,24,298,49,8,0,5748,516,79,255.2,2019
Austin Ekeler,LAC,24,132,108,3,8,6101,563,76,309.0,2019
Mark Ingram,BAL,30,202,29,10,5,6585,424,76,242.5,2019
Chris Carson,SEA,25,278,47,7,2,6310,477,55,232.6,2019
Saquon Barkley,NYG,22,217,73,6,2,5755,588,52,244.1,2019
Joe Mixon,CIN,23,278,45,5,3,5511,589,50,225.4,2019
Todd Gurley,LAR,25,223,49,12,2,6134,610,48,219.4,2019
Leonard Fournette,JAX,24,265,100,3,0,5715,549,43,259.4,2019
Josh Jacobs,OAK,21,242,27,7,0,5923,454,31,191.6,2019
Miles Sanders,PHI,22,179,63,3,3,6002,567,28,218.7,2019
Alvin Kamara,NO,24,171,97,5,1,6168,553,27,248.5,2019
Marlon Mack,IND,23,247,17,8,0,5444,466,27,181.3,2019
Kenyan Drake,2TM,25,170,68,8,0,975,555,24,214.2,2019
Phillip Lindsay,DEN,25,224,48,7,0,5063,437,22,197.7,2019
Raheem Mostert,SF,27,137,22,8,2,6299,414,11,165.2,2019
Le'Veon Bell,NYJ,27,245,78,3,1,4700,492,8,215.0,2019
David Montgomery,CHI,22,242,35,6,1,5006,550,5,170.4,2019
Carlos Hyde,HOU,29,245,16,6,0,6097,518,3,153.2,2019
Sony Michel,NE,24,247,20,7,0,5847,502,0,152.6,2019
Devonta Freeman,ATL,27,184,70,2,4,6407,611,0,197.6,2019
Melvin Gordon,LAC,26,162,55,8,1,6101,563,0,180.8,2019
Ronald Jones II,TB,22,172,40,6,0,6637,606,0,166.3,2019
Adrian Peterson,WAS,34,211,23,5,0,4788,462,0,147.0,2019
James White,NE,27,67,95,1,5,5847,502,0,200.2,2019
Latavius Murray,NO,29,146,43,5,1,6168,553,0,157.2,2019
Devin Singletary,BUF,22,151,41,2,2,5530,466,0,147.9,2019
Tevin Coleman,SF,26,137,30,6,1,6299,414,0,135.4,2019
James Conner,PIT,24,116,38,4,3,4669,447,0,145.5,2019
Damien Williams,KC,27,111,37,5,2,6255,556,0,141.1,2019
Duke Johnson,HOU,26,83,62,2,3,6097,518,0,154.0,2019
Jamaal Williams,GB,24,107,45,1,5,5788,533,0,146.3,2019
David Johnson,ARI,28,94,47,2,4,5119,450,0,141.5,2019
Peyton Barber,TB,25,154,24,6,1,6637,606,0,116.5,2019
Jordan Howard,PHI,25,119,14,6,1,6002,567,0,111.4,2019
Royce Freeman,DEN,23,132,50,3,1,5063,437,0,142.2,2019
LeSean McCoy,KC,31,101,34,4,1,6255,556,0,118.6,2019
Gus Edwards,BAL,24,133,7,2,0,6585,424,0,92.6,2019
DeAndre Washington,OAK,26,108,41,3,0,5923,454,0,121.9,2019
Tarik Cohen,CHI,24,64,104,0,3,5006,550,0,163.9,2019
Matt Breida,SF,24,123,22,1,1,6299,414,0,103.3,2019
Frank Gore,BUF,36,166,16,2,0,5530,466,0,94.9,2019
Kerryon Johnson,DET,22,113,15,3,1,5802,550,0,85.0,2019
Rex Burkhead,NE,29,65,38,3,0,5847,502,0,101.1,2019
Nyheim Hines,IND,23,52,58,2,0,5444,466,0,117.9,2019
Tony Pollard,DAL,22,86,20,2,1,7055,576,0,89.2,2019
Boston Scott,PHI,24,61,26,5,0,6002,567,0,96.9,2019
Chase Edmonds,ARI,23,60,21,4,1,5119,450,0,82.8,2019
Rashaad Penny,SEA,23,65,11,3,1,6310,477,0,75.3,2019
Kareem Hunt,CLE,24,43,44,2,1,5748,516,0,101.4,2019
Alexander Mattison,MIN,21,100,12,1,0,5862,441,0,68.4,2019
Malcolm Brown,LAR,26,69,6,5,0,6134,610,0,59.1,2019
Brian Hill,ATL,24,78,14,2,1,6407,611,0,67.2,2019
Jaylen Samuels,PIT,23,66,57,1,1,4669,447,0,104.4,2019
Benny Snell Jr.,PIT,21,108,4,2,0,4669,447,0,57.9,2019
Darrel Williams,KC,24,41,19,3,1,6255,556,0,67.8,2019
Chris Thompson,WAS,29,37,58,0,0,4788,462,0,93.6,2019
Derrius Guice,WAS,22,42,9,2,1,4788,462,0,57.4,2019
J.D. McKissic,DET,26,38,42,0,1,5802,550,0,83.8,2019
Mike Boone,MIN,24,49,4,3,0,5862,441,0,50.0,2019
Jalen Richard,OAK,26,39,43,0,0,5923,454,0,82.8,2019
Jordan Wilkins,IND,25,51,11,2,0,5444,466,0,54.0,2019
Patrick Laird,MIA,24,62,30,1,0,5080,563,0,68.2,2019
Jeff Wilson,SF,24,27,5,4,1,6299,414,0,46.9,2019
Brandon Bolden,NE,29,15,11,3,1,5847,502,0,50.9,2019
Justice Hill,BAL,22,58,15,2,0,6585,424,0,49.5,2019
Bo Scarbrough,DET,25,89,4,1,0,5802,550,0,43.2,2019
Dion Lewis,TEN,29,54,32,0,1,6168,424,0,66.3,2019
Dare Ogunbowale,TB,25,11,46,2,0,6637,606,0,75.3,2019
Kalen Ballage,MIA,24,74,24,3,0,5080,563,0,51.8,2019
Giovani Bernard,CIN,28,53,43,0,0,5511,589,0,68.4,2019
Ryquell Armstead,JAX,23,35,24,0,2,5715,549,0,51.2,2019
Wayne Gallman,NYG,25,29,15,2,1,5755,588,0,48.2,2019
Ty Johnson,DET,22,63,31,0,0,5802,550,0,60.2,2019
Jonathan Williams,IND,25,49,5,1,0,5444,466,0,40.4,2019
Kyle Juszczyk,SF,28,3,24,0,1,6299,414,0,50.6,2019
Qadree Ollison,ATL,23,22,2,4,0,6407,611,0,30.7,2019
Mark Walton,MIA,22,53,21,0,0,5080,563,0,42.0,2019
Dontrell Hilliard,CLE,24,13,15,2,0,5748,516,0,38.1,2019
Bilal Powell,NYJ,31,59,12,0,0,4700,492,0,33.2,2019
Ito Smith,ATL,24,22,14,1,0,6407,611,0,36.3,2019
Ameer Abdullah,MIN,26,23,21,0,1,5862,441,0,39.3,2019
Myles Gaskin,MIA,22,36,12,1,0,5080,563,0,31.4,2019
Reggie Bonnafon,CAR,23,16,9,1,0,5934,600,0,29.3,2019
Darwin Thompson,KC,22,37,10,1,0,6255,556,0,32.1,2019
Justin Jackson,LAC,23,29,11,0,0,6101,563,0,31.2,2019
C.J. Ham,MIN,26,7,26,0,1,5862,441,0,37.6,2019
Ty Montgomery,NYJ,26,32,17,0,0,4700,492,0,32.3,2019
C.J. Prosise,SEA,25,23,12,1,0,6310,477,0,28.8,2019
Darrell Henderson,LAR,22,39,6,0,0,6134,610,0,22.4,2019
Travis Homer,SEA,21,18,13,0,0,6310,477,0,28.0,2019
T.J. Yeldon,BUF,26,17,15,0,0,5530,466,0,29.7,2019
Wendell Smallwood,WAS,25,22,13,0,0,4788,462,0,23.5,2019
Trey Edmunds,PIT,25,22,7,0,0,4669,447,0,20.0,2019
Wes Hills,DET,24,10,2,2,0,5802,550,0,16.2,2019
Kerrith Whyte Jr,PIT,23,24,1,0,0,4669,447,0,14.1,2019
Alec Ingold,OAK,23,10,6,0,1,5923,454,0,18.1,2019
Javorius Allen,NYG,28,10,2,1,0,5755,588,0,11.5,2019
Patrick Ricard,BAL,25,0,11,0,1,6585,424,0,18.7,2019
Darren Sproles,PHI,36,17,10,0,0,6002,567,0,17.0,2019
Andy Janovich,DEN,26,1,5,1,0,5063,437,0,15.3,2019
Danny Vitale,GB,26,1,12,0,0,5788,533,0,17.0,2019
Derek Watt,LAC,27,7,5,1,0,6101,563,0,13.2,2019
Kenjon Barner,ATL,30,4,8,0,0,6407,611,0,15.1,2019
D'Ernest Johnson,CLE,23,4,7,0,0,5748,516,0,15.2,2019
Marshawn Lynch,SEA,33,12,0,1,0,6310,477,0,9.4,2019
Alex Armah,CAR,25,6,2,1,0,5934,600,0,9.7,2019
Nick Bellore,SEA,30,0,2,0,1,6310,477,0,10.3,2019
Devontae Booker,DEN,27,2,9,0,0,5063,437,0,12.6,2019
Tra Carson,2TM,27,18,4,0,0,975,555,0,10.6,2019
Troymaine Pope,LAC,26,10,3,0,1,6101,563,0,9.4,2019
Adam Shaheen,CHI,25,0,13,0,0,5006,550,0,16.4,2019
Spencer Ware,KC,28,17,7,0,0,6255,556,0,12.3,2019
Dwayne Washington,NO,25,8,1,0,0,6168,553,0,7.6,2019
Zach Line,NO,29,7,10,0,0,6168,553,0,11.6,2019
Khari Blasingame,TEN,23,0,5,0,0,6168,424,0,9.4,2019
Mike Davis,2TM,26,13,8,0,0,975,555,0,11.9,2019
Patrick DiMarco,BUF,30,3,7,0,0,5530,466,0,9.8,2019
Jon Hilliman,NYG,24,30,4,0,0,5755,588,0,8.2,2019
Taiwan Jones,HOU,31,9,1,0,0,6097,518,0,5.9,2019
Devine Ozigbo,JAX,23,9,5,0,0,5715,549,0,8.0,2019
Elijhaa Penny,NYG,26,15,4,0,0,5755,588,0,6.8,2019
C.J. Anderson,DET,28,16,0,0,0,5802,550,0,4.3,2019
Paul Perkins,DET,25,12,1,0,0,5802,550,0,4.8,2019
Jay Ajayi,PHI,26,10,1,0,0,6002,567,0,3.0,2019
Dalyn Dawkins,TEN,25,11,1,0,0,6168,424,0,2.6,2019
Anthony Sherman,KC,31,4,3,0,0,6255,556,0,5.1,2019
Nick Bawden,DET,23,0,6,0,0,5802,550,0,5.7,2019
Tyler Ervin,2TM,26,1,4,0,0,975,555,0,4.1,2019
T.J. Logan,TB,25,3,3,0,0,6637,606,0,4.3,2019
Samaje Perine,2TM,24,5,0,0,0,975,555,0,1.6,2019
Keith Smith,ATL,27,5,3,0,0,6407,611,0,3.1,2019
Zach Zenner,3TM,28,3,3,0,0,71,15,0,3.7,2019
Josh Adams,NYJ,23,8,0,0,0,4700,492,0,1.2,2019
Tony Brooks-James,PIT,25,8,0,0,0,4669,447,0,0.7,2019
Josh Ferguson,WAS,26,3,0,0,0,4788,462,0,0.9,2019
Damien Harris,NE,22,4,0,0,0,5847,502,0,1.2,2019
Buddy Howell,HOU,23,5,0,0,0,6097,518,0,1.0,2019
Jakob Johnson,NE,25,0,2,0,0,5847,502,0,1.5,2019
John Kelly,LAR,23,3,0,0,0,6134,610,0,0.9,2019
Ryan Nall,CHI,24,2,0,0,0,5006,550,0,0.8,2019
Ricky Ortiz,NO,25,0,1,0,0,6168,553,0,1.8,2019
Jordan Scarlett,CAR,23,4,0,0,0,5934,600,0,0.9,2019
De'Lance Turner,MIA,24,4,0,0,0,5080,563,0,0.6,2019
Dexter Williams,GB,22,5,0,0,0,5788,533,0,1.1,2019
Alfred Morris,ARI,31,1,0,0,0,5119,450,0,0.4,2019
Roosevelt Nix,PIT,27,0,3,0,0,4669,447,0,2.4,2019
Senorise Perry,BUF,28,3,1,0,0,5530,466,0,1.4,2019
Derrick Henry,TEN,26,378,31,17,0,6512,467,184,333.1,2020
Alvin Kamara,NO,25,187,107,16,5,6210,508,165,377.8,2020
Dalvin Cook,MIN,25,312,54,16,1,6548,485,164,337.8,2020
Jonathan Taylor,IND,21,232,39,11,1,6182,535,87,252.8,2020
Aaron Jones,GB,26,201,63,9,2,6417,501,82,258.9,2020
David Montgomery,CHI,23,247,68,8,2,5561,595,81,264.8,2020
James Robinson,JAX,22,240,60,7,3,5474,585,71,250.4,2020
Josh Jacobs,LV,22,273,45,12,0,6298,523,68,231.3,2020
Nick Chubb,CLE,25,190,18,12,0,6029,463,62,207.7,2020
Kareem Hunt,CLE,25,198,51,6,5,6029,463,50,218.5,2020
Ezekiel Elliott,DAL,25,244,71,6,2,6296,616,42,223.7,2020
Kenyan Drake,ARI,26,239,31,10,0,6313,543,37,192.2,2020
Melvin Gordon,DEN,27,215,44,9,1,5591,533,36,198.4,2020
Antonio Gibson,WAS,22,170,44,11,0,5407,573,36,202.2,2020
Ronald Jones II,TB,23,192,42,7,1,6295,606,28,186.3,2020
Chris Carson,SEA,26,141,46,5,4,6216,537,21,187.8,2020
J.K. Dobbins,BAL,22,134,24,9,0,5975,388,20,168.5,2020
Mike Davis,CAR,27,165,70,6,2,5774,527,17,206.5,2020
David Johnson,HOU,29,147,46,6,2,6309,523,16,179.5,2020
D'Andre Swift,DET,21,114,57,8,2,5889,505,14,189.8,2020
Miles Sanders,PHI,23,164,52,6,0,5728,561,12,170.4,2020
Clyde Edwards-Helaire,KC,21,181,54,4,1,6532,591,10,176.0,2020
Todd Gurley,ATL,26,195,35,9,0,6150,605,8,163.2,2020
Nyheim Hines,IND,24,89,76,3,4,6182,535,0,193.2,2020
James Conner,PIT,25,169,43,6,0,5480,651,0,164.6,2020
Jeff Wilson,SF,25,126,28,7,3,6209,552,0,142.3,2020
Myles Gaskin,MIA,23,142,47,3,2,5483,537,0,164.2,2020
Gus Edwards,BAL,25,144,13,6,0,5975,388,0,128.2,2020
Wayne Gallman,NYG,26,147,27,6,0,5104,494,0,136.6,2020
Chase Edmonds,ARI,24,97,67,1,4,6313,543,0,168.0,2020
Darrell Henderson,LAR,23,138,24,5,1,6201,562,0,130.3,2020
Latavius Murray,NO,30,146,26,4,1,6210,508,0,136.2,2020
Adrian Peterson,DET,35,156,18,7,0,5889,505,0,124.5,2020
Giovani Bernard,CIN,29,124,59,3,3,5415,566,0,158.1,2020
Austin Ekeler,LAC,25,116,65,1,2,6070,584,0,165.3,2020
J.D. McKissic,WAS,27,85,110,1,2,5407,573,0,191.4,2020
Devin Singletary,BUF,23,156,50,2,0,6496,571,0,143.6,2020
Leonard Fournette,TB,25,97,47,6,0,6295,606,0,132.0,2020
Jamaal Williams,GB,25,119,35,2,1,6417,501,0,127.1,2020
Jerick McKinnon,SF,28,81,46,5,1,6209,552,0,126.2,2020
Tony Pollard,DAL,23,101,40,4,1,6296,616,0,120.8,2020
Cam Akers,LAR,21,145,14,2,1,6201,562,0,101.8,2020
Zack Moss,BUF,23,112,18,4,1,6496,571,0,101.6,2020
Malcolm Brown,LAR,27,101,33,5,0,6201,562,0,109.1,2020
Damien Harris,NE,23,137,7,2,0,5470,419,0,91.3,2020
Frank Gore,NYJ,37,187,19,2,0,4457,430,0,100.2,2020
Raheem Mostert,SF,28,104,19,2,1,6209,552,0,99.7,2020
Rex Burkhead,NE,30,67,33,3,3,5470,419,0,107.6,2020
Joe Mixon,CIN,24,119,26,3,1,5415,566,0,99.6,2020
Alexander Mattison,MIN,22,96,15,2,1,6548,485,0,86.9,2020
Christian McCaffrey,CAR,24,59,19,5,1,5774,527,0,90.4,2020
Boston Scott,PHI,25,80,36,1,1,5728,561,0,95.6,2020
Brian Hill,ATL,25,100,30,1,0,6150,605,0,95.4,2020
Devontae Booker,LV,28,93,21,3,0,6298,523,0,85.7,2020
Carlos Hyde,SEA,30,81,20,4,0,6216,537,0,84.9,2020
Sony Michel,NE,25,79,9,1,1,5470,419,0,75.3,2020
James White,NE,28,35,62,2,1,5470,419,0,116.6,2020
Kalen Ballage,2TM,25,91,37,3,0,1088,161,0,93.9,2020
Benny Snell Jr.,PIT,22,111,14,4,0,5480,651,0,74.9,2020
Kyle Juszczyk,SF,29,17,29,2,4,6209,552,0,81.6,2020
Le'Veon Bell,2TM,28,82,20,2,0,1088,161,0,74.6,2020
Phillip Lindsay,DEN,26,118,14,1,0,5591,533,0,66.0,2020
Salvon Ahmed,MIA,22,75,14,3,0,5483,537,0,69.0,2020
Joshua Kelley,LAC,23,111,23,2,0,6070,584,0,81.2,2020
Duke Johnson,HOU,27,77,35,1,1,6309,523,0,84.4,2020
Samaje Perine,CIN,25,63,12,3,0,5415,566,0,65.7,2020
Kerryon Johnson,DET,23,52,26,2,1,5889,505,0,71.8,2020
Peyton Barber,WAS,26,94,7,4,0,5407,573,0,55.0,2020
Jordan Wilkins,IND,26,84,16,1,0,6182,535,0,61.3,2020
Mark Ingram,BAL,31,72,8,2,0,5975,388,0,52.9,2020
Ty Johnson,2TM,23,54,21,1,1,1088,161,0,63.3,2020
Justin Jackson,LAC,24,59,24,0,0,6070,584,0,65.3,2020
La'Mical Perine,NYJ,22,64,15,2,0,4457,430,0,52.5,2020
DeeJay Dallas,SEA,22,34,20,2,1,6216,537,0,56.9,2020
Ito Smith,ATL,25,63,26,1,0,6150,605,0,57.3,2020
AJ Dillon,GB,22,46,2,2,0,6417,501,0,40.3,2020
Dion Lewis,NYG,30,29,30,2,1,5104,494,0,57.2,2020
Alfred Morris,NYG,32,55,4,1,1,5104,494,0,40.7,2020
Darrel Williams,KC,25,39,26,1,0,6532,591,0,54.5,2020
Matt Breida,MIA,25,59,10,0,0,5483,537,0,42.0,2020
Jeremy McNichols,TEN,25,47,17,1,0,6512,467,0,43.9,2020
Jalen Richard,LV,27,22,23,1,0,6298,523,0,51.1,2020
Josh Adams,NYJ,24,29,8,2,0,4457,430,0,36.6,2020
Jordan Howard,2TM,26,35,1,4,0,1088,161,0,30.7,2020
Devonta Freeman,NYG,28,54,10,1,0,5104,494,0,36.0,2020
Rodney Smith,CAR,24,41,11,1,0,5774,527,0,36.5,2020
Lynn Bowden Jr.,MIA,23,9,37,0,0,5483,537,0,53.6,2020
Darwin Thompson,KC,23,27,11,1,1,6532,591,0,33.2,2020
Royce Freeman,DEN,24,35,13,0,0,5591,533,0,37.1,2020
Jamycal Hasty,SF,24,39,8,1,0,6209,552,0,31.1,2020
Travis Homer,SEA,22,25,10,0,1,6216,537,0,32.8,2020
Chris Thompson,JAX,30,7,23,0,1,5474,585,0,42.6,2020
Ameer Abdullah,MIN,27,8,9,0,2,6548,485,0,30.0,2020
Alex Collins,SEA,26,18,2,2,0,6216,537,0,21.1,2020
Dare Ogunbowale,JAX,26,32,20,0,0,5474,585,0,29.9,2020
Antonio Williams,BUF,23,12,1,2,0,6496,571,0,21.3,2020
C.J. Ham,MIN,27,5,13,0,1,6548,485,0,25.5,2020
D'Ernest Johnson,CLE,24,33,4,0,0,6029,463,0,21.0,2020
Ke'Shawn Vaughn,TB,23,26,10,0,1,6295,606,0,23.3,2020
Alec Ingold,LV,24,3,17,0,1,6298,523,0,29.4,2020
Anthony McFarland Jr.,PIT,21,33,9,0,0,5480,651,0,22.7,2020
Trayveon Williams,CIN,23,26,5,0,0,5415,566,0,21.7,2020
Corey Clement,PHI,26,21,6,1,0,5728,561,0,21.0,2020
D'Onta Foreman,TEN,24,22,1,0,1,6512,467,0,17.0,2020
Malcolm Perry,MIA,23,3,13,0,1,5483,537,0,24.7,2020
Reggie Bonnafon,CAR,24,12,2,0,1,5774,527,0,16.7,2020
Tyler Ervin,GB,27,13,15,0,0,6417,501,0,26.1,2020
Gabe Nabers,LAC,23,2,7,0,2,6070,584,0,20.2,2020
T.J. Yeldon,BUF,27,10,4,0,1,6496,571,0,16.2,2020
Darrynton Evans,TEN,22,14,4,0,1,6512,467,0,16.1,2020
Mike Boone,MIN,25,11,2,1,0,6548,485,0,14.9,2020
LeSean McCoy,TB,32,10,19,0,0,6295,606,0,28.2,2020
Ryan Nall,CHI,25,3,9,0,1,5561,595,0,20.7,2020
Tarik Cohen,CHI,25,14,9,0,0,5561,595,0,17.5,2020
Patrick Laird,MIA,25,13,12,0,0,5483,537,0,22.0,2020
Troymaine Pope,LAC,27,15,10,0,0,6070,584,0,19.8,2020
DeAndre Washington,2TM,27,31,10,0,0,1088,161,0,17.1,2020
J.J. Taylor,NE,22,23,2,0,0,5470,419,0,12.4,2020
Jakob Johnson,NE,26,0,9,0,1,5470,419,0,17.5,2020
Saquon Barkley,NYG,23,19,9,0,0,5104,494,0,15.4,2020
Tevin Coleman,SF,27,28,5,0,0,6209,552,0,12.7,2020
Artavis Pierce,CHI,24,6,0,1,0,5561,595,0,9.4,2020
Reggie Gilliam,BUF,23,0,2,0,1,6496,571,0,9.6,2020
Justice Hill,BAL,23,12,5,0,0,5975,388,0,13.0,2020
C.J. Prosise,HOU,26,10,5,0,1,6309,523,0,12.7,2020
Patrick Ricard,BAL,26,1,12,0,1,5975,388,0,17.4,2020
Buddy Howell,HOU,24,16,2,0,0,6309,523,0,7.7,2020
Jaylen Samuels,PIT,24,9,14,0,0,5480,651,0,16.4,2020
Anthony Sherman,KC,32,3,2,0,1,6532,591,0,8.3,2020
Keith Smith,ATL,28,4,15,0,0,6150,605,0,17.6,2020
Jonathan Ward,ARI,23,0,1,0,1,6313,543,0,8.1,2020
Marlon Mack,IND,24,4,3,0,0,6182,535,0,8.6,2020
Theo Riddick,LV,29,6,6,0,0,6298,523,0,10.7,2020
Michael Burton,NO,28,7,4,0,0,6210,508,0,8.6,2020
Trenton Cannon,CAR,26,10,3,0,0,5774,527,0,7.9,2020
Dontrell Hilliard,2TM,25,9,1,0,0,1088,161,0,6.0,2020
Khari Blasingame,TEN,24,0,5,0,0,6512,467,0,7.9,2020
Devine Ozigbo,JAX,24,1,9,0,0,5474,585,0,13.3,2020
Elijhaa Penny,NYG,27,6,3,0,0,5104,494,0,5.5,2020
Alex Armah,CAR,26,6,9,0,0,5774,527,0,7.7,2020
Rashaad Penny,SEA,24,11,0,0,0,6216,537,0,3.4,2020
Bo Scarbrough,SEA,26,6,0,0,0,6216,537,0,3.1,2020
Austin Walter,SF,24,1,1,0,0,6209,552,0,4.0,2020
LeVante Bellamy,DEN,24,4,1,0,0,5591,533,0,2.6,2020
Rico Dowdle,DAL,22,7,0,0,0,6296,616,0,2.4,2020
Jason Huntley,PHI,22,5,2,0,0,5728,561,0,2.9,2020
Andy Janovich,CLE,27,2,5,0,0,6029,463,0,3.7,2020
Scottie Phillips,HOU,23,2,1,0,0,6309,523,0,2.6,2020
Dwayne Washington,NO,26,8,0,0,0,6210,508,0,1.5,2020
Nick Bellore,SEA,31,1,1,0,0,6216,537,0,2.4,2020
Chandler Cox,MIA,24,0,2,0,0,5483,537,0,2.9,2020
D.J. Foster,ARI,27,2,1,0,0,6313,543,0,1.9,2020
Cullen Gillaspia,HOU,25,0,1,0,0,6309,523,0,1.6,2020
Tony Jones,NO,23,3,0,0,0,6210,508,0,1.3,2020
Lamar Miller,CHI,29,0,2,0,0,5561,595,0,2.6,2020
Senorise Perry,TEN,29,2,0,0,0,6512,467,0,0.9,2020
Craig Reynolds,JAX,24,1,1,0,0,5474,585,0,1.7,2020
Dexter Williams,GB,23,2,0,0,0,6417,501,0,0.8,2020
Jonathan Williams,DET,26,1,4,0,0,5889,505,0,4.6,2020
Tony Brooks-James,ATL,26,3,0,0,0,6150,605,0,0.4,2020
Bruce Miller,JAX,33,0,2,0,0,5474,585,0,1.2,2020
Qadree Ollison,ATL,24,1,0,0,0,6150,605,0,0.3,2020
Adrian Killins,PHI,22,1,1,0,0,5728,561,0,0.0,2020
Jonathan Taylor,IND,22,332,51,18,2,6128,501,176,373.1,2021
Austin Ekeler,LAC,26,206,94,12,8,6829,658,120,343.8,2021
Joe Mixon,CIN,25,292,48,13,3,6548,540,94,287.9,2021
Najee Harris,PIT,23,307,94,7,3,5600,652,76,300.7,2021
James Conner,ARI,26,202,39,15,3,6668,489,70,257.7,2021
Ezekiel Elliott,DAL,26,237,65,10,2,7082,636,56,252.1,2021
Nick Chubb,CLE,26,228,25,8,1,6076,465,46,215.3,2021
Damien Harris,NE,24,202,21,15,0,6249,524,43,210.1,2021
Alvin Kamara,NO,26,240,67,4,5,5150,446,39,234.7,2021
Antonio Gibson,WAS,23,258,52,7,3,5807,534,39,229.1,2021
Leonard Fournette,TB,26,180,84,8,2,7037,712,38,255.6,2021
Cordarrelle Patterson,ATL,30,153,69,6,5,5334,551,34,234.6,2021
Aaron Jones,GB,27,171,65,4,6,6426,570,29,229.0,2021
Derrick Henry,TEN,27,219,20,10,0,6057,504,28,193.3,2021
Dalvin Cook,MIN,26,249,49,6,0,6350,573,25,206.3,2021
Josh Jacobs,LV,23,217,64,9,0,6415,579,24,226.0,2021
Melvin Gordon,DEN,28,203,38,8,2,5881,514,20,195.1,2021
Javonte Williams,DEN,21,203,53,4,3,5881,514,15,204.9,2021
Devin Singletary,BUF,24,188,50,7,1,6659,622,11,197.8,2021
David Montgomery,CHI,24,225,51,7,0,5620,509,7,195.0,2021
AJ Dillon,GB,23,187,37,5,2,6426,570,5,185.6,2021
Darrel Williams,KC,26,144,57,6,2,6876,636,3,196.0,2021
D'Andre Swift,DET,22,151,78,5,2,5704,520,1,208.9,2021
Elijah Mitchell,SF,23,207,20,5,1,6604,496,0,165.0,2021
James Robinson,JAX,23,164,46,8,0,5423,530,0,173.9,2021
Darrell Henderson,LAR,24,149,40,5,3,6569,539,0,163.4,2021
Myles Gaskin,MIA,24,173,63,3,4,5384,595,0,173.6,2021
Sony Michel,LAR,26,208,33,4,1,6569,539,0,146.3,2021
Tony Pollard,DAL,24,130,46,2,0,7082,636,0,162.6,2021
Michael Carter,NYJ,22,147,55,4,0,5270,580,0,154.4,2021
Rashaad Penny,SEA,25,119,8,6,0,5873,473,0,121.7,2021
Devonta Freeman,BAL,29,133,42,5,1,6344,588,0,146.6,2021
Chuba Hubbard,CAR,22,172,37,5,1,5188,506,0,137.6,2021
Saquon Barkley,NYG,24,162,57,2,2,5151,562,0,148.6,2021
Devontae Booker,NYG,29,145,45,2,1,5151,562,0,144.1,2021
Rhamondre Stevenson,NE,23,133,18,5,0,6249,524,0,114.9,2021
Chase Edmonds,ARI,25,116,53,2,0,6668,489,0,143.3,2021
Clyde Edwards-Helaire,KC,22,119,23,4,2,6876,636,0,117.6,2021
Mike Davis,ATL,28,138,58,3,1,5334,551,0,138.2,2021
Alexander Mattison,MIN,23,134,39,3,1,6350,573,0,125.9,2021
Latavius Murray,BAL,31,119,13,6,0,6344,588,0,103.6,2021
Jamaal Williams,DET,26,153,28,3,0,5704,520,0,119.8,2021
Christian McCaffrey,CAR,25,99,41,1,1,5188,506,0,127.5,2021
Miles Sanders,PHI,24,137,34,0,0,6300,436,0,117.2,2021
Kenneth Gainwell,PHI,22,68,50,5,1,6300,436,0,123.4,2021
Kareem Hunt,CLE,26,78,27,5,0,6076,465,0,110.0,2021
Boston Scott,PHI,26,87,16,7,0,6300,436,0,98.6,2021
D'Onta Foreman,TEN,25,133,11,3,0,6057,504,0,93.9,2021
D'Ernest Johnson,CLE,25,100,25,3,0,6076,465,0,104.1,2021
J.D. McKissic,WAS,28,48,53,2,2,5807,534,0,127.9,2021
Brandon Bolden,NE,31,44,49,1,2,6249,524,0,124.1,2021
Ty Johnson,NYJ,24,61,55,2,2,5270,580,0,117.0,2021
Mark Ingram,2TM,32,160,35,2,0,2203,508,0,108.6,2021
Zack Moss,BUF,24,96,32,4,1,6659,622,0,105.2,2021
Rex Burkhead,HOU,31,122,32,3,0,4529,475,0,104.3,2021
Kenyan Drake,LV,27,63,40,2,1,6415,579,0,102.5,2021
Nyheim Hines,IND,25,56,57,2,1,6128,501,0,112.6,2021
Ronald Jones II,TB,24,101,13,4,0,7037,712,0,79.2,2021
Khalil Herbert,CHI,23,103,16,2,0,5620,509,0,78.9,2021
Justin Jackson,LAC,25,68,25,2,0,6829,658,0,86.2,2021
Jordan Howard,PHI,27,86,5,3,0,6300,436,0,62.5,2021
Alex Collins,SEA,27,108,10,2,0,5873,473,0,68.8,2021
Samaje Perine,CIN,26,55,31,1,1,6548,540,0,83.2,2021
Duke Johnson,MIA,28,71,5,3,0,5384,595,0,59.1,2021
Dontrell Hilliard,TEN,26,56,26,2,0,6057,504,0,72.7,2021
Ameer Abdullah,2TM,28,51,53,0,1,2203,508,0,89.5,2021
David Johnson,HOU,30,67,42,0,1,4529,475,0,81.3,2021
Derrick Gore,KC,27,51,9,2,0,6876,636,0,56.1,2021
Travis Homer,SEA,23,21,20,1,0,5873,473,0,61.8,2021
Jeremy McNichols,TEN,26,41,38,0,1,6057,504,0,73.6,2021
Jaret Patterson,WAS,22,68,11,2,0,5807,534,0,55.9,2021
Damien Williams,CHI,29,40,23,2,1,5620,509,0,60.7,2021
Jeff Wilson,SF,26,79,8,2,0,6604,496,0,51.5,2021
Kyle Juszczyk,SF,30,8,38,1,1,6604,496,0,73.8,2021
Chris Carson,SEA,27,54,6,3,0,5873,473,0,48.1,2021
Tevin Coleman,NYJ,28,84,16,0,0,5270,580,0,51.5,2021
Phillip Lindsay,2TM,27,88,5,1,1,2203,508,0,45.4,2021
Peyton Barber,LV,27,55,13,2,0,6415,579,0,49.9,2021
DeeJay Dallas,SEA,23,33,23,2,0,5873,473,0,60.1,2021
Dare Ogunbowale,JAX,27,43,21,1,1,5423,530,0,50.1,2021
Giovani Bernard,TB,30,8,29,0,3,7037,712,0,59.1,2021
Matt Breida,BUF,26,26,9,1,2,6659,622,0,42.7,2021
Chris Evans,CIN,24,17,17,0,2,6548,540,0,49.8,2021
Carlos Hyde,JAX,31,72,21,1,0,5423,530,0,45.8,2021
Le'Veon Bell,2TM,29,39,7,2,1,2203,508,0,38.1,2021
Demetric Felton,CLE,23,7,21,0,2,6076,465,0,50.5,2021
Ke'Shawn Vaughn,TB,24,36,8,2,0,7037,712,0,36.6,2021
Ty'Son Williams,BAL,25,35,12,1,0,6344,588,0,41.9,2021
Craig Reynolds,DET,25,55,8,0,0,5704,520,0,35.2,2021
Salvon Ahmed,MIA,23,54,19,0,0,5384,595,0,38.6,2021
Jamycal Hasty,SF,25,16,29,1,0,6604,496,0,49.5,2021
Elijhaa Penny,NYG,28,24,13,1,1,5151,562,0,35.9,2021
Royce Freeman,2TM,25,56,16,0,0,2203,508,0,34.6,2021
Trey Sermon,SF,22,41,4,1,0,6604,496,0,28.3,2021
Corey Clement,DAL,27,33,7,0,1,7082,636,0,28.9,2021
Jerick McKinnon,KC,29,12,20,0,1,6876,636,0,35.9,2021
Adrian Peterson,2TM,36,38,4,2,0,2203,508,0,26.6,2021
Eno Benjamin,ARI,22,34,7,1,0,6668,489,0,28.0,2021
Jermar Jefferson,DET,21,15,5,2,0,5704,520,0,25.7,2021
Malcolm Brown,MIA,28,33,5,1,0,5384,595,0,22.5,2021
Godwin Igwebuike,DET,27,18,10,1,0,5704,520,0,26.8,2021
Kene Nwangwu,MIN,23,13,5,0,0,6350,573,0,23.0,2021
James White,NE,29,10,14,1,0,6249,524,0,31.2,2021
Tony Jones,NO,24,54,8,0,0,5150,446,0,22.1,2021
Austin Walter,NYJ,25,26,3,1,0,5270,580,0,19.0,2021
Jonathan Williams,WAS,27,17,6,1,0,5807,534,0,20.7,2021
C.J. Ham,MIN,28,7,18,0,0,6350,573,0,32.9,2021
Qadree Ollison,ATL,25,21,6,1,0,5334,551,0,19.7,2021
Alec Ingold,LV,25,2,12,0,1,6415,579,0,24.6,2021
Larry Rountree,LAC,22,36,2,1,0,6829,658,0,15.6,2021
J.J. Taylor,NE,23,19,4,2,0,6249,524,0,18.5,2021
Patrick Taylor,GB,23,23,2,1,0,6426,570,0,17.2,2021
Wayne Gallman,2TM,27,28,3,0,0,2203,508,0,13.5,2021
Patrick Ricard,BAL,27,2,13,0,1,6344,588,0,20.7,2021
Michael Burton,KC,29,8,3,1,0,6876,636,0,14.7,2021
Joshua Kelley,LAC,24,33,6,0,0,6829,658,0,17.0,2021
Marlon Mack,IND,25,28,5,0,0,6128,501,0,12.9,2021
Jalen Richard,LV,28,9,14,0,0,6415,579,0,23.2,2021
Benny Snell Jr.,PIT,23,36,4,0,0,5600,652,0,13.1,2021
Ryquell Armstead,JAX,25,15,4,0,0,5423,530,0,12.6,2021
Jason Cabinda,DET,25,3,7,0,1,5704,520,0,13.9,2021
JaQuan Hardy,DAL,24,4,0,1,0,7082,636,0,8.9,2021
Deon Jackson,IND,22,13,0,1,0,6128,501,0,9.1,2021
Andy Janovich,CLE,28,2,4,1,0,6076,465,0,11.9,2021
Keith Smith,ATL,29,9,10,0,0,5334,551,0,17.7,2021
Alex Armah,2TM,27,5,1,0,1,2203,508,0,9.2,2021
Johnny Stanton,CLE,27,3,2,0,1,6076,465,0,9.2,2021
Jonathan Ward,ARI,24,9,4,0,0,6668,489,0,9.7,2021
Mike Boone,DEN,26,4,2,0,0,5881,514,0,7.7,2021
Ito Smith,DAL,26,1,0,1,0,7082,636,0,6.4,2021
Trayveon Williams,CIN,24,15,2,0,0,6548,540,0,6.5,2021
Jason Huntley,PHI,23,13,1,0,0,6300,436,0,5.1,2021
Wendell Smallwood,WAS,27,5,5,0,0,5807,534,0,8.7,2021
Rodney Smith,CAR,25,0,5,0,0,5188,506,0,9.8,2021
Kalen Ballage,PIT,26,12,7,0,0,5600,652,0,6.4,2021
Jakob Johnson,NE,27,0,5,0,0,6249,524,0,8.3,2021
Reggie Gilliam,BUF,24,3,5,0,0,6659,622,0,5.6,2021
Kylin Hill,GB,23,10,2,0,0,6426,570,0,3.9,2021
Gabe Nabers,LAC,24,3,3,0,0,6829,658,0,5.5,2021
La'Mical Perine,NYJ,23,8,0,0,0,5270,580,0,3.1,2021
Dwayne Washington,NO,27,4,2,0,0,5150,446,0,4.8,2021
Nick Bawden,NYJ,25,0,1,0,0,5270,580,0,3.0,2021
Reggie Bonnafon,CAR,25,1,2,0,0,5188,506,0,3.6,2021
Darrynton Evans,TEN,23,2,2,0,0,6057,504,0,3.8,2021
Patrick Laird,MIA,26,1,3,0,0,5384,595,0,5.1,2021
Raheem Mostert,SF,29,2,0,0,0,6604,496,0,2.0,2021
Scottie Phillips,HOU,24,6,3,0,0,4529,475,0,4.2,2021
Adam Prentice,NO,24,3,3,0,0,5150,446,0,5.1,2021
Trey Ragas,LV,25,1,2,0,0,6415,579,0,3.5,2021
Jaylen Samuels,HOU,25,5,4,0,0,4529,475,0,5.3,2021
Derek Watt,PIT,29,1,3,0,0,5600,652,0,4.6,2021
Cam Akers,LAR,22,5,3,0,0,6569,539,0,4.3,2021
Gary Brightwell,NYG,22,1,1,0,0,5151,562,0,2.0,2021
Damarea Crockett,DEN,24,3,0,0,0,5881,514,0,0.7,2021
Jake Funk,LAR,23,2,0,0,0,6569,539,0,0.5,2021
Buddy Howell,LAR,25,5,0,0,0,6569,539,0,1.1,2021
John Kelly,CLE,25,2,0,0,0,6076,465,0,1.3,2021
Anthony McFarland Jr.,PIT,22,3,1,0,0,5600,652,0,2.4,2021
Ryan Nall,CHI,26,1,1,0,0,5620,509,0,1.8,2021
Jacques Patrick,SF,24,2,0,0,0,6604,496,0,1.2,2021
Mekhi Sargent,3TM,24,5,1,0,0,11,18,0,1.1,2021
Kenjon Barner,TB,32,4,0,0,0,7037,712,0,0.0,2021
Nick Bellore,SEA,32,0,1,0,0,5873,473,0,1.4,2021
Nathan Cottrell,JAX,25,1,0,0,0,5423,530,0,0.3,2021
Nate McCrary,BAL,22,1,0,0,0,6344,588,0,-0.1,2021
Devine Ozigbo,2TM,25,1,1,0,0,2203,508,0,1.4,2021
Khari Blasingame,TEN,25,3,2,0,0,6057,504,0,1.0,2021
Trenton Cannon,2TM,27,3,0,0,0,2203,508,0,-1.6,2021
Josh Jacobs,LV,24,340,64,12,0,6244,558,127,328.3,2022
Christian McCaffrey,2TM,26,244,108,8,5,6488,741,123,356.4,2022
Derrick Henry,TEN,28,349,41,13,0,5333,428,122,302.8,2022
Austin Ekeler,LAC,27,204,127,13,5,6315,687,118,372.7,2022
Nick Chubb,CLE,27,302,37,12,1,6200,495,107,281.4,2022
Saquon Barkley,NYG,25,295,76,10,0,5930,419,82,284.0,2022
Jamaal Williams,DET,27,262,16,17,0,6562,519,69,225.9,2022
Tony Pollard,DAL,25,193,55,9,3,6209,545,65,248.8,2022
Dalvin Cook,MIN,27,264,56,8,2,6466,555,55,237.8,2022
Miles Sanders,PHI,25,259,26,11,0,6873,505,53,216.7,2022
Aaron Jones,GB,28,213,72,2,5,6003,509,46,248.6,2022
Najee Harris,PIT,24,272,53,7,3,5674,498,40,223.5,2022
Rhamondre Stevenson,NE,24,210,88,5,1,5627,514,37,249.1,2022
Joe Mixon,CIN,26,210,75,7,2,6048,594,37,239.5,2022
Kenneth Walker III,SEA,22,228,35,9,0,6326,547,33,202.5,2022
Travis Etienne,JAX,23,220,45,5,0,5924,563,28,205.1,2022
Ezekiel Elliott,DAL,27,231,23,12,0,6209,545,27,185.8,2022
Alvin Kamara,NO,27,223,77,2,2,5873,487,14,211.7,2022
James Conner,ARI,27,183,58,7,1,5536,579,13,200.2,2022
Leonard Fournette,TB,27,189,83,3,3,6052,717,12,226.1,2022
David Montgomery,CHI,25,201,40,5,1,5609,326,3,177.7,2022
Tyler Allgeier,ATL,22,210,17,3,1,5645,400,3,159.4,2022
D'Andre Swift,DET,23,99,70,5,3,6562,519,3,191.1,2022
Jerick McKinnon,KC,30,72,71,1,9,7161,597,0,196.3,2022
AJ Dillon,GB,24,186,43,7,0,6003,509,0,167.6,2022
Devin Singletary,BUF,25,177,52,5,1,6435,526,0,177.9,2022
Raheem Mostert,MIA,30,181,42,3,2,5939,521,0,168.3,2022
Jeff Wilson,2TM,27,176,37,5,1,6488,741,0,158.5,2022
Dameon Pierce,HOU,22,220,39,4,1,5107,528,0,166.4,2022
Cordarrelle Patterson,ATL,31,144,31,8,0,5645,400,0,154.7,2022
Cam Akers,LAR,23,188,18,7,0,4262,516,0,141.3,2022
Latavius Murray,2TM,32,171,35,6,0,6488,741,0,154.2,2022
D'Onta Foreman,CAR,26,203,9,5,0,3696,357,0,131.0,2022
Isiah Pacheco,KC,23,170,14,5,0,7161,597,0,135.0,2022
Antonio Gibson,WAS,24,149,58,3,2,5926,531,0,165.9,2022
Jonathan Taylor,IND,23,192,40,4,0,5319,546,0,146.4,2022
Khalil Herbert,CHI,24,129,12,4,1,5609,326,0,117.8,2022
Samaje Perine,CIN,27,95,51,2,4,6048,594,0,142.1,2022
Brian Robinson Jr.,WAS,23,205,12,2,1,5926,531,0,112.7,2022
Breece Hall,NYJ,21,80,31,4,1,5622,584,0,115.1,2022
Kareem Hunt,CLE,27,123,44,3,1,6200,495,0,126.8,2022
Rachaad White,TB,23,129,58,1,2,6052,717,0,139.1,2022
Kenyan Drake,BAL,28,109,26,4,1,5921,460,0,104.1,2022
Michael Carter,NYJ,23,114,54,3,0,5622,584,0,126.0,2022
James Cook,BUF,23,89,32,2,1,6435,526,0,105.7,2022
Clyde Edwards-Helaire,KC,23,71,23,3,3,7161,597,0,98.3,2022
James Robinson,2TM,24,110,14,3,2,6488,741,0,88.6,2022
J.K. Dobbins,BAL,24,92,8,2,1,5921,460,0,81.2,2022
Damien Harris,NE,25,106,23,3,0,5627,514,0,90.9,2022
Chuba Hubbard,CAR,23,95,17,2,0,3696,357,0,87.7,2022
Alexander Mattison,MIN,24,74,18,5,1,6466,555,0,88.4,2022
Eno Benjamin,3TM,23,77,34,2,0,313,34,0,89.6,2022
Kenneth Gainwell,PHI,23,53,29,4,0,6873,505,0,87.9,2022
Jaylen Warren,PIT,24,77,33,1,0,5674,498,0,93.3,2022
Melvin Gordon,DEN,29,90,32,2,0,5030,484,0,87.1,2022
Gus Edwards,BAL,27,87,2,3,0,5921,460,0,59.3,2022
Chase Edmonds,2TM,26,68,24,2,1,6488,741,0,74.2,2022
Darrell Henderson,LAR,25,70,22,3,0,4262,516,0,73.5,2022
Dontrell Hilliard,TEN,27,22,26,0,4,5333,428,0,77.2,2022
Deon Jackson,IND,23,68,34,1,1,5319,546,0,84.5,2022
Zack Moss,2TM,25,93,13,1,0,6488,741,0,64.5,2022
Nyheim Hines,2TM,26,24,37,1,1,6488,741,0,81.4,2022
Joshua Kelley,LAC,25,69,25,2,0,6315,687,0,64.8,2022
Jamycal Hasty,JAX,26,46,26,2,1,5924,563,0,70.0,2022
Rashaad Penny,SEA,26,57,5,2,0,6326,547,0,52.2,2022
Zonovan Knight,NYJ,21,85,14,1,0,5622,584,0,59.0,2022
Caleb Huntley,ATL,24,76,2,1,0,5645,400,0,44.9,2022
Elijah Mitchell,SF,24,45,4,2,0,5161,426,0,43.6,2022
Boston Scott,PHI,27,54,6,3,0,6873,505,0,46.2,2022
Matt Breida,NYG,27,54,25,1,0,5930,419,0,59.8,2022
Rex Burkhead,HOU,32,26,51,0,1,5107,528,0,77.4,2022
Justin Jackson,DET,26,42,19,1,1,6562,519,0,51.1,2022
Kyle Juszczyk,SF,31,7,23,1,1,5161,426,0,53.6,2022
Mark Ingram,NO,33,62,18,1,0,5873,487,0,50.1,2022
Raheem Blackshear,CAR,23,23,12,3,0,3696,357,0,43.0,2022
Jordan Mason,SF,23,43,0,1,0,5161,426,0,31.8,2022
Ty Johnson,NYJ,25,30,24,1,0,5622,584,0,42.8,2022
Justice Hill,BAL,25,49,12,0,0,5921,460,0,42.0,2022
Marlon Mack,2TM,26,16,10,1,1,6488,741,0,38.3,2022
Ameer Abdullah,LV,29,4,32,0,1,6244,558,0,54.1,2022
DeeJay Dallas,SEA,24,35,19,0,0,6326,547,0,46.2,2022
J.D. McKissic,WAS,29,22,40,0,0,5926,531,0,55.8,2022
Dare Ogunbowale,HOU,28,42,26,1,0,5107,528,0,48.7,2022
Malik Davis,DAL,24,38,7,1,0,6209,545,0,34.4,2022
Travis Homer,SEA,24,19,18,0,1,6326,547,0,43.1,2022
Javonte Williams,DEN,22,47,22,0,0,5030,484,0,42.0,2022
Gary Brightwell,NYG,23,31,8,1,0,5930,419,0,29.0,2022
Alec Ingold,MIA,26,6,23,1,1,5939,521,0,38.3,2022
Craig Reynolds,DET,26,23,10,0,0,6562,519,0,30.8,2022
Kyren Williams,LAR,22,35,12,0,0,4262,516,0,30.5,2022
C.J. Ham,MIN,29,4,12,2,0,6466,555,0,31.3,2022
Avery Williams,ATL,24,22,14,1,0,5645,400,0,34.0,2022
Mike Boone,DEN,27,24,15,0,0,5030,484,0,28.8,2022
Pierre Strong,NE,24,10,7,1,0,5627,514,0,27.2,2022
Tevin Coleman,SF,29,12,3,1,1,5161,426,0,22.0,2022
Jonathan Williams,WAS,28,37,10,0,0,5926,531,0,26.2,2022
Brandon Bolden,LV,32,17,9,0,1,6244,558,0,27.3,2022
Malcolm Brown,LAR,29,18,6,1,0,4262,516,0,22.8,2022
Corey Clement,ARI,28,15,7,1,0,5536,579,0,21.9,2022
Benny Snell Jr.,PIT,24,20,2,1,0,5674,498,0,18.7,2022
Darrel Williams,ARI,27,21,8,1,0,5536,579,0,21.1,2022
Sony Michel,LAC,27,36,13,0,0,6315,687,0,24.9,2022
Hassan Haskins,TEN,23,25,12,0,0,5333,428,0,26.0,2022
Ronald Jones II,KC,25,17,1,1,0,7161,597,0,16.2,2022
Derek Watt,PIT,30,9,5,1,1,5674,498,0,20.2,2022
Zander Horvath,LAC,24,4,8,0,2,6315,687,0,18.6,2022
Keaontay Ingram,ARI,23,27,5,1,0,5536,579,0,18.1,2022
Salvon Ahmed,MIA,24,12,1,1,0,5939,521,0,14.2,2022
Royce Freeman,HOU,26,41,8,0,0,5107,528,0,19.0,2022
Reggie Gilliam,BUF,25,0,10,0,1,6435,526,0,20.9,2022
Chris Myarick,NYG,27,0,8,0,1,5930,419,0,19.5,2022
Kevin Harris,NE,22,18,0,1,0,5627,514,0,11.2,2022
Snoop Conner,JAX,22,12,0,1,0,5924,563,0,10.2,2022
Tyrion Davis-Price,SF,22,34,2,0,0,5161,426,0,9.9,2022
Chris Evans,CIN,25,0,4,0,1,6048,594,0,12.8,2022
Darrynton Evans,CHI,24,14,1,0,0,5609,326,0,10.7,2022
Kene Nwangwu,MIN,24,9,2,0,0,6466,555,0,11.5,2022
Giovanni Ricci,CAR,26,0,9,0,0,3696,357,0,18.0,2022
Phillip Lindsay,IND,28,15,8,0,0,5319,546,0,14.8,2022
Patrick Ricard,BAL,28,7,13,0,0,5921,460,0,20.0,2022
Jordan Wilkins,IND,28,13,8,0,0,5319,546,0,14.7,2022
Tyler Badie,DEN,22,1,1,0,1,5030,484,0,9.4,2022
Jaret Patterson,WAS,23,17,1,0,0,5926,531,0,7.8,2022
Ke'Shawn Vaughn,TB,25,17,4,0,0,6052,717,0,10.2,2022
Zamir White,LV,23,17,0,0,0,6244,558,0,7.0,2022
Trayveon Williams,CIN,25,6,3,0,0,6048,594,0,8.0,2022
Spencer Brown,CAR,24,9,4,0,0,3696,357,0,7.3,2022
Julius Chestnut,TEN,22,9,3,0,0,5333,428,0,8.3,2022
Myles Gaskin,MIA,25,10,6,0,0,5939,521,0,9.4,2022
David Johnson,NO,31,12,4,0,0,5873,487,0,9.1,2022
Tony Jones,2TM,25,10,8,0,0,6488,741,0,10.4,2022
Ronnie Rivers,LAR,23,9,5,0,0,4262,516,0,10.0,2022
Isaiah Spiller,LAC,21,18,3,0,0,6315,687,0,8.4,2022
Patrick Taylor,GB,24,10,1,0,0,6003,509,0,5.8,2022
Dwayne Washington,NO,28,11,1,0,0,5873,487,0,5.5,2022
Trestan Ebner,CHI,23,24,8,0,0,5609,326,0,6.2,2022
Anthony McFarland Jr.,PIT,23,6,2,0,0,5674,498,0,6.1,2022
Giovani Bernard,TB,31,8,2,0,0,6052,717,0,4.7,2022
Larry Rountree,LAC,23,13,2,0,0,6315,687,0,5.3,2022
Jonathan Ward,2TM,25,5,3,0,0,6488,741,0,5.2,2022
Michael Burton,KC,30,5,3,0,0,7161,597,0,3.8,2022
Ty Chandler,MIN,24,6,0,0,0,6466,555,0,2.0,2022
Mike Davis,BAL,29,8,2,0,0,5921,460,0,4.2,2022
Troy Hairston,HOU,24,0,8,0,0,5107,528,0,6.9,2022
D'Ernest Johnson,CLE,26,4,3,0,0,6200,495,0,5.4,2022
Adam Prentice,NO,25,4,3,0,0,5873,487,0,4.8,2022
Trey Sermon,PHI,23,2,0,0,0,6873,505,0,1.9,2022
J.J. Taylor,NE,24,10,1,0,0,5627,514,0,2.7,2022
Reggie Bonnafon,WAS,26,3,0,0,0,5926,531,0,0.8,2022
Jason Cabinda,DET,26,1,4,0,0,6562,519,0,1.9,2022
Jerome Ford,CLE,23,8,0,0,0,6200,495,0,1.2,2022
Kylin Hill,GB,24,1,0,0,0,6003,509,0,0.7,2022
Godwin Igwebuike,SEA,28,3,1,0,0,6326,547,0,1.7,2022
Jakob Johnson,LV,28,0,6,0,0,6244,558,0,6.0,2022
Devine Ozigbo,DEN,26,3,1,0,0,5030,484,0,1.7,2022
Keith Smith,ATL,30,1,2,0,0,5645,400,0,2.0,2022
Ty'Son Williams,ARI,26,0,1,0,0,5536,579,0,1.5,2022
Nick Bellore,SEA,33,1,0,0,0,6326,547,0,0.3,2022
Demetric Felton,CLE,24,1,4,0,0,6200,495,0,2.4,2022
Jordan Howard,NO,28,1,0,0,0,5873,487,0,0.1,2022
Duke Johnson,BUF,29,2,0,0,0,6435,526,0,0.4,2022
Damien Williams,ATL,30,2,0,0,0,5645,400,0,0.2,2022
