Tm,Cmp_20,Att_20,Cmp%_20,Yds_20,TD_20,Int_20,Cmp_10,Att_10,Cmp%_10,Yds_10,TD_10,Int_10,Highlights,Player,Year
NE,53,83,63.86,388,27,3,23,40,57.5,105,17,2,All Tom Brady red zone passing plays,Tom Brady,2015
DET,48,70,68.57,323,26,0,29,38,76.32,120,21,0,All Matthew Stafford red zone passing plays,Matthew Stafford,2015
JAX,49,92,53.26,325,25,2,27,51,52.94,135,21,2,All Blake Bortles red zone passing plays,Blake Bortles,2015
ARI,43,79,54.43,359,25,1,20,42,47.62,98,15,1,All Carson Palmer red zone passing plays,Carson Palmer,2015
CAR,43,70,61.43,333,24,0,18,30,60.0,73,12,0,All Cam Newton red zone passing plays,Cam Newton,2015
NYJ,38,72,52.78,310,23,1,19,35,54.29,88,14,0,All Ryan Fitzpatrick red zone passing plays,Ryan Fitzpatrick,2015
SDG,43,71,60.56,352,22,2,14,27,51.85,88,12,1,All Philip Rivers red zone passing plays,Philip Rivers,2015
WAS,50,78,64.1,345,22,0,25,41,60.98,99,16,0,All Kirk Cousins red zone passing plays,Kirk Cousins,2015
NYG,45,83,54.22,295,20,5,22,39,56.41,121,15,3,All Eli Manning red zone passing plays,Eli Manning,2015
GB,45,91,49.45,247,20,4,24,51,47.06,110,16,2,All Aaron Rodgers red zone passing plays,Aaron Rodgers,2015
CIN,30,56,53.57,265,19,3,13,26,50.0,94,12,3,All Andy Dalton red zone passing plays,Andy Dalton,2015
NO,44,68,64.71,273,19,2,17,30,56.67,72,11,1,All Drew Brees red zone passing plays,Drew Brees,2015
ATL,42,73,57.53,295,17,4,21,36,58.33,99,13,2,All Matt Ryan red zone passing plays,Matt Ryan,2015
OAK,23,52,44.23,184,17,2,11,21,52.38,57,10,0,All Derek Carr red zone passing plays,Derek Carr,2015
SEA,29,53,54.72,240,16,1,10,25,40.0,59,9,0,All Russell Wilson red zone passing plays,Russell Wilson,2015
MIA,33,68,48.53,223,15,3,18,43,41.86,88,11,2,All Ryan Tannehill red zone passing plays,Ryan Tannehill,2015
PIT,36,64,56.25,220,15,0,20,35,57.14,88,12,0,All Ben Roethlisberger red zone passing plays,Ben Roethlisberger,2015
TB,30,72,41.67,228,15,1,16,42,38.1,95,12,0,All Jameis Winston red zone passing plays,Jameis Winston,2015
TEN,26,40,65.0,195,15,0,14,21,66.67,64,11,0,All Marcus Mariota red zone passing plays,Marcus Mariota,2015
KC,34,59,57.63,202,14,1,11,19,57.89,22,6,0,All Alex Smith red zone passing plays,Alex Smith,2015
HOU,24,43,55.81,184,14,0,11,17,64.71,62,9,0,All Brian Hoyer red zone passing plays,Brian Hoyer,2015
CHI,33,71,46.48,206,11,2,17,39,43.59,82,10,2,All Jay Cutler red zone passing plays,Jay Cutler,2015
IND,23,36,63.89,154,11,1,10,16,62.5,53,8,0,All Andrew Luck red zone passing plays,Andrew Luck,2015
PHI,25,50,50.0,159,10,3,13,21,61.9,69,9,1,All Sam Bradford red zone passing plays,Sam Bradford,2015
BAL,30,52,57.69,209,10,2,15,26,57.69,63,7,1,All Joe Flacco red zone passing plays,Joe Flacco,2015
MIN,20,42,47.62,140,9,1,7,17,41.18,25,6,0,All Teddy Bridgewater red zone passing plays,Teddy Bridgewater,2015
IND,16,36,44.44,104,9,2,9,19,47.37,41,7,1,All Matt Hasselbeck red zone passing plays,Matt Hasselbeck,2015
CLE,21,40,52.5,107,9,0,9,20,45.0,30,6,0,All Josh McCown red zone passing plays,Josh McCown,2015
SF,19,28,67.86,150,8,0,5,8,62.5,19,4,0,All Blaine Gabbert red zone passing plays,Blaine Gabbert,2015
DEN,18,35,51.43,144,7,0,8,16,50.0,50,6,0,All Brock Osweiler red zone passing plays,Brock Osweiler,2015
DEN,20,34,58.82,112,6,2,7,13,53.85,18,3,1,All Peyton Manning red zone passing plays,Peyton Manning,2015
BUF,17,31,54.84,90,6,1,10,16,62.5,45,6,1,All Tyrod Taylor red zone passing plays,Tyrod Taylor,2015
2TM,12,24,50.0,74,5,1,7,12,58.33,37,5,0,All Ryan Mallett red zone passing plays,Ryan Mallett,2015
DAL,8,23,34.78,69,4,1,2,9,22.22,7,2,1,All Matt Cassel red zone passing plays,Matt Cassel,2015
CLE,14,35,40.0,90,4,1,5,18,27.78,21,3,1,All Johnny Manziel red zone passing plays,Johnny Manziel,2015
2TM,8,19,42.11,80,4,0,2,9,22.22,10,1,0,All Brandon Weeden red zone passing plays,Brandon Weeden,2015
DAL,13,24,54.17,94,4,1,5,12,41.67,11,2,0,All Tony Romo red zone passing plays,Tony Romo,2015
DAL,6,15,40.0,46,4,2,4,10,40.0,26,4,2,All Kellen Moore red zone passing plays,Kellen Moore,2015
STL,11,30,36.67,92,4,2,3,11,27.27,8,1,2,All Nick Foles red zone passing plays,Nick Foles,2015
CIN,8,10,80.0,56,3,0,5,7,71.43,25,3,0,All A.J. McCarron red zone passing plays,A.J. McCarron,2015
SF,16,37,43.24,97,3,0,6,18,33.33,18,2,0,All Colin Kaepernick red zone passing plays,Colin Kaepernick,2015
TEN,7,14,50.0,53,3,1,4,10,40.0,12,2,1,All Zach Mettenberger red zone passing plays,Zach Mettenberger,2015
NYJ,3,4,75.0,14,2,0,2,3,66.67,5,2,0,All Geno Smith red zone passing plays,Geno Smith,2015
BAL,5,8,62.5,33,2,0,0,0,0.0,0,0,0,All Matt Schaub red zone passing plays,Matt Schaub,2015
OAK,3,4,75.0,28,2,0,1,1,100.0,9,1,0,All Matt McGloin red zone passing plays,Matt McGloin,2015
PIT,4,9,44.44,37,2,0,1,6,16.67,8,1,0,All Landry Jones red zone passing plays,Landry Jones,2015
TEN,2,2,100.0,14,1,0,1,1,100.0,5,1,0,All Alex Tanney red zone passing plays,Alex Tanney,2015
SDG,1,1,100.0,19,1,0,0,0,0.0,0,0,0,All Kellen Clemens red zone passing plays,Kellen Clemens,2015
2TM,4,9,44.44,17,1,1,1,3,33.33,1,1,0,All Jimmy Clausen red zone passing plays,Jimmy Clausen,2015
PIT,4,6,66.67,31,1,0,1,1,100.0,9,1,0,All Michael Vick red zone passing plays,Michael Vick,2015
IND,1,2,50.0,18,1,0,0,0,0.0,0,0,0,All Ryan Lindley red zone passing plays,Ryan Lindley,2015
PHI,1,3,33.33,2,1,1,1,2,50.0,2,1,1,All Mark Sanchez red zone passing plays,Mark Sanchez,2015
DET,2,2,100.0,12,1,0,0,0,0.0,0,0,0,All Dan Orlovsky red zone passing plays,Dan Orlovsky,2015
BUF,3,7,42.86,27,1,0,0,2,0.0,0,0,0,All EJ Manuel red zone passing plays,EJ Manuel,2015
STL,2,5,40.0,24,1,0,1,1,100.0,7,0,0,All Case Keenum red zone passing plays,Case Keenum,2015
CLE,2,12,16.67,14,0,1,0,2,0.0,0,0,1,All Austin Davis red zone passing plays,Austin Davis,2015
IND,0,1,0.0,0,0,0,0,0,0.0,0,0,0,All Josh Freeman red zone passing plays,Josh Freeman,2015
ARI,0,3,0.0,0,0,1,0,0,0.0,0,0,0,All Drew Stanton red zone passing plays,Drew Stanton,2015
HOU,0,1,0.0,0,0,0,0,1,0.0,0,0,0,All Jonathan Grimes red zone passing plays,Jonathan Grimes,2015
NO,1,2,50.0,5,0,0,0,0,0.0,0,0,0,All Luke McCown red zone passing plays,Luke McCown,2015
WAS,0,1,0.0,0,0,0,0,0,0.0,0,0,0,All Colt McCoy red zone passing plays,Colt McCoy,2015
BUF,1,1,100.0,4,0,0,1,1,100.0,4,0,0,All Chris Hogan red zone passing plays,Chris Hogan,2015
IND,1,3,33.33,5,0,0,0,0,0.0,0,0,0,All Charlie Whitehurst red zone passing plays,Charlie Whitehurst,2015
HOU,2,4,50.0,8,0,0,1,3,33.33,4,0,0,All T.J. Yates red zone passing plays,T.J. Yates,2015
GB,64,105,60.95,382,31,0,34,49,69.39,141,25,0,All Aaron Rodgers red zone passing plays,Aaron Rodgers,2016
NO,74,107,69.16,423,26,3,40,62,64.52,185,22,1,All Drew Brees red zone passing plays,Drew Brees,2016
ATL,62,94,65.96,374,23,1,31,51,60.78,130,19,0,All Matt Ryan red zone passing plays,Matt Ryan,2016
SDG,45,96,46.88,333,22,2,21,39,53.85,91,15,1,All Philip Rivers red zone passing plays,Philip Rivers,2016
NE,43,62,69.35,287,20,1,20,32,62.5,76,13,1,All Tom Brady red zone passing plays,Tom Brady,2016
IND,44,66,66.67,258,20,0,28,40,70.0,115,15,0,All Andrew Luck red zone passing plays,Andrew Luck,2016
TB,32,65,49.23,239,19,0,17,27,62.96,88,14,0,All Jameis Winston red zone passing plays,Jameis Winston,2016
ARI,42,80,52.5,310,19,1,19,41,46.34,90,18,1,All Carson Palmer red zone passing plays,Carson Palmer,2016
OAK,44,90,48.89,306,19,1,19,45,42.22,80,14,0,All Derek Carr red zone passing plays,Derek Carr,2016
JAX,38,67,56.72,228,18,2,16,26,61.54,69,11,1,All Blake Bortles red zone passing plays,Blake Bortles,2016
TEN,34,54,62.96,251,18,0,18,26,69.23,95,15,0,All Marcus Mariota red zone passing plays,Marcus Mariota,2016
NYG,35,61,57.38,257,17,2,14,27,51.85,78,12,1,All Eli Manning red zone passing plays,Eli Manning,2016
DET,51,85,60.0,315,17,3,21,37,56.76,67,12,1,All Matthew Stafford red zone passing plays,Matthew Stafford,2016
SEA,30,69,43.48,243,15,0,11,30,36.67,47,9,0,All Russell Wilson red zone passing plays,Russell Wilson,2016
BAL,44,72,61.11,284,14,3,14,28,50.0,75,9,1,All Joe Flacco red zone passing plays,Joe Flacco,2016
MIN,50,74,67.57,309,14,1,18,32,56.25,69,10,1,All Sam Bradford red zone passing plays,Sam Bradford,2016
DAL,29,49,59.18,224,14,1,13,27,48.15,53,10,1,All Dak Prescott red zone passing plays,Dak Prescott,2016
WAS,38,80,47.5,264,14,2,15,40,37.5,61,8,2,All Kirk Cousins red zone passing plays,Kirk Cousins,2016
CIN,37,67,55.22,267,13,0,15,33,45.45,63,9,0,All Andy Dalton red zone passing plays,Andy Dalton,2016
PIT,30,57,52.63,179,13,2,14,29,48.28,64,12,1,All Ben Roethlisberger red zone passing plays,Ben Roethlisberger,2016
SF,19,32,59.38,185,13,0,7,13,53.85,40,6,0,All Colin Kaepernick red zone passing plays,Colin Kaepernick,2016
PHI,42,86,48.84,246,12,1,13,25,52.0,44,9,1,All Carson Wentz red zone passing plays,Carson Wentz,2016
CAR,22,57,38.6,192,11,2,9,18,50.0,45,8,2,All Cam Newton red zone passing plays,Cam Newton,2016
BUF,30,50,60.0,240,11,0,9,22,40.91,50,7,0,All Tyrod Taylor red zone passing plays,Tyrod Taylor,2016
MIA,30,44,68.18,224,11,0,10,18,55.56,71,7,0,All Ryan Tannehill red zone passing plays,Ryan Tannehill,2016
KC,29,63,46.03,167,11,3,14,27,51.85,47,8,2,All Alex Smith red zone passing plays,Alex Smith,2016
HOU,28,57,49.12,184,11,1,14,29,48.28,53,8,1,All Brock Osweiler red zone passing plays,Brock Osweiler,2016
DEN,28,55,50.91,164,10,1,16,34,47.06,61,8,0,All Trevor Siemian red zone passing plays,Trevor Siemian,2016
NYJ,28,63,44.44,176,10,6,10,27,37.04,33,5,2,All Ryan Fitzpatrick red zone passing plays,Ryan Fitzpatrick,2016
CHI,13,30,43.33,98,6,3,7,19,36.84,49,6,1,All Matt Barkley red zone passing plays,Matt Barkley,2016
CLE,9,16,56.25,68,5,0,3,5,60.0,21,3,0,All Cody Kessler red zone passing plays,Cody Kessler,2016
CHI,14,29,48.28,92,5,0,5,10,50.0,18,4,0,All Brian Hoyer red zone passing plays,Brian Hoyer,2016
LAR,16,37,43.24,102,5,1,8,16,50.0,38,4,0,All Case Keenum red zone passing plays,Case Keenum,2016
CLE,10,18,55.56,78,4,0,3,7,42.86,2,2,0,All Josh McCown red zone passing plays,Josh McCown,2016
MIA,7,7,100.0,19,4,0,5,5,100.0,12,4,0,All Matt Moore red zone passing plays,Matt Moore,2016
LAR,7,16,43.75,45,4,1,3,7,42.86,9,3,0,All Jared Goff red zone passing plays,Jared Goff,2016
CHI,8,13,61.54,68,3,0,2,4,50.0,11,0,0,All Jay Cutler red zone passing plays,Jay Cutler,2016
PIT,5,9,55.56,43,3,1,1,1,100.0,2,0,0,All Landry Jones red zone passing plays,Landry Jones,2016
CAR,5,9,55.56,37,2,1,0,3,0.0,0,0,1,All Derek Anderson red zone passing plays,Derek Anderson,2016
TEN,8,15,53.33,42,2,0,2,4,50.0,5,1,0,All Matt Cassel red zone passing plays,Matt Cassel,2016
DEN,6,9,66.67,39,2,0,2,3,66.67,8,2,0,All Paxton Lynch red zone passing plays,Paxton Lynch,2016
CLE,9,20,45.0,26,2,1,4,8,50.0,-7,1,0,All Robert Griffin red zone passing plays,Robert Griffin,2016
SF,8,16,50.0,48,2,0,5,6,83.33,30,2,0,All Blaine Gabbert red zone passing plays,Blaine Gabbert,2016
NE,3,4,75.0,30,2,0,1,2,50.0,10,1,0,All Jimmy Garoppolo red zone passing plays,Jimmy Garoppolo,2016
SEA,1,1,100.0,15,1,0,0,0,0.0,0,0,0,All Doug Baldwin red zone passing plays,Doug Baldwin,2016
SEA,3,5,60.0,27,1,0,1,3,33.33,5,0,0,All Trevone Boykin red zone passing plays,Trevone Boykin,2016
TB,3,3,100.0,17,1,0,1,1,100.0,2,1,0,All Mike Glennon red zone passing plays,Mike Glennon,2016
IND,2,5,40.0,17,1,0,1,3,33.33,5,1,0,All Scott Tolzien red zone passing plays,Scott Tolzien,2016
KC,8,14,57.14,50,1,0,1,5,20.0,3,0,0,All Nick Foles red zone passing plays,Nick Foles,2016
CLE,1,1,100.0,17,1,0,0,0,0.0,0,0,0,All Charlie Whitehurst red zone passing plays,Charlie Whitehurst,2016
DAL,1,1,100.0,3,1,0,1,1,100.0,3,1,0,All Tony Romo red zone passing plays,Tony Romo,2016
KC,1,1,100.0,2,1,0,1,1,100.0,2,1,0,All Dontari Poe red zone passing plays,Dontari Poe,2016
NYJ,5,8,62.5,15,1,0,1,3,33.33,-2,1,0,All Bryce Petty red zone passing plays,Bryce Petty,2016
DAL,1,1,100.0,10,1,0,1,1,100.0,10,1,0,All Dez Bryant red zone passing plays,Dez Bryant,2016
TEN,1,1,100.0,10,1,0,1,1,100.0,10,1,0,All DeMarco Murray red zone passing plays,DeMarco Murray,2016
CHI,1,1,100.0,2,1,0,1,1,100.0,2,1,0,All Cameron Meredith red zone passing plays,Cameron Meredith,2016
DAL,1,2,50.0,8,0,0,0,1,0.0,0,0,0,All Mark Sanchez red zone passing plays,Mark Sanchez,2016
HOU,4,10,40.0,26,0,0,0,6,0.0,0,0,0,All Tom Savage red zone passing plays,Tom Savage,2016
NE,2,6,33.33,10,0,0,1,4,25.0,3,0,0,All Jacoby Brissett red zone passing plays,Jacoby Brissett,2016
CLE,0,1,0.0,0,0,0,0,0,0.0,0,0,0,All Terrelle Pryor red zone passing plays,Terrelle Pryor,2016
CLE,1,1,100.0,1,0,0,0,0,0.0,0,0,0,All Kevin Hogan red zone passing plays,Kevin Hogan,2016
ARI,0,1,0.0,0,0,0,0,0,0.0,0,0,0,All Drew Stanton red zone passing plays,Drew Stanton,2016
BAL,0,1,0.0,0,0,0,0,0,0.0,0,0,0,All Justin Tucker red zone passing plays,Justin Tucker,2016
BUF,0,3,0.0,0,0,0,0,1,0.0,0,0,0,All EJ Manuel red zone passing plays,EJ Manuel,2016
KC,0,1,0.0,0,0,0,0,1,0.0,0,0,0,All Jeremy Maclin red zone passing plays,Jeremy Maclin,2016
NE,52,86,60.47,333,26,0,21,37,56.76,76,17,0,All Tom Brady red zone passing plays,Tom Brady,2017
PHI,37,57,64.91,277,23,0,15,24,62.5,71,13,0,All Carson Wentz red zone passing plays,Carson Wentz,2017
LAR,43,74,58.11,305,23,0,21,33,63.64,72,14,0,All Jared Goff red zone passing plays,Jared Goff,2017
SEA,38,68,55.88,258,22,1,22,41,53.66,99,17,0,All Russell Wilson red zone passing plays,Russell Wilson,2017
PIT,43,82,52.44,273,20,1,22,42,52.38,92,16,1,All Ben Roethlisberger red zone passing plays,Ben Roethlisberger,2017
JAX,30,53,56.6,220,18,0,19,31,61.29,111,14,0,All Blake Bortles red zone passing plays,Blake Bortles,2017
CIN,28,55,50.91,183,18,1,17,26,65.38,84,14,1,All Andy Dalton red zone passing plays,Andy Dalton,2017
NO,51,73,69.86,251,16,1,22,31,70.97,88,12,0,All Drew Brees red zone passing plays,Drew Brees,2017
WAS,33,63,52.38,230,16,3,9,25,36.0,32,7,1,All Kirk Cousins red zone passing plays,Kirk Cousins,2017
MIN,31,51,60.78,205,16,0,15,26,57.69,58,11,0,All Case Keenum red zone passing plays,Case Keenum,2017
ATL,32,70,45.71,221,15,2,18,35,51.43,81,12,1,All Matt Ryan red zone passing plays,Matt Ryan,2017
MIA,30,50,60.0,186,15,2,14,26,53.85,74,13,2,All Jay Cutler red zone passing plays,Jay Cutler,2017
DET,34,71,47.89,186,15,0,17,32,53.13,71,13,0,All Matthew Stafford red zone passing plays,Matthew Stafford,2017
DAL,31,56,55.36,201,14,3,13,28,46.43,69,10,1,All Dak Prescott red zone passing plays,Dak Prescott,2017
LAC,34,67,50.75,207,14,1,21,44,47.73,97,13,0,All Philip Rivers red zone passing plays,Philip Rivers,2017
NYG,28,48,58.33,209,14,0,15,23,65.22,73,10,0,All Eli Manning red zone passing plays,Eli Manning,2017
BAL,36,69,52.17,154,13,0,17,35,48.57,47,11,0,All Joe Flacco red zone passing plays,Joe Flacco,2017
CAR,28,60,46.67,197,13,1,14,26,53.85,82,10,0,All Cam Newton red zone passing plays,Cam Newton,2017
KC,31,68,45.59,196,13,0,11,20,55.0,60,10,0,All Alex Smith red zone passing plays,Alex Smith,2017
OAK,22,45,48.89,125,12,1,12,29,41.38,56,11,0,All Derek Carr red zone passing plays,Derek Carr,2017
GB,22,34,64.71,138,12,0,12,21,57.14,45,10,0,All Aaron Rodgers red zone passing plays,Aaron Rodgers,2017
TB,21,42,50.0,191,12,0,5,14,35.71,22,4,0,All Jameis Winston red zone passing plays,Jameis Winston,2017
HOU,13,21,61.9,87,12,1,10,12,83.33,52,10,0,All Deshaun Watson red zone passing plays,Deshaun Watson,2017
BUF,30,58,51.72,166,11,2,13,28,46.43,48,7,2,All Tyrod Taylor red zone passing plays,Tyrod Taylor,2017
DEN,25,44,56.82,144,8,0,10,19,52.63,34,5,0,All Trevor Siemian red zone passing plays,Trevor Siemian,2017
CLE,13,40,32.5,88,8,6,8,22,36.36,26,5,4,All DeShone Kizer red zone passing plays,DeShone Kizer,2017
NYJ,22,38,57.89,128,7,0,11,22,50.0,28,4,0,All Josh McCown red zone passing plays,Josh McCown,2017
ARI,18,36,50.0,127,7,1,6,13,46.15,-1,1,1,All Carson Palmer red zone passing plays,Carson Palmer,2017
SF,25,45,55.56,151,7,1,6,16,37.5,42,6,1,All Jimmy Garoppolo red zone passing plays,Jimmy Garoppolo,2017
TEN,22,46,47.83,159,6,0,7,18,38.89,29,4,0,All Marcus Mariota red zone passing plays,Marcus Mariota,2017
TB,13,27,48.15,95,6,0,7,15,46.67,44,6,0,All Ryan Fitzpatrick red zone passing plays,Ryan Fitzpatrick,2017
IND,15,40,37.5,123,6,1,4,16,25.0,24,3,1,All Jacoby Brissett red zone passing plays,Jacoby Brissett,2017
PHI,12,19,63.16,75,5,0,4,6,66.67,23,3,0,All Nick Foles red zone passing plays,Nick Foles,2017
ARI,10,18,55.56,86,5,1,4,6,66.67,19,1,0,All Drew Stanton red zone passing plays,Drew Stanton,2017
GB,16,30,53.33,105,4,3,4,9,44.44,5,1,1,All Brett Hundley red zone passing plays,Brett Hundley,2017
SF,15,27,55.56,90,4,0,6,13,46.15,25,4,0,All Brian Hoyer red zone passing plays,Brian Hoyer,2017
CHI,13,27,48.15,57,4,1,9,22,40.91,38,4,1,All Mitchell Trubisky red zone passing plays,Mitchell Trubisky,2017
CHI,10,23,43.48,80,4,0,2,6,33.33,7,2,0,All Mike Glennon red zone passing plays,Mike Glennon,2017
MIN,5,8,62.5,50,3,0,2,4,50.0,7,1,0,All Sam Bradford red zone passing plays,Sam Bradford,2017
DEN,7,15,46.67,62,3,1,2,6,33.33,8,2,1,All Brock Osweiler red zone passing plays,Brock Osweiler,2017
HOU,8,27,29.63,30,2,1,4,14,28.57,12,2,0,All Tom Savage red zone passing plays,Tom Savage,2017
HOU,5,7,71.43,34,2,1,3,5,60.0,15,2,1,All T.J. Yates red zone passing plays,T.J. Yates,2017
BUF,3,7,42.86,21,2,0,3,6,50.0,21,2,0,All Nathan Peterman red zone passing plays,Nathan Peterman,2017
MIA,6,13,46.15,23,2,1,4,7,57.14,12,2,0,All Matt Moore red zone passing plays,Matt Moore,2017
ARI,7,16,43.75,43,2,1,2,6,33.33,12,0,1,All Blaine Gabbert red zone passing plays,Blaine Gabbert,2017
BAL,2,2,100.0,8,2,0,2,2,100.0,8,2,0,All Ryan Mallett red zone passing plays,Ryan Mallett,2017
NYG,2,3,66.67,15,1,0,2,3,66.67,15,1,0,All Geno Smith red zone passing plays,Geno Smith,2017
TEN,1,1,100.0,11,1,0,0,0,0.0,0,0,0,All Matt Cassel red zone passing plays,Matt Cassel,2017
MIA,4,7,57.14,21,1,0,3,3,100.0,14,1,0,All David Fales red zone passing plays,David Fales,2017
CLE,3,5,60.0,11,1,0,3,5,60.0,11,1,0,All Kevin Hogan red zone passing plays,Kevin Hogan,2017
NYJ,4,11,36.36,3,1,0,1,3,33.33,2,1,0,All Bryce Petty red zone passing plays,Bryce Petty,2017
DEN,1,4,25.0,6,1,2,1,3,33.33,6,1,1,All Paxton Lynch red zone passing plays,Paxton Lynch,2017
MIA,0,1,0.0,0,0,0,0,0,0.0,0,0,0,All Jarvis Landry red zone passing plays,Jarvis Landry,2017
KC,3,5,60.0,22,0,0,1,2,50.0,2,0,0,All Patrick Mahomes red zone passing plays,Patrick Mahomes,2017
SEA,1,1,100.0,-4,0,0,0,0,0.0,0,0,0,All Jon Ryan red zone passing plays,Jon Ryan,2017
KC,0,1,0.0,0,0,1,0,1,0.0,0,0,1,All Tyreek Hill red zone passing plays,Tyreek Hill,2017
DAL,1,2,50.0,2,0,0,0,0,0.0,0,0,0,All Cooper Rush red zone passing plays,Cooper Rush,2017
IND,0,1,0.0,0,0,0,0,1,0.0,0,0,0,All Scott Tolzien red zone passing plays,Scott Tolzien,2017
LAR,1,4,25.0,5,0,0,0,2,0.0,0,0,0,All Sean Mannion red zone passing plays,Sean Mannion,2017
NYG,0,1,0.0,0,0,1,0,0,0.0,0,0,0,All Shane Vereen red zone passing plays,Shane Vereen,2017
TEN,0,1,0.0,0,0,0,0,1,0.0,0,0,0,All Eric Decker red zone passing plays,Eric Decker,2017
LAC,0,1,0.0,0,0,1,0,1,0.0,0,0,1,All Kellen Clemens red zone passing plays,Kellen Clemens,2017
OAK,0,3,0.0,0,0,0,0,0,0.0,0,0,0,All EJ Manuel red zone passing plays,EJ Manuel,2017
SF,5,14,35.71,44,0,1,1,8,12.5,6,0,1,All C.J. Beathard red zone passing plays,C.J. Beathard,2017
CAR,0,1,0.0,0,0,0,0,1,0.0,0,0,0,All Derek Anderson red zone passing plays,Derek Anderson,2017
KC,63,96,65.63,461,35,1,27,47,57.45,103,20,0,All Patrick Mahomes red zone passing plays,Patrick Mahomes,2018
IND,60,89,67.42,401,32,1,30,43,69.77,128,19,0,All Andrew Luck red zone passing plays,Andrew Luck,2018
LAR,55,96,57.29,363,23,2,25,50,50.0,118,16,2,All Jared Goff red zone passing plays,Jared Goff,2018
SEA,35,62,56.45,271,23,2,18,33,54.55,81,14,1,All Russell Wilson red zone passing plays,Russell Wilson,2018
ATL,45,73,61.64,365,23,1,21,41,51.22,103,15,0,All Matt Ryan red zone passing plays,Matt Ryan,2018
NO,63,88,71.59,363,22,0,31,43,72.09,110,16,0,All Drew Brees red zone passing plays,Drew Brees,2018
PIT,48,85,56.47,307,20,4,23,38,60.53,84,14,2,All Ben Roethlisberger red zone passing plays,Ben Roethlisberger,2018
LAC,40,65,61.54,240,20,2,23,38,60.53,116,15,1,All Philip Rivers red zone passing plays,Philip Rivers,2018
MIN,45,68,66.18,279,20,0,16,30,53.33,59,12,0,All Kirk Cousins red zone passing plays,Kirk Cousins,2018
CLE,35,54,64.81,259,20,0,15,25,60.0,40,10,0,All Baker Mayfield red zone passing plays,Baker Mayfield,2018
HOU,37,72,51.39,274,19,0,19,42,45.24,95,12,0,All Deshaun Watson red zone passing plays,Deshaun Watson,2018
NE,49,86,56.98,376,18,1,16,40,40.0,80,12,0,All Tom Brady red zone passing plays,Tom Brady,2018
PHI,33,55,60.0,232,18,1,16,24,66.67,55,11,1,All Carson Wentz red zone passing plays,Carson Wentz,2018
NYG,38,80,47.5,243,18,2,17,36,47.22,69,13,1,All Eli Manning red zone passing plays,Eli Manning,2018
CAR,36,54,66.67,237,18,2,18,27,66.67,71,12,0,All Cam Newton red zone passing plays,Cam Newton,2018
CHI,37,60,61.67,228,17,1,18,31,58.06,69,11,0,All Mitchell Trubisky red zone passing plays,Mitchell Trubisky,2018
GB,27,61,44.26,215,16,1,10,25,40.0,50,9,1,All Aaron Rodgers red zone passing plays,Aaron Rodgers,2018
CIN,29,45,64.44,211,16,1,14,22,63.64,61,10,0,All Andy Dalton red zone passing plays,Andy Dalton,2018
TB,28,45,62.22,258,15,2,10,18,55.56,68,9,1,All Jameis Winston red zone passing plays,Jameis Winston,2018
OAK,36,59,61.02,188,14,2,24,41,58.54,77,11,1,All Derek Carr red zone passing plays,Derek Carr,2018
DET,34,71,47.89,226,14,3,10,28,35.71,42,8,1,All Matthew Stafford red zone passing plays,Matthew Stafford,2018
DAL,34,67,50.75,208,12,2,15,30,50.0,51,7,1,All Dak Prescott red zone passing plays,Dak Prescott,2018
DEN,29,62,46.77,174,10,4,17,36,47.22,70,8,2,All Case Keenum red zone passing plays,Case Keenum,2018
BAL,23,43,53.49,139,10,1,11,23,47.83,50,6,1,All Joe Flacco red zone passing plays,Joe Flacco,2018
TB,14,37,37.84,93,9,2,8,18,44.44,41,8,0,All Ryan Fitzpatrick red zone passing plays,Ryan Fitzpatrick,2018
TEN,26,48,54.17,144,8,1,9,24,37.5,41,4,1,All Marcus Mariota red zone passing plays,Marcus Mariota,2018
NYJ,23,43,53.49,198,8,1,6,14,42.86,28,5,0,All Sam Darnold red zone passing plays,Sam Darnold,2018
MIA,13,25,52.0,117,8,1,5,9,55.56,30,4,1,All Ryan Tannehill red zone passing plays,Ryan Tannehill,2018
SF,23,36,63.89,142,8,2,9,15,60.0,38,5,1,All Nick Mullens red zone passing plays,Nick Mullens,2018
ARI,16,37,43.24,146,7,0,6,16,37.5,31,4,0,All Josh Rosen red zone passing plays,Josh Rosen,2018
JAX,17,38,44.74,106,7,2,7,19,36.84,19,4,1,All Blake Bortles red zone passing plays,Blake Bortles,2018
WAS,16,27,59.26,112,7,1,7,15,46.67,38,6,1,All Alex Smith red zone passing plays,Alex Smith,2018
BAL,9,21,42.86,61,4,0,4,10,40.0,32,4,0,All Lamar Jackson red zone passing plays,Lamar Jackson,2018
BUF,12,26,46.15,79,4,0,3,8,37.5,11,2,0,All Josh Allen red zone passing plays,Josh Allen,2018
SF,11,20,55.0,70,4,1,6,12,50.0,30,4,1,All C.J. Beathard red zone passing plays,C.J. Beathard,2018
CIN,7,17,41.18,53,4,0,3,7,42.86,16,3,0,All Jeff Driskel red zone passing plays,Jeff Driskel,2018
PHI,14,24,58.33,75,4,1,8,13,61.54,33,4,0,All Nick Foles red zone passing plays,Nick Foles,2018
TEN,5,5,100.0,40,3,0,2,2,100.0,3,2,0,All Blaine Gabbert red zone passing plays,Blaine Gabbert,2018
MIA,7,15,46.67,32,3,0,4,9,44.44,15,3,0,All Brock Osweiler red zone passing plays,Brock Osweiler,2018
CHI,5,11,45.45,31,3,0,3,6,50.0,17,2,0,All Chase Daniel red zone passing plays,Chase Daniel,2018
SF,8,15,53.33,66,3,0,2,3,66.67,9,1,0,All Jimmy Garoppolo red zone passing plays,Jimmy Garoppolo,2018
WAS,3,5,60.0,26,2,0,3,4,75.0,26,2,0,All Colt McCoy red zone passing plays,Colt McCoy,2018
BUF,4,7,57.14,33,2,0,2,3,66.67,15,2,0,All Matt Barkley red zone passing plays,Matt Barkley,2018
JAX,6,13,46.15,41,2,0,3,8,37.5,15,2,0,All Cody Kessler red zone passing plays,Cody Kessler,2018
WAS,4,9,44.44,28,2,1,2,2,100.0,13,2,0,All Josh Johnson red zone passing plays,Josh Johnson,2018
CAR,2,4,50.0,13,1,0,2,4,50.0,13,1,0,All Kyle Allen red zone passing plays,Kyle Allen,2018
CLE,1,2,50.0,17,1,0,0,0,0.0,0,0,0,All Tyrod Taylor red zone passing plays,Tyrod Taylor,2018
ARI,3,6,50.0,19,1,0,2,3,66.67,10,1,0,All Mike Glennon red zone passing plays,Mike Glennon,2018
MIA,1,1,100.0,3,1,0,1,1,100.0,3,1,0,All Kenny Stills red zone passing plays,Kenny Stills,2018
CAR,4,7,57.14,16,1,1,1,3,33.33,1,1,1,All Taylor Heinicke red zone passing plays,Taylor Heinicke,2018
ATL,1,1,100.0,5,1,0,1,1,100.0,5,1,0,All Mohamed Sanu red zone passing plays,Mohamed Sanu,2018
PIT,1,1,100.0,2,1,0,1,1,100.0,2,1,0,All Chris Boswell red zone passing plays,Chris Boswell,2018
NO,2,3,66.67,15,1,0,1,2,50.0,9,1,0,All Teddy Bridgewater red zone passing plays,Teddy Bridgewater,2018
CHI,1,1,100.0,1,1,0,1,1,100.0,1,1,0,All Tarik Cohen red zone passing plays,Tarik Cohen,2018
DET,1,1,100.0,8,1,0,1,1,100.0,8,1,0,All Matt Prater red zone passing plays,Matt Prater,2018
BUF,4,4,100.0,31,1,0,1,1,100.0,4,0,0,All Nathan Peterman red zone passing plays,Nathan Peterman,2018
NYJ,4,9,44.44,34,1,0,0,2,0.0,0,0,0,All Josh McCown red zone passing plays,Josh McCown,2018
ARI,3,6,50.0,6,0,0,3,6,50.0,6,0,0,All Sam Bradford red zone passing plays,Sam Bradford,2018
NO,0,2,0.0,0,0,0,0,2,0.0,0,0,0,All Taysom Hill red zone passing plays,Taysom Hill,2018
LAC,0,1,0.0,0,0,0,0,0,0.0,0,0,0,All Geno Smith red zone passing plays,Geno Smith,2018
BUF,0,1,0.0,0,0,0,0,0,0.0,0,0,0,All Corey Bojorquez red zone passing plays,Corey Bojorquez,2018
BUF,0,1,0.0,0,0,0,0,0,0.0,0,0,0,All Zay Jones red zone passing plays,Zay Jones,2018
GB,1,1,100.0,2,0,0,1,1,100.0,2,0,0,All DeShone Kizer red zone passing plays,DeShone Kizer,2018
DAL,0,1,0.0,0,0,0,0,0,0.0,0,0,0,All Cole Beasley red zone passing plays,Cole Beasley,2018
JAX,0,1,0.0,0,0,0,0,0,0.0,0,0,0,All Dede Westbrook red zone passing plays,Dede Westbrook,2018
BUF,1,1,100.0,2,0,0,0,0,0.0,0,0,0,All Derek Anderson red zone passing plays,Derek Anderson,2018
IND,0,1,0.0,0,0,0,0,1,0.0,0,0,0,All Eric Ebron red zone passing plays,Eric Ebron,2018
SEA,44,89,49.44,360,25,1,20,33,60.61,107,15,0,All Russell Wilson red zone passing plays,Russell Wilson,2019
BAL,38,60,63.33,263,24,0,18,28,64.29,90,16,0,All Lamar Jackson red zone passing plays,Lamar Jackson,2019
ATL,43,81,53.09,299,20,2,18,29,62.07,110,14,2,All Matt Ryan red zone passing plays,Matt Ryan,2019
TB,38,69,55.07,289,19,1,20,41,48.78,108,15,1,All Jameis Winston red zone passing plays,Jameis Winston,2019
PHI,41,69,59.42,244,19,0,17,30,56.67,64,15,0,All Carson Wentz red zone passing plays,Carson Wentz,2019
NO,39,56,69.64,259,18,1,16,25,64.0,65,11,0,All Drew Brees red zone passing plays,Drew Brees,2019
LAR,46,70,65.71,261,18,0,23,37,62.16,118,15,0,All Jared Goff red zone passing plays,Jared Goff,2019
HOU,33,59,55.93,284,18,2,11,22,50.0,48,8,1,All Deshaun Watson red zone passing plays,Deshaun Watson,2019
JAX,29,58,50.0,215,16,1,15,32,46.88,66,10,1,All Gardner Minshew red zone passing plays,Gardner Minshew,2019
GB,46,78,58.97,295,16,2,23,36,63.89,105,10,1,All Aaron Rodgers red zone passing plays,Aaron Rodgers,2019
MIA,37,67,55.22,306,16,1,10,21,47.62,34,6,0,All Ryan Fitzpatrick red zone passing plays,Ryan Fitzpatrick,2019
MIN,30,51,58.82,187,16,1,13,26,50.0,56,12,1,All Kirk Cousins red zone passing plays,Kirk Cousins,2019
SF,46,73,63.01,282,16,2,25,40,62.5,120,16,1,All Jimmy Garoppolo red zone passing plays,Jimmy Garoppolo,2019
DAL,32,61,52.46,277,16,0,10,21,47.62,40,7,0,All Dak Prescott red zone passing plays,Dak Prescott,2019
CLE,30,74,40.54,186,15,3,15,39,38.46,66,13,3,All Baker Mayfield red zone passing plays,Baker Mayfield,2019
LAC,43,79,54.43,298,15,3,20,37,54.05,75,9,2,All Philip Rivers red zone passing plays,Philip Rivers,2019
OAK,42,72,58.33,283,15,2,18,36,50.0,93,12,1,All Derek Carr red zone passing plays,Derek Carr,2019
IND,30,58,51.72,180,15,0,15,26,57.69,47,10,0,All Jacoby Brissett red zone passing plays,Jacoby Brissett,2019
CHI,31,61,50.82,178,14,4,14,32,43.75,59,10,1,All Mitchell Trubisky red zone passing plays,Mitchell Trubisky,2019
TEN,26,37,70.27,181,14,3,14,18,77.78,67,10,1,All Ryan Tannehill red zone passing plays,Ryan Tannehill,2019
CAR,32,58,55.17,195,14,3,15,32,46.88,54,10,1,All Kyle Allen red zone passing plays,Kyle Allen,2019
NE,50,91,54.95,288,13,2,19,45,42.22,96,9,1,All Tom Brady red zone passing plays,Tom Brady,2019
NYJ,26,52,50.0,171,12,4,11,19,57.89,40,8,1,All Sam Darnold red zone passing plays,Sam Darnold,2019
ARI,41,74,55.41,250,12,2,19,36,52.78,68,10,1,All Kyler Murray red zone passing plays,Kyler Murray,2019
BUF,24,50,48.0,143,12,0,13,21,61.9,43,8,0,All Josh Allen red zone passing plays,Josh Allen,2019
NYG,31,59,52.54,172,12,0,12,25,48.0,50,10,0,All Daniel Jones red zone passing plays,Daniel Jones,2019
DET,23,40,57.5,157,11,0,13,24,54.17,72,9,0,All Matthew Stafford red zone passing plays,Matthew Stafford,2019
KC,29,56,51.79,206,11,1,11,25,44.0,29,6,1,All Patrick Mahomes red zone passing plays,Patrick Mahomes,2019
CIN,38,73,52.05,239,10,2,13,38,34.21,44,8,0,All Andy Dalton red zone passing plays,Andy Dalton,2019
WAS,21,40,52.5,121,7,0,9,22,40.91,46,6,0,All Case Keenum red zone passing plays,Case Keenum,2019
NO,16,25,64.0,107,7,0,7,11,63.64,41,5,0,All Teddy Bridgewater red zone passing plays,Teddy Bridgewater,2019
DEN,16,25,64.0,78,6,1,6,10,60.0,28,5,0,All Drew Lock red zone passing plays,Drew Lock,2019
PIT,19,30,63.33,75,5,1,5,13,38.46,24,5,1,All Mason Rudolph red zone passing plays,Mason Rudolph,2019
WAS,8,23,34.78,53,5,0,4,11,36.36,22,4,0,All Dwayne Haskins red zone passing plays,Dwayne Haskins,2019
DEN,16,34,47.06,107,4,1,7,15,46.67,37,4,1,All Joe Flacco red zone passing plays,Joe Flacco,2019
IND,7,16,43.75,47,4,1,3,7,42.86,12,2,1,All Brian Hoyer red zone passing plays,Brian Hoyer,2019
TEN,6,13,46.15,51,4,0,2,2,100.0,8,2,0,All Marcus Mariota red zone passing plays,Marcus Mariota,2019
DET,8,16,50.0,41,3,0,5,13,38.46,27,3,0,All David Blough red zone passing plays,David Blough,2019
CHI,4,7,57.14,37,3,0,2,3,66.67,14,2,0,All Chase Daniel red zone passing plays,Chase Daniel,2019
NYG,8,12,66.67,40,3,0,3,5,60.0,10,3,0,All Eli Manning red zone passing plays,Eli Manning,2019
PIT,8,14,57.14,50,2,1,1,4,25.0,2,1,0,All Devlin Hodges red zone passing plays,Devlin Hodges,2019
ATL,6,9,66.67,35,2,0,4,5,80.0,25,2,0,All Matt Schaub red zone passing plays,Matt Schaub,2019
CIN,3,5,60.0,31,2,1,1,1,100.0,6,1,0,All Ryan Finley red zone passing plays,Ryan Finley,2019
DET,3,7,42.86,29,2,0,1,5,20.0,6,0,0,All Jeff Driskel red zone passing plays,Jeff Driskel,2019
LAC,2,2,100.0,12,1,0,0,0,0.0,0,0,0,All Tyrod Taylor red zone passing plays,Tyrod Taylor,2019
NE,1,1,100.0,15,1,0,0,0,0.0,0,0,0,All Julian Edelman red zone passing plays,Julian Edelman,2019
DET,1,1,100.0,19,1,0,0,0,0.0,0,0,0,All Danny Amendola red zone passing plays,Danny Amendola,2019
DEN,3,12,25.0,10,1,1,1,6,16.67,3,1,0,All Brandon Allen red zone passing plays,Brandon Allen,2019
HOU,1,2,50.0,6,1,1,1,1,100.0,6,1,0,All DeAndre Hopkins red zone passing plays,DeAndre Hopkins,2019
OAK,1,1,100.0,17,1,0,0,0,0.0,0,0,0,All Mike Glennon red zone passing plays,Mike Glennon,2019
BAL,2,5,40.0,13,1,0,1,3,33.33,3,1,0,All Robert Griffin red zone passing plays,Robert Griffin,2019
MIA,1,1,100.0,1,1,0,1,1,100.0,1,1,0,All Matt Haack red zone passing plays,Matt Haack,2019
CAR,0,1,0.0,0,0,0,0,1,0.0,0,0,0,All Christian McCaffrey red zone passing plays,Christian McCaffrey,2019
ARI,1,1,100.0,0,0,0,1,1,100.0,0,0,0,All Brett Hundley red zone passing plays,Brett Hundley,2019
BUF,3,7,42.86,13,0,0,1,2,50.0,8,0,0,All Matt Barkley red zone passing plays,Matt Barkley,2019
LAR,0,1,0.0,0,0,0,0,0,0.0,0,0,0,All Cooper Kupp red zone passing plays,Cooper Kupp,2019
WAS,1,1,100.0,11,0,0,0,0,0.0,0,0,0,All Kelvin Harmon red zone passing plays,Kelvin Harmon,2019
MIN,1,4,25.0,7,0,0,0,0,0.0,0,0,0,All Sean Mannion red zone passing plays,Sean Mannion,2019
NYJ,1,2,50.0,1,0,0,0,0,0.0,0,0,0,All Luke Falk red zone passing plays,Luke Falk,2019
HOU,2,4,50.0,12,0,0,1,3,33.33,6,0,0,All A.J. McCarron red zone passing plays,A.J. McCarron,2019
CAR,1,6,16.67,8,0,0,0,0,0.0,0,0,0,All Cam Newton red zone passing plays,Cam Newton,2019
PIT,1,1,100.0,4,0,0,0,0,0.0,0,0,0,All Jaylen Samuels red zone passing plays,Jaylen Samuels,2019
PHI,0,1,0.0,0,0,0,0,0,0.0,0,0,0,All Josh McCown red zone passing plays,Josh McCown,2019
MIA,1,7,14.29,11,0,1,0,1,0.0,0,0,1,All Josh Rosen red zone passing plays,Josh Rosen,2019
PIT,0,3,0.0,0,0,0,0,1,0.0,0,0,0,All Ben Roethlisberger red zone passing plays,Ben Roethlisberger,2019
KC,4,11,36.36,18,0,0,1,7,14.29,-1,0,0,All Matt Moore red zone passing plays,Matt Moore,2019
JAX,4,5,80.0,29,0,0,1,2,50.0,9,0,0,All Nick Foles red zone passing plays,Nick Foles,2019
CAR,2,6,33.33,8,0,0,1,5,20.0,5,0,0,All Will Grier red zone passing plays,Will Grier,2019
GB,59,82,71.95,344,35,0,39,48,81.25,153,29,0,All Aaron Rodgers red zone passing plays,Aaron Rodgers,2020
SEA,52,82,63.41,341,29,3,27,45,60.0,105,21,3,All Russell Wilson red zone passing plays,Russell Wilson,2020
TB,51,84,60.71,315,28,0,31,51,60.78,142,24,0,All Tom Brady red zone passing plays,Tom Brady,2020
TEN,43,68,63.24,335,26,2,22,32,68.75,101,19,1,All Ryan Tannehill red zone passing plays,Ryan Tannehill,2020
BUF,53,84,63.1,340,25,0,28,44,63.64,110,19,0,All Josh Allen red zone passing plays,Josh Allen,2020
MIN,37,62,59.68,270,25,0,21,41,51.22,97,18,0,All Kirk Cousins red zone passing plays,Kirk Cousins,2020
KC,43,74,58.11,226,23,2,29,46,63.04,127,21,1,All Patrick Mahomes red zone passing plays,Patrick Mahomes,2020
CLE,45,71,63.38,285,21,0,24,43,55.81,104,17,0,All Baker Mayfield red zone passing plays,Baker Mayfield,2020
LAC,39,71,54.93,271,20,1,19,33,57.58,85,13,0,All Justin Herbert red zone passing plays,Justin Herbert,2020
PIT,43,73,58.9,334,20,2,17,36,47.22,87,13,1,All Ben Roethlisberger red zone passing plays,Ben Roethlisberger,2020
ATL,40,80,50.0,242,19,1,19,42,45.24,95,16,1,All Matt Ryan red zone passing plays,Matt Ryan,2020
BAL,39,58,67.24,259,19,0,21,35,60.0,93,15,0,All Lamar Jackson red zone passing plays,Lamar Jackson,2020
NO,39,62,62.9,302,19,0,14,19,73.68,64,10,0,All Drew Brees red zone passing plays,Drew Brees,2020
ARI,39,62,62.9,219,18,2,23,38,60.53,106,16,1,All Kyler Murray red zone passing plays,Kyler Murray,2020
DET,36,66,54.55,249,17,2,14,27,51.85,58,11,1,All Matthew Stafford red zone passing plays,Matthew Stafford,2020
HOU,50,85,58.82,295,17,0,24,48,50.0,89,13,0,All Deshaun Watson red zone passing plays,Deshaun Watson,2020
IND,45,73,61.64,320,17,1,16,26,61.54,78,10,0,All Philip Rivers red zone passing plays,Philip Rivers,2020
LV,42,78,53.85,247,15,1,24,49,48.98,84,12,0,All Derek Carr red zone passing plays,Derek Carr,2020
LAR,35,53,66.04,233,15,1,12,21,57.14,47,10,1,All Jared Goff red zone passing plays,Jared Goff,2020
JAX,23,56,41.07,176,14,0,10,20,50.0,36,6,0,All Gardner Minshew red zone passing plays,Gardner Minshew,2020
CHI,28,51,54.9,198,13,2,15,26,57.69,60,10,1,All Mitchell Trubisky red zone passing plays,Mitchell Trubisky,2020
PHI,28,51,54.9,201,12,2,13,18,72.22,56,9,1,All Carson Wentz red zone passing plays,Carson Wentz,2020
CIN,29,54,53.7,188,12,2,13,26,50.0,60,10,2,All Joe Burrow red zone passing plays,Joe Burrow,2020
DEN,28,50,56.0,194,11,2,14,24,58.33,70,11,1,All Drew Lock red zone passing plays,Drew Lock,2020
SF,28,43,65.12,211,11,3,16,25,64.0,71,9,1,All Nick Mullens red zone passing plays,Nick Mullens,2020
DAL,29,51,56.86,160,11,3,10,21,47.62,41,8,0,All Andy Dalton red zone passing plays,Andy Dalton,2020
MIA,16,33,48.48,92,10,3,10,20,50.0,42,8,1,All Ryan Fitzpatrick red zone passing plays,Ryan Fitzpatrick,2020
CAR,31,53,58.49,170,9,3,12,24,50.0,45,6,0,All Teddy Bridgewater red zone passing plays,Teddy Bridgewater,2020
MIA,17,34,50.0,87,9,1,12,24,50.0,58,8,1,All Tua Tagovailoa red zone passing plays,Tua Tagovailoa,2020
CHI,19,36,52.78,103,7,1,9,19,47.37,32,5,1,All Nick Foles red zone passing plays,Nick Foles,2020
NYG,32,59,54.24,154,7,3,12,23,52.17,42,5,2,All Daniel Jones red zone passing plays,Daniel Jones,2020
SF,12,18,66.67,82,5,0,5,9,55.56,19,4,0,All Jimmy Garoppolo red zone passing plays,Jimmy Garoppolo,2020
NE,19,36,52.78,117,5,1,7,14,50.0,35,4,0,All Cam Newton red zone passing plays,Cam Newton,2020
WAS,17,28,60.71,126,5,1,7,13,53.85,35,3,0,All Alex Smith red zone passing plays,Alex Smith,2020
NYJ,11,30,36.67,85,5,2,5,13,38.46,19,2,1,All Sam Darnold red zone passing plays,Sam Darnold,2020
WAS,14,21,66.67,108,4,0,3,8,37.5,16,2,0,All Dwayne Haskins red zone passing plays,Dwayne Haskins,2020
SF,10,15,66.67,75,4,0,4,6,66.67,15,3,0,All C.J. Beathard red zone passing plays,C.J. Beathard,2020
DAL,11,20,55.0,71,3,1,5,10,50.0,28,2,1,All Dak Prescott red zone passing plays,Dak Prescott,2020
CIN,6,14,42.86,34,3,1,3,8,37.5,14,3,1,All Brandon Allen red zone passing plays,Brandon Allen,2020
PHI,5,10,50.0,34,3,1,2,5,40.0,9,2,0,All Jalen Hurts red zone passing plays,Jalen Hurts,2020
JAX,7,11,63.64,39,3,0,4,8,50.0,20,3,0,All Mike Glennon red zone passing plays,Mike Glennon,2020
NYJ,5,11,45.45,44,3,0,1,6,16.67,6,1,0,All Joe Flacco red zone passing plays,Joe Flacco,2020
WAS,5,9,55.56,32,2,0,2,4,50.0,6,1,0,All Kyle Allen red zone passing plays,Kyle Allen,2020
NO,10,14,71.43,60,2,0,6,10,60.0,22,0,0,All Taysom Hill red zone passing plays,Taysom Hill,2020
KC,7,9,77.78,37,2,0,3,4,75.0,13,2,0,All Chad Henne red zone passing plays,Chad Henne,2020
DEN,3,6,50.0,29,2,0,1,3,33.33,7,1,0,All Jeff Driskel red zone passing plays,Jeff Driskel,2020
JAX,2,3,66.67,11,1,1,0,0,0.0,0,0,0,All Jake Luton red zone passing plays,Jake Luton,2020
DAL,1,1,100.0,11,1,0,0,0,0.0,0,0,0,All Cedrick Wilson red zone passing plays,Cedrick Wilson,2020
CAR,3,5,60.0,29,1,2,1,3,33.33,2,0,2,All P.J. Walker red zone passing plays,P.J. Walker,2020
DET,3,5,60.0,18,1,0,2,3,66.67,7,1,0,All Chase Daniel red zone passing plays,Chase Daniel,2020
ARI,2,2,100.0,14,1,0,0,0,0.0,0,0,0,All Chris Streveler red zone passing plays,Chris Streveler,2020
NE,1,3,33.33,4,1,0,1,2,50.0,4,1,0,All Jarrett Stidham red zone passing plays,Jarrett Stidham,2020
DEN,2,4,50.0,10,1,1,1,1,100.0,7,1,0,All Brett Rypien red zone passing plays,Brett Rypien,2020
PIT,2,3,66.67,3,1,0,1,1,100.0,2,1,0,All Mason Rudolph red zone passing plays,Mason Rudolph,2020
CIN,3,4,75.0,31,1,1,0,0,0.0,0,0,0,All Ryan Finley red zone passing plays,Ryan Finley,2020
NE,1,1,100.0,19,1,0,0,0,0.0,0,0,0,All Jakobi Meyers red zone passing plays,Jakobi Meyers,2020
BUF,1,1,100.0,12,1,0,0,0,0.0,0,0,0,All Isaiah McKenzie red zone passing plays,Isaiah McKenzie,2020
NYG,4,10,40.0,-2,1,1,1,3,33.33,6,1,0,All Colt McCoy red zone passing plays,Colt McCoy,2020
LAR,2,5,40.0,12,0,0,1,4,25.0,2,0,0,All John Wolford red zone passing plays,John Wolford,2020
NO,2,4,50.0,18,0,0,0,2,0.0,0,0,0,All Jameis Winston red zone passing plays,Jameis Winston,2020
DET,0,1,0.0,0,0,0,0,0,0.0,0,0,0,All Jamal Agnew red zone passing plays,Jamal Agnew,2020
KC,1,2,50.0,4,0,0,1,2,50.0,4,0,0,All Travis Kelce red zone passing plays,Travis Kelce,2020
LV,1,3,33.33,7,0,0,1,3,33.33,7,0,0,All Marcus Mariota red zone passing plays,Marcus Mariota,2020
IND,0,1,0.0,0,0,0,0,0,0.0,0,0,0,All Jacoby Brissett red zone passing plays,Jacoby Brissett,2020
NE,1,1,100.0,-4,0,0,1,1,100.0,-4,0,0,All Brian Hoyer red zone passing plays,Brian Hoyer,2020
HOU,0,1,0.0,0,0,0,0,1,0.0,0,0,0,All Randall Cobb red zone passing plays,Randall Cobb,2020
LAC,0,4,0.0,0,0,0,0,3,0.0,0,0,0,All Tyrod Taylor red zone passing plays,Tyrod Taylor,2020
DAL,2,3,66.67,16,0,0,0,0,0.0,0,0,0,All Ben DiNucci red zone passing plays,Ben DiNucci,2020
NYG,0,1,0.0,0,0,0,0,1,0.0,0,0,0,All Riley Dixon red zone passing plays,Riley Dixon,2020
SEA,1,1,100.0,6,0,0,0,0,0.0,0,0,0,All Geno Smith red zone passing plays,Geno Smith,2020
PIT,2,2,100.0,2,0,0,1,1,100.0,2,0,0,All Joshua Dobbs red zone passing plays,Joshua Dobbs,2020
WAS,1,2,50.0,9,0,0,0,0,0.0,0,0,0,All Taylor Heinicke red zone passing plays,Taylor Heinicke,2020
BAL,0,1,0.0,0,0,0,0,1,0.0,0,0,0,All Robert Griffin red zone passing plays,Robert Griffin,2020
DAL,1,3,33.33,1,0,1,0,2,0.0,0,0,1,All Garrett Gilbert red zone passing plays,Garrett Gilbert,2020
LAR,75,132,56.82,570,40,2,32,64,50.0,151,26,2,All Matthew Stafford red zone passing plays,Matthew Stafford,2021
BUF,72,130,55.38,489,34,2,31,59,52.54,133,20,1,All Josh Allen red zone passing plays,Josh Allen,2021
KC,80,122,65.57,425,34,3,45,63,71.43,164,29,3,All Patrick Mahomes red zone passing plays,Patrick Mahomes,2021
TB,83,135,61.48,501,31,0,35,64,54.69,143,25,0,All Tom Brady red zone passing plays,Tom Brady,2021
LAC,58,104,55.77,381,28,1,25,53,47.17,111,18,1,All Justin Herbert red zone passing plays,Justin Herbert,2021
GB,67,114,58.77,366,28,2,30,52,57.69,117,19,1,All Aaron Rodgers red zone passing plays,Aaron Rodgers,2021
DAL,63,99,63.64,415,26,1,25,36,69.44,114,21,0,All Dak Prescott red zone passing plays,Dak Prescott,2021
MIN,44,71,61.97,306,22,1,20,33,60.61,85,16,1,All Kirk Cousins red zone passing plays,Kirk Cousins,2021
CIN,40,73,54.79,265,19,3,18,33,54.55,96,16,1,All Joe Burrow red zone passing plays,Joe Burrow,2021
PIT,48,90,53.33,324,19,0,21,40,52.5,96,13,0,All Ben Roethlisberger red zone passing plays,Ben Roethlisberger,2021
TEN,50,81,61.73,346,19,4,22,35,62.86,75,12,2,All Ryan Tannehill red zone passing plays,Ryan Tannehill,2021
IND,38,67,56.72,246,19,1,20,38,52.63,87,12,1,All Carson Wentz red zone passing plays,Carson Wentz,2021
LV,47,93,50.54,290,18,3,18,44,40.91,73,12,3,All Derek Carr red zone passing plays,Derek Carr,2021
ATL,43,83,51.81,317,18,0,17,38,44.74,72,11,0,All Matt Ryan red zone passing plays,Matt Ryan,2021
NE,47,80,58.75,272,18,1,19,37,51.35,80,12,0,All Mac Jones red zone passing plays,Mac Jones,2021
SF,34,58,58.62,244,16,2,12,30,40.0,53,8,1,All Jimmy Garoppolo red zone passing plays,Jimmy Garoppolo,2021
SEA,24,45,53.33,175,15,2,10,17,58.82,43,8,1,All Russell Wilson red zone passing plays,Russell Wilson,2021
MIA,34,52,65.38,164,15,1,20,26,76.92,83,14,0,All Tua Tagovailoa red zone passing plays,Tua Tagovailoa,2021
DEN,32,53,60.38,230,15,1,14,27,51.85,68,10,1,All Teddy Bridgewater red zone passing plays,Teddy Bridgewater,2021
ARI,38,73,52.05,255,14,2,16,37,43.24,69,7,2,All Kyler Murray red zone passing plays,Kyler Murray,2021
PHI,33,56,58.93,267,14,1,12,24,50.0,40,7,1,All Jalen Hurts red zone passing plays,Jalen Hurts,2021
BAL,26,47,55.32,181,12,2,12,20,60.0,61,10,2,All Lamar Jackson red zone passing plays,Lamar Jackson,2021
CLE,27,44,61.36,190,12,0,10,21,47.62,38,9,0,All Baker Mayfield red zone passing plays,Baker Mayfield,2021
WAS,29,48,60.42,202,12,2,10,22,45.45,45,7,0,All Taylor Heinicke red zone passing plays,Taylor Heinicke,2021
NO,16,21,76.19,147,11,0,7,9,77.78,37,5,0,All Jameis Winston red zone passing plays,Jameis Winston,2021
DET,25,55,45.45,181,11,1,12,21,57.14,60,9,0,All Jared Goff red zone passing plays,Jared Goff,2021
NO,17,35,48.57,123,10,0,8,17,47.06,28,5,0,All Trevor Siemian red zone passing plays,Trevor Siemian,2021
HOU,18,27,66.67,127,8,0,8,15,53.33,41,6,0,All Davis Mills red zone passing plays,Davis Mills,2021
CAR,22,41,53.66,136,7,1,10,21,47.62,46,6,0,All Sam Darnold red zone passing plays,Sam Darnold,2021
JAX,27,56,48.21,155,7,2,13,32,40.63,53,6,1,All Trevor Lawrence red zone passing plays,Trevor Lawrence,2021
NYJ,24,41,58.54,115,6,0,12,19,63.16,57,6,0,All Zach Wilson red zone passing plays,Zach Wilson,2021
CHI,17,31,54.84,116,5,0,4,14,28.57,17,3,0,All Justin Fields red zone passing plays,Justin Fields,2021
CHI,13,22,59.09,88,5,1,4,10,40.0,13,3,1,All Andy Dalton red zone passing plays,Andy Dalton,2021
NYG,16,42,38.1,70,5,0,9,19,47.37,26,5,0,All Daniel Jones red zone passing plays,Daniel Jones,2021
NYJ,7,9,77.78,75,5,0,2,3,66.67,11,2,0,All Mike White red zone passing plays,Mike White,2021
2TM,8,14,57.14,79,4,1,1,4,25.0,4,1,1,All Josh Johnson red zone passing plays,Josh Johnson,2021
MIA,10,22,45.45,34,4,0,5,12,41.67,13,4,0,All Jacoby Brissett red zone passing plays,Jacoby Brissett,2021
NYG,6,14,42.86,45,4,0,4,8,50.0,22,3,0,All Mike Glennon red zone passing plays,Mike Glennon,2021
HOU,9,23,39.13,59,3,2,4,11,36.36,21,2,0,All Tyrod Taylor red zone passing plays,Tyrod Taylor,2021
BAL,16,24,66.67,81,3,1,7,13,53.85,33,3,0,All Tyler Huntley red zone passing plays,Tyler Huntley,2021
SEA,5,10,50.0,29,3,0,3,4,75.0,9,2,0,All Geno Smith red zone passing plays,Geno Smith,2021
SF,4,7,57.14,27,3,0,3,6,50.0,21,3,0,All Trey Lance red zone passing plays,Trey Lance,2021
ARI,5,10,50.0,15,2,0,2,4,50.0,3,2,0,All Colt McCoy red zone passing plays,Colt McCoy,2021
NYJ,3,7,42.86,22,2,0,1,3,33.33,2,1,0,All Joe Flacco red zone passing plays,Joe Flacco,2021
CAR,3,7,42.86,12,2,0,3,5,60.0,12,2,0,All Cam Newton red zone passing plays,Cam Newton,2021
CLE,5,12,41.67,28,2,1,3,6,50.0,16,2,0,All Case Keenum red zone passing plays,Case Keenum,2021
DAL,4,4,100.0,31,2,0,2,2,100.0,14,2,0,All Cooper Rush red zone passing plays,Cooper Rush,2021
DET,7,12,58.33,43,2,1,2,6,33.33,13,2,1,All Tim Boyle red zone passing plays,Tim Boyle,2021
NO,7,13,53.85,46,2,0,2,3,66.67,5,0,0,All Taysom Hill red zone passing plays,Taysom Hill,2021
CIN,3,6,50.0,20,2,0,2,3,66.67,11,2,0,All Brandon Allen red zone passing plays,Brandon Allen,2021
PIT,5,11,45.45,36,1,0,2,6,33.33,15,1,0,All Mason Rudolph red zone passing plays,Mason Rudolph,2021
CIN,1,1,100.0,6,1,0,1,1,100.0,6,1,0,All Joe Mixon red zone passing plays,Joe Mixon,2021
CAR,3,6,50.0,21,1,0,2,3,66.67,8,1,0,All P.J. Walker red zone passing plays,P.J. Walker,2021
WAS,2,2,100.0,19,1,0,0,0,0.0,0,0,0,All Kyle Allen red zone passing plays,Kyle Allen,2021
PHI,5,6,83.33,4,1,0,1,2,50.0,3,1,0,All Gardner Minshew red zone passing plays,Gardner Minshew,2021
TEN,1,1,100.0,5,1,0,1,1,100.0,5,1,0,All Derrick Henry red zone passing plays,Derrick Henry,2021
MIN,1,1,100.0,14,1,0,0,0,0.0,0,0,0,All Sean Mannion red zone passing plays,Sean Mannion,2021
CHI,3,6,50.0,26,1,0,2,3,66.67,11,0,0,All Nick Foles red zone passing plays,Nick Foles,2021
DEN,4,9,44.44,18,1,1,3,6,50.0,9,1,1,All Drew Lock red zone passing plays,Drew Lock,2021
KC,1,1,100.0,2,1,0,1,1,100.0,2,1,0,All Travis Kelce red zone passing plays,Travis Kelce,2021
CLE,2,3,66.67,12,1,0,1,2,50.0,6,1,0,All Nick Mullens red zone passing plays,Nick Mullens,2021
NE,2,2,100.0,19,1,0,0,0,0.0,0,0,0,All Brian Hoyer red zone passing plays,Brian Hoyer,2021
NYG,0,5,0.0,0,0,1,0,2,0.0,0,0,0,All Jake Fromm red zone passing plays,Jake Fromm,2021
LAR,1,1,100.0,2,0,0,0,0,0.0,0,0,0,All Johnny Hekker red zone passing plays,Johnny Hekker,2021
KC,1,1,100.0,8,0,0,0,0,0.0,0,0,0,All Chad Henne red zone passing plays,Chad Henne,2021
MIA,0,1,0.0,0,0,0,0,1,0.0,0,0,0,All Albert Wilson red zone passing plays,Albert Wilson,2021
DEN,1,1,100.0,1,0,0,1,1,100.0,1,0,0,All Kendall Hinton red zone passing plays,Kendall Hinton,2021
BUF,0,1,0.0,0,0,0,0,0,0.0,0,0,0,All Cole Beasley red zone passing plays,Cole Beasley,2021
PHI,1,2,50.0,2,0,0,1,2,50.0,2,0,0,All Greg Ward red zone passing plays,Greg Ward,2021
WAS,1,3,33.33,6,0,0,0,2,0.0,0,0,0,All Garrett Gilbert red zone passing plays,Garrett Gilbert,2021
PIT,0,1,0.0,0,0,0,0,1,0.0,0,0,0,All Chris Boswell red zone passing plays,Chris Boswell,2021
TB,1,1,100.0,14,0,0,0,0,0.0,0,0,0,All Blaine Gabbert red zone passing plays,Blaine Gabbert,2021
ARI,0,1,0.0,0,0,0,0,0,0.0,0,0,0,All Chris Streveler red zone passing plays,Chris Streveler,2021
SF,0,1,0.0,0,0,0,0,0,0.0,0,0,0,All Deebo Samuel red zone passing plays,Deebo Samuel,2021
NYJ,0,1,0.0,0,0,0,0,1,0.0,0,0,0,All Keelan Cole red zone passing plays,Keelan Cole,2021
GB,4,7,57.14,19,0,0,1,1,100.0,3,0,0,All Jordan Love red zone passing plays,Jordan Love,2021
LV,1,1,100.0,4,0,0,0,0,0.0,0,0,0,All Marcus Mariota red zone passing plays,Marcus Mariota,2021
DAL,1,1,100.0,4,0,0,0,0,0.0,0,0,0,All Ezekiel Elliott red zone passing plays,Ezekiel Elliott,2021
CHI,0,1,0.0,0,0,1,0,1,0.0,0,0,1,All David Montgomery red zone passing plays,David Montgomery,2021
KC,73,123,59.35,433,34,3,44,73,60.27,184,29,3,All Patrick Mahomes red zone passing plays,Patrick Mahomes,2022
BUF,45,84,53.57,353,24,5,18,40,45.0,80,14,3,All Josh Allen red zone passing plays,Josh Allen,2022
CIN,54,92,58.7,382,24,1,17,38,44.74,79,14,0,All Joe Burrow red zone passing plays,Joe Burrow,2022
MIN,60,99,60.61,387,23,2,28,53,52.83,104,16,1,All Kirk Cousins red zone passing plays,Kirk Cousins,2022
DET,54,91,59.34,336,22,1,26,44,59.09,99,20,0,All Jared Goff red zone passing plays,Jared Goff,2022
TB,57,97,58.76,330,20,0,25,50,50.0,109,18,0,All Tom Brady red zone passing plays,Tom Brady,2022
LAC,57,98,58.16,307,20,1,27,49,55.1,48,12,1,All Justin Herbert red zone passing plays,Justin Herbert,2022
JAX,41,82,50.0,277,19,3,20,36,55.56,103,15,2,All Trevor Lawrence red zone passing plays,Trevor Lawrence,2022
GB,45,75,60.0,271,17,2,18,34,52.94,68,11,2,All Aaron Rodgers red zone passing plays,Aaron Rodgers,2022
SEA,37,70,52.86,260,17,0,14,28,50.0,67,10,0,All Geno Smith red zone passing plays,Geno Smith,2022
DAL,32,49,65.31,217,16,1,17,27,62.96,82,11,0,All Dak Prescott red zone passing plays,Dak Prescott,2022
MIA,29,46,63.04,199,15,0,12,24,50.0,64,9,0,All Tua Tagovailoa red zone passing plays,Tua Tagovailoa,2022
HOU,25,54,46.3,193,14,1,9,19,47.37,41,6,1,All Davis Mills red zone passing plays,Davis Mills,2022
BAL,26,56,46.43,197,13,1,11,23,47.83,51,7,1,All Lamar Jackson red zone passing plays,Lamar Jackson,2022
NYG,26,41,63.41,182,12,1,15,22,68.18,79,11,1,All Daniel Jones red zone passing plays,Daniel Jones,2022
SF,26,43,60.47,183,12,1,13,21,61.9,64,8,1,All Jimmy Garoppolo red zone passing plays,Jimmy Garoppolo,2022
CHI,22,32,68.75,167,12,1,8,13,61.54,51,6,1,All Justin Fields red zone passing plays,Justin Fields,2022
IND,27,52,51.92,202,12,0,10,27,37.04,52,7,0,All Matt Ryan red zone passing plays,Matt Ryan,2022
ATL,21,35,60.0,117,11,1,11,20,55.0,44,8,1,All Marcus Mariota red zone passing plays,Marcus Mariota,2022
CLE,22,46,47.83,127,11,1,9,19,47.37,41,7,1,All Jacoby Brissett red zone passing plays,Jacoby Brissett,2022
LV,24,57,42.11,170,11,2,10,30,33.33,46,8,2,All Derek Carr red zone passing plays,Derek Carr,2022
NO,31,47,65.96,250,11,1,11,16,68.75,48,5,1,All Andy Dalton red zone passing plays,Andy Dalton,2022
TEN,29,50,58.0,213,10,0,14,22,63.64,79,7,0,All Ryan Tannehill red zone passing plays,Ryan Tannehill,2022
ARI,23,44,52.27,113,9,0,10,25,40.0,56,9,0,All Kyler Murray red zone passing plays,Kyler Murray,2022
WAS,16,33,48.48,145,9,0,8,21,38.1,42,5,0,All Taylor Heinicke red zone passing plays,Taylor Heinicke,2022
PHI,24,48,50.0,162,9,1,8,22,36.36,45,6,1,All Jalen Hurts red zone passing plays,Jalen Hurts,2022
NE,23,39,58.97,123,8,1,14,27,51.85,53,8,1,All Mac Jones red zone passing plays,Mac Jones,2022
LAR,19,40,47.5,121,7,0,12,28,42.86,44,6,0,All Matthew Stafford red zone passing plays,Matthew Stafford,2022
DEN,22,45,48.89,137,7,1,10,23,43.48,48,5,0,All Russell Wilson red zone passing plays,Russell Wilson,2022
CAR,11,21,52.38,84,6,0,4,11,36.36,15,3,0,All Sam Darnold red zone passing plays,Sam Darnold,2022
2TM,17,31,54.84,92,6,0,9,15,60.0,40,4,0,All Baker Mayfield red zone passing plays,Baker Mayfield,2022
SF,13,17,76.47,66,6,1,6,8,75.0,15,6,0,All Brock Purdy red zone passing plays,Brock Purdy,2022
NYJ,8,17,47.06,58,5,0,5,8,62.5,30,5,0,All Zach Wilson red zone passing plays,Zach Wilson,2022
CLE,11,28,39.29,77,5,1,5,13,38.46,23,3,0,All Deshaun Watson red zone passing plays,Deshaun Watson,2022
WAS,14,25,56.0,94,5,1,6,12,50.0,24,4,1,All Carson Wentz red zone passing plays,Carson Wentz,2022
PIT,18,46,39.13,120,5,0,8,21,38.1,41,3,0,All Kenny Pickett red zone passing plays,Kenny Pickett,2022
NO,8,14,57.14,46,4,0,4,5,80.0,23,4,0,All Jameis Winston red zone passing plays,Jameis Winston,2022
NYJ,10,24,41.67,46,4,1,5,12,41.67,24,3,0,All Joe Flacco red zone passing plays,Joe Flacco,2022
PIT,8,11,72.73,50,4,1,5,7,71.43,29,4,0,All Mitchell Trubisky red zone passing plays,Mitchell Trubisky,2022
MIA,7,8,87.5,56,4,0,4,5,80.0,16,4,0,All Teddy Bridgewater red zone passing plays,Teddy Bridgewater,2022
DAL,9,18,50.0,58,4,0,5,8,62.5,30,4,0,All Cooper Rush red zone passing plays,Cooper Rush,2022
IND,7,13,53.85,25,3,1,5,8,62.5,16,3,0,All Sam Ehlinger red zone passing plays,Sam Ehlinger,2022
BAL,9,15,60.0,29,2,1,3,6,50.0,10,2,0,All Tyler Huntley red zone passing plays,Tyler Huntley,2022
LV,8,17,47.06,47,2,0,3,7,42.86,9,1,0,All Jarrett Stidham red zone passing plays,Jarrett Stidham,2022
DEN,3,5,60.0,10,2,0,3,5,60.0,10,2,0,All Brett Rypien red zone passing plays,Brett Rypien,2022
PHI,2,6,33.33,23,2,0,1,1,100.0,9,1,0,All Gardner Minshew red zone passing plays,Gardner Minshew,2022
ATL,8,17,47.06,36,2,0,3,11,27.27,12,2,0,All Desmond Ridder red zone passing plays,Desmond Ridder,2022
CHI,2,4,50.0,7,1,1,2,4,50.0,7,1,1,All Trevor Siemian red zone passing plays,Trevor Siemian,2022
NE,4,9,44.44,21,1,0,1,3,33.33,2,1,0,All Bailey Zappe red zone passing plays,Bailey Zappe,2022
LAR,4,6,66.67,37,1,0,1,2,50.0,3,1,0,All John Wolford red zone passing plays,John Wolford,2022
HOU,5,9,55.56,31,1,0,1,5,20.0,6,1,0,All Kyle Allen red zone passing plays,Kyle Allen,2022
NYG,1,1,100.0,19,1,0,0,0,0.0,0,0,0,All Tyrod Taylor red zone passing plays,Tyrod Taylor,2022
MIA,5,9,55.56,4,1,0,2,2,100.0,13,1,0,All Skylar Thompson red zone passing plays,Skylar Thompson,2022
NYJ,10,24,41.67,40,1,1,3,9,33.33,14,1,0,All Mike White red zone passing plays,Mike White,2022
TB,2,2,100.0,10,1,0,2,2,100.0,10,1,0,All Blaine Gabbert red zone passing plays,Blaine Gabbert,2022
NYJ,1,1,100.0,2,1,0,1,1,100.0,2,1,0,All Braxton Berrios red zone passing plays,Braxton Berrios,2022
ARI,2,4,50.0,13,1,0,1,1,100.0,4,1,0,All David Blough red zone passing plays,David Blough,2022
PIT,1,1,100.0,1,1,0,1,1,100.0,1,1,0,All Chase Claypool red zone passing plays,Chase Claypool,2022
LAC,3,3,100.0,14,1,0,1,1,100.0,3,1,0,All Chase Daniel red zone passing plays,Chase Daniel,2022
TEN,2,4,50.0,11,1,0,1,2,50.0,7,1,0,All Joshua Dobbs red zone passing plays,Joshua Dobbs,2022
CHI,1,1,100.0,11,1,0,0,0,0.0,0,0,0,All Nathan Peterman red zone passing plays,Nathan Peterman,2022
TEN,1,1,100.0,3,1,0,1,1,100.0,3,1,0,All Derrick Henry red zone passing plays,Derrick Henry,2022
WAS,2,5,40.0,22,1,1,1,2,50.0,6,0,1,All Sam Howell red zone passing plays,Sam Howell,2022
LAR,2,5,40.0,13,1,0,1,1,100.0,7,1,0,All Bryce Perkins red zone passing plays,Bryce Perkins,2022
MIN,3,3,100.0,11,1,0,1,1,100.0,9,1,0,All Nick Mullens red zone passing plays,Nick Mullens,2022
ARI,7,12,58.33,38,1,0,2,3,66.67,11,1,0,All Colt McCoy red zone passing plays,Colt McCoy,2022
NYJ,0,1,0.0,0,0,0,0,0,0.0,0,0,0,All Braden Mann red zone passing plays,Braden Mann,2022
BAL,1,5,20.0,12,0,0,0,3,0.0,0,0,0,All Anthony Brown red zone passing plays,Anthony Brown,2022
HOU,0,1,0.0,0,0,0,0,0,0.0,0,0,0,All Rex Burkhead red zone passing plays,Rex Burkhead,2022
ARI,0,2,0.0,0,0,1,0,0,0.0,0,0,0,All Trace McSorley red zone passing plays,Trace McSorley,2022
TEN,1,4,25.0,10,0,0,0,1,0.0,0,0,0,All Malik Willis red zone passing plays,Malik Willis,2022
SEA,0,1,0.0,0,0,1,0,1,0.0,0,0,1,All DeeJay Dallas red zone passing plays,DeeJay Dallas,2022
NYG,1,3,33.33,12,0,0,0,1,0.0,0,0,0,All Davis Webb red zone passing plays,Davis Webb,2022
NE,1,2,50.0,-1,0,0,0,0,0.0,0,0,0,All Brian Hoyer red zone passing plays,Brian Hoyer,2022
CAR,0,2,0.0,0,0,0,0,2,0.0,0,0,0,All P.J. Walker red zone passing plays,P.J. Walker,2022
HOU,2,4,50.0,1,0,0,1,2,50.0,4,0,0,All Jeff Driskel red zone passing plays,Jeff Driskel,2022
CAR,2,4,50.0,10,0,1,0,1,0.0,0,0,1,All Jacob Eason red zone passing plays,Jacob Eason,2022
IND,2,3,66.67,11,0,0,1,1,100.0,4,0,0,All Nick Foles red zone passing plays,Nick Foles,2022
GB,0,1,0.0,0,0,0,0,0,0.0,0,0,0,All Jordan Love red zone passing plays,Jordan Love,2022
PIT,1,1,100.0,4,0,0,1,1,100.0,4,0,0,All Najee Harris red zone passing plays,Najee Harris,2022
NYJ,0,1,0.0,0,0,0,0,0,0.0,0,0,0,All Chris Streveler red zone passing plays,Chris Streveler,2022
SF,1,1,100.0,5,0,0,1,1,100.0,5,0,0,All Trey Lance red zone passing plays,Trey Lance,2022
NO,0,2,0.0,0,0,0,0,0,0.0,0,0,0,All Taysom Hill red zone passing plays,Taysom Hill,2022
