Player,Tm,Age,Tgt,TD_rec,Team_Yds,Team_Tgt,VBD,PPR,Year
Rob Gronkowski,NE,26,120,11,6216,623,93,255.6,2015
Gary Barnidge,CLE,30,125,9,5605,590,68,237.3,2015
Jordan Reed,WAS,25,114,11,5808,544,67,244.2,2015
Greg Olsen,CAR,30,124,7,6156,495,60,227.4,2015
Delanie Walker,TEN,31,133,6,5327,537,60,244.4,2015
Tyler Eifert,CIN,25,74,13,5909,490,49,191.5,2015
Travis Kelce,KC,26,103,5,5533,463,27,189.5,2015
Ben Watson,NO,35,110,6,6675,628,26,190.5,2015
Richard Rodgers,GB,23,85,8,5667,565,12,160.1,2015
Zach Ertz,PHI,25,112,2,6084,620,5,170.3,2015
Antonio Gates,SDG,35,85,5,6213,657,2,149.0,2015
Rishard Matthews,MIA,26,61,4,5605,574,0,133.6,2015
Jason Witten,DAL,33,104,3,3253,507,0,164.3,2015
Eric Ebron,DET,22,70,5,5764,622,0,130.7,2015
Kyle Rudolph,MIN,26,73,5,5351,421,0,128.5,2015
Julius Thomas,JAX,27,80,5,5847,597,0,121.5,2015
Zach Miller,CHI,31,46,5,5505,516,0,107.9,2015
Jimmy Graham,SEA,29,74,2,6082,452,0,120.5,2015
Jacob Tamme,ATL,30,81,1,6208,571,0,130.7,2015
Charles Clay,BUF,26,77,3,5988,397,0,121.8,2015
Owen Daniels,DEN,33,77,3,5934,575,0,115.7,2015
Coby Fleener,IND,27,84,3,5307,596,0,123.1,2015
Heath Miller,PIT,33,81,2,6546,583,0,127.7,2015
Crockett Gillmore,BAL,24,47,4,4591,580,0,98.2,2015
Martellus Bennett,CHI,28,80,3,5505,516,0,114.9,2015
Will Tye,NYG,24,62,3,6109,614,0,104.4,2015
Brent Celek,PHI,30,35,3,6084,620,0,84.8,2015
Austin Seferian-Jenkins,TB,23,39,4,6204,525,0,78.8,2015
Jordan Cameron,MIA,27,70,3,5605,574,0,91.6,2015
Vance McDonald,SF,25,46,3,4759,439,0,80.6,2015
Clive Walford,OAK,24,50,3,5589,567,0,78.9,2015
Scott Chandler,NE,30,42,4,6216,623,0,72.9,2015
Darren Fells,ARI,29,28,3,6692,549,0,70.1,2015
Jared Cook,STL,28,75,0,4843,465,0,87.1,2015
Cameron Brate,TB,24,30,3,6204,525,0,69.8,2015
Anthony Fasano,TEN,31,42,2,5327,537,0,66.9,2015
Vernon Davis,2TM,31,58,0,4709,249,0,77.5,2015
Garrett Celek,SF,27,28,3,4759,439,0,55.6,2015
Ryan Griffin,HOU,25,34,2,4694,612,0,57.1,2015
Lance Kendricks,STL,27,36,2,4843,465,0,61.5,2015
Larry Donnell,NYG,27,41,2,6109,614,0,63.3,2015
Mychal Rivera,OAK,25,46,1,5589,567,0,66.0,2015
Maxx Williams,BAL,21,48,1,4591,580,0,64.8,2015
Ed Dickson,CAR,28,26,2,6156,495,0,47.1,2015
Jermaine Gresham,ARI,27,32,1,6692,549,0,46.3,2015
Luke Willson,SEA,25,26,1,6082,452,0,44.3,2015
Josh Hill,NO,25,30,2,6675,628,0,40.0,2015
Michael Hoomanawanui,2TM,27,16,3,4709,249,0,34.6,2015
Craig Stevens,TEN,31,16,2,5327,537,0,36.1,2015
Virgil Green,DEN,27,15,1,5934,575,0,35.3,2015
Clay Harbor,JAX,28,20,1,5847,597,0,36.9,2015
Marcedes Lewis,JAX,31,37,0,5847,597,0,38.6,2015
C.J. Fiedorowicz,HOU,24,24,1,4694,612,0,37.7,2015
Derek Carrier,WAS,25,22,1,5808,544,0,37.1,2015
Tim Wright,DET,25,16,2,5764,622,0,28.7,2015
Blake Bell,SF,24,25,0,4759,439,0,33.6,2015
Tyler Kroft,CIN,23,15,1,5909,490,0,29.9,2015
Dwayne Allen,IND,25,29,1,5307,596,0,33.0,2015
Nick Boyle,BAL,22,23,0,4591,580,0,35.3,2015
Dion Sims,MIA,24,25,1,5605,574,0,34.7,2015
Jake Stoneburner,MIA,26,5,2,5605,574,0,21.7,2015
Justin Perillo,GB,24,13,1,5667,565,0,27.2,2015
Chris Gragg,BUF,25,20,0,5988,397,0,27.0,2015
Troy Niklas,ARI,23,4,2,6692,549,0,19.3,2015
Jesse James,PIT,21,11,1,6546,583,0,21.6,2015
Chase Coffman,2TM,29,11,1,4709,249,0,21.1,2015
Jack Doyle,IND,25,14,1,5307,596,0,25.2,2015
Demetrius Harris,KC,24,11,1,5533,463,0,20.4,2015
Cooper Helfet,SEA,26,22,0,6082,452,0,26.0,2015
Brandon Myers,TB,30,17,0,6204,525,0,24.7,2015
Brandon Pettigrew,DET,30,15,1,5764,622,0,19.7,2015
John Phillips,SDG,28,11,1,6213,657,0,22.9,2015
Lee Smith,OAK,28,13,1,5589,567,0,25.0,2015
Tony Moeaki,ATL,28,5,1,6208,571,0,14.8,2015
Luke Stocker,TB,27,13,1,6204,525,0,21.1,2015
Michael Burton,DET,23,6,1,5764,622,0,16.1,2015
Gavin Escobar,DAL,24,13,1,3253,507,0,18.4,2015
Ryan Hewitt,CIN,24,12,0,5909,490,0,17.9,2015
James O'Shaughnessy,KC,23,9,0,5533,463,0,14.7,2015
MyCole Pruitt,MIN,23,16,0,5351,421,0,18.9,2015
Jeff Cumberland,NYJ,28,14,0,6038,601,0,12.7,2015
Kellen Davis,NYJ,30,11,1,6038,601,0,10.8,2015
James Hanna,DAL,26,14,0,3253,507,0,16.9,2015
Daniel Brown,BAL,23,11,0,4591,580,0,12.4,2015
Jerome Cunningham,NYG,24,16,0,6109,614,0,13.9,2015
Jim Dray,CLE,29,16,0,5605,590,0,12.1,2015
Daniel Fells,NYG,32,7,0,6109,614,0,12.0,2015
Levine Toilolo,ATL,24,12,0,6208,571,0,13.4,2015
Trey Burton,PHI,24,4,0,6084,620,0,8.4,2015
Rob Housler,2TM,27,7,0,4709,249,0,7.3,2015
Andrew Quarless,GB,27,5,0,5667,565,0,7.1,2015
Michael Williams,NE,25,6,0,6216,623,0,5.6,2015
Matt LaCosse,NYG,23,3,0,6109,614,0,5.2,2015
Darren Waller,BAL,23,6,0,4591,580,0,3.8,2015
E.J. Bibbs,CLE,24,2,0,5605,590,0,1.7,2015
Nic Jacobs,JAX,24,3,0,5847,597,0,1.6,2015
Jorvorskie Lane,TB,28,2,0,6204,525,0,3.3,2015
Khari Lee,CHI,23,3,0,5505,516,0,1.7,2015
Brian Parker,KC,23,2,0,5533,463,0,1.6,2015
Scott Simonson,CAR,23,1,0,6156,495,0,2.0,2015
Matt Spaeth,PIT,32,3,0,6546,583,0,3.0,2015
Phillip Supernaw,TEN,25,4,0,5327,537,0,4.2,2015
Asante Cleveland,NE,23,1,0,6216,623,0,1.1,2015
MarQueis Gray,BUF,26,1,0,5988,397,0,1.2,2015
Brian Leonhardt,SF,25,1,0,4759,439,0,1.4,2015
Matthew Mulligan,BUF,30,1,0,5988,397,0,1.2,2015
Geoff Swaim,DAL,22,1,0,3253,507,0,1.0,2015
C.J. Uzomah,CIN,22,1,0,5909,490,0,1.4,2015
David Johnson,SDG,28,2,0,6213,657,0,-0.2,2015
Travis Kelce,KC,27,117,4,5636,531,51,223.0,2016
Greg Olsen,CAR,31,129,3,5776,552,40,207.3,2016
Kyle Rudolph,MIN,27,132,7,4872,539,39,209.0,2016
Jimmy Graham,SEA,30,95,6,5464,510,37,189.3,2016
Delanie Walker,TEN,32,102,7,5909,486,36,188.1,2016
Cameron Brate,TB,25,81,8,5776,562,27,171.0,2016
Martellus Bennett,NE,29,73,7,6328,540,26,168.1,2016
Zach Ertz,PHI,26,106,4,5601,587,18,183.6,2016
Jordan Reed,WAS,26,89,6,6613,592,15,168.6,2016
Antonio Gates,SDG,36,93,7,5815,556,8,147.8,2016
Hunter Henry,SDG,22,53,8,5815,556,7,129.8,2016
Coby Fleener,NO,28,81,3,7000,657,0,137.3,2016
Jack Doyle,IND,26,75,5,5865,572,0,145.4,2016
Eric Ebron,DET,23,85,1,5599,574,0,144.2,2016
Dennis Pitta,BAL,31,121,2,5711,650,0,168.9,2016
Jason Witten,DAL,34,95,3,6160,475,0,152.3,2016
C.J. Fiedorowicz,HOU,25,89,4,5277,577,0,133.9,2016
Dwayne Allen,IND,26,52,6,5865,572,0,113.6,2016
Charles Clay,BUF,27,87,4,5864,436,0,136.2,2016
Gary Barnidge,CLE,31,82,2,5405,558,0,130.2,2016
Zach Miller,CHI,32,64,4,5866,529,0,119.6,2016
Rob Gronkowski,NE,27,38,3,6328,540,0,97.0,2016
Vernon Davis,WAS,32,59,2,6613,592,0,114.3,2016
Tyler Eifert,CIN,26,47,5,5975,541,0,98.4,2016
Vance McDonald,SF,26,45,4,5179,487,0,87.1,2016
Lance Kendricks,LAR,28,87,2,4561,529,0,109.9,2016
Ryan Griffin,HOU,26,74,2,5277,577,0,104.2,2016
Clive Walford,OAK,25,52,3,6032,563,0,86.9,2016
Jesse James,PIT,22,60,3,6140,590,0,90.8,2016
Julius Thomas,JAX,28,51,4,5556,623,0,82.1,2016
Garrett Celek,SF,28,50,3,5179,487,0,80.0,2016
Jermaine Gresham,ARI,28,61,2,6157,562,0,88.1,2016
Dion Sims,MIA,25,35,4,5540,467,0,75.6,2016
Will Tye,NYG,25,70,1,5439,597,0,93.5,2016
Austin Hooper,ATL,22,27,3,6888,498,0,64.1,2016
Jared Cook,GB,29,51,1,6027,609,0,71.7,2016
Trey Burton,PHI,25,60,1,5601,587,0,75.7,2016
Richard Rodgers,GB,24,47,2,6027,609,0,69.1,2016
Jacob Tamme,ATL,31,31,3,6888,498,0,61.0,2016
Levine Toilolo,ATL,25,19,2,6888,498,0,51.4,2016
Ladarius Green,PIT,26,34,1,6140,590,0,54.4,2016
Erik Swoope,IND,24,22,1,5865,572,0,50.7,2016
Virgil Green,DEN,28,37,1,5221,518,0,51.7,2016
C.J. Uzomah,CIN,23,38,1,5975,541,0,54.4,2016
Demetrius Harris,KC,25,31,1,5636,531,0,43.3,2016
Seth Devalve,CLE,23,12,2,5405,558,0,34.7,2016
Mychal Rivera,OAK,26,25,1,6032,563,0,43.2,2016
Luke Willson,SEA,26,21,2,5464,510,0,39.9,2016
Xavier Grimble,PIT,24,21,2,6140,590,0,34.8,2016
Marcedes Lewis,JAX,32,30,1,5556,623,0,42.9,2016
Ben Koyack,JAX,23,24,1,5556,623,0,41.1,2016
Darren Fells,ARI,30,18,1,6157,562,0,35.4,2016
Josh Hill,NO,26,22,1,7000,657,0,35.9,2016
Austin Seferian-Jenkins,2TM,24,20,1,831,270,0,34.4,2016
Darren Waller,BAL,24,17,2,5711,650,0,30.5,2016
Anthony Fasano,TEN,32,13,2,5909,486,0,28.3,2016
Ed Dickson,CAR,29,19,1,5776,552,0,29.4,2016
Jerell Adams,NYG,24,21,1,5439,597,0,34.2,2016
Daniel Brown,2TM,24,20,1,831,270,0,34.4,2016
MarQueis Gray,MIA,27,17,0,5540,467,0,31.4,2016
Brent Celek,PHI,31,19,0,5601,587,0,29.5,2016
Stephen Anderson,HOU,23,16,1,5277,577,0,26.3,2016
Tyler Higbee,LAR,23,29,1,4561,529,0,25.5,2016
A.J. Derby,2TM,25,20,0,831,270,0,30.0,2016
Jeff Heuerman,DEN,24,17,0,5221,518,0,23.1,2016
Brandon Myers,TB,31,14,1,5776,562,0,20.9,2016
Larry Donnell,NYG,28,22,1,5439,597,0,28.2,2016
Crockett Gillmore,BAL,25,14,1,5711,650,0,21.1,2016
John Phillips,2TM,29,15,1,831,270,0,23.2,2016
Jordan Cameron,MIA,28,11,1,5540,467,0,20.0,2016
Dominique Jones,MIA,29,10,1,5540,467,0,19.1,2016
Alan Cross,TB,23,10,1,5776,562,0,15.8,2016
David Johnson,PIT,29,11,0,6140,590,0,17.0,2016
Joshua Perkins,ATL,23,5,1,6888,498,0,13.2,2016
Blake Bell,SF,25,9,0,5179,487,0,12.5,2016
Gavin Escobar,DAL,25,7,1,6160,475,0,13.0,2016
Tyler Kroft,CIN,24,12,0,5975,541,0,19.2,2016
Connor Hamlett,CLE,24,1,1,5405,558,0,8.7,2016
Matt Lengel,NE,26,3,1,6328,540,0,10.2,2016
Geoff Swaim,DAL,23,8,0,6160,475,0,12.9,2016
Jace Amaro,TEN,24,4,0,5909,486,0,8.9,2016
Brandon Bostick,NYJ,27,11,0,5437,525,0,14.3,2016
Phillip Supernaw,TEN,26,5,0,5909,486,0,10.2,2016
D.J. Tialavea,ATL,25,1,1,6888,498,0,7.1,2016
Nick Boyle,BAL,23,6,0,5711,650,0,10.4,2016
Ben Braunecker,CHI,22,6,0,5866,529,0,8.1,2016
Justin Perillo,GB,25,5,0,6027,609,0,7.5,2016
Brandon Williams,SEA,29,3,0,5464,510,0,5.6,2016
Sean McGrath,SDG,29,2,0,5815,556,0,4.5,2016
Lee Smith,OAK,29,6,0,6032,563,0,8.9,2016
Nick Vannett,SEA,23,4,0,5464,510,0,6.2,2016
James Develin,NE,28,6,0,6328,540,0,4.8,2016
Clay Harbor,2TM,29,3,0,831,270,0,4.9,2016
Logan Paulsen,CHI,29,10,0,5866,529,0,4.5,2016
Luke Stocker,TB,28,8,0,5776,562,0,7.3,2016
Ross Travis,KC,23,6,0,5636,531,0,4.5,2016
Cole Wick,DET,23,3,0,5599,574,0,3.8,2016
Derek Carrier,WAS,26,2,0,6613,592,0,3.0,2016
Gerald Christian,BUF,25,2,0,5864,436,0,2.4,2016
Alex Ellis,JAX,23,4,0,5556,623,0,4.1,2016
Je'Ron Hamm,SF,24,4,0,5179,487,0,3.3,2016
Ryan Hewitt,CIN,25,3,0,5975,541,0,3.3,2016
Henry Krieger-Coble,DEN,24,1,0,5221,518,0,2.3,2016
Chris Manhertz,2TM,24,1,0,831,270,0,2.0,2016
Matthew Mulligan,DET,31,1,0,5599,574,0,1.8,2016
MyCole Pruitt,2TM,24,2,0,831,270,0,3.3,2016
David Morgan,MIN,23,1,0,4872,539,0,1.4,2016
Troy Niklas,ARI,24,2,0,6157,562,0,1.0,2016
James O'Shaughnessy,KC,24,3,0,5636,531,0,1.9,2016
Randall Telfer,CLE,24,7,0,5405,558,0,2.4,2016
Rob Gronkowski,NE,28,105,8,6455,573,77,227.4,2017
Travis Kelce,KC,28,122,8,6229,515,69,233.5,2017
Zach Ertz,PHI,27,110,8,5674,541,47,202.4,2017
Jimmy Graham,SEA,31,96,10,5612,526,32,171.0,2017
Evan Engram,NYG,23,115,6,5228,593,28,173.6,2017
Kyle Rudolph,MIN,28,81,8,5886,520,19,158.2,2017
Delanie Walker,TEN,33,111,3,5172,481,19,174.5,2017
Cameron Brate,TB,26,77,6,6040,590,13,143.1,2017
Jack Doyle,IND,27,108,4,4757,467,7,169.0,2017
Jason Witten,DAL,35,87,5,5472,480,2,147.0,2017
Tyler Kroft,CIN,25,62,7,4715,485,1,124.4,2017
Hunter Henry,LAC,23,62,4,6146,566,0,126.9,2017
Jared Cook,OAK,30,86,2,5329,552,0,132.8,2017
Vernon Davis,WAS,33,69,3,5512,533,0,121.8,2017
Eric Ebron,DET,24,86,4,5681,564,0,132.4,2017
Ben Watson,BAL,37,79,4,5000,555,0,137.2,2017
O.J. Howard,TB,23,39,6,6040,590,0,101.2,2017
Austin Hooper,ATL,23,65,3,5993,516,0,119.6,2017
Charles Clay,BUF,28,74,2,5014,347,0,116.8,2017
George Kittle,SF,24,63,2,4645,551,0,106.5,2017
Marcedes Lewis,JAX,33,48,5,5949,513,0,87.8,2017
David Njoku,CLE,21,60,4,5251,527,0,94.7,2017
Garrett Celek,SF,29,33,4,4645,551,0,78.6,2017
Trey Burton,PHI,26,31,5,5674,541,0,79.8,2017
Julius Thomas,MIA,29,62,3,4715,557,0,97.8,2017
Jesse James,PIT,23,63,3,6157,584,0,98.2,2017
Austin Seferian-Jenkins,NYJ,25,74,3,5168,484,0,101.7,2017
Ed Dickson,CAR,30,48,1,5394,425,0,79.7,2017
Antonio Gates,LAC,37,52,3,6146,566,0,79.6,2017
Seth Devalve,CLE,24,58,1,5251,527,0,76.5,2017
Jermaine Gresham,ARI,29,46,2,4864,526,0,77.2,2017
Coby Fleener,NO,29,30,2,6319,525,0,63.5,2017
Stephen Anderson,HOU,24,52,1,5484,507,0,65.2,2017
Luke Willson,SEA,27,22,4,5612,526,0,54.3,2017
Ricky Seals-Jones,ARI,22,28,3,4864,526,0,50.1,2017
Rhett Ellison,NYG,29,32,2,5228,593,0,59.5,2017
Gerald Everett,LAR,23,32,2,5942,510,0,51.7,2017
Darren Fells,DET,31,26,3,5681,564,0,52.7,2017
Tyler Higbee,LAR,24,45,1,5942,510,0,60.5,2017
Zach Miller,CHI,33,35,2,4835,410,0,55.6,2017
A.J. Derby,2TM,26,40,2,2948,510,0,55.4,2017
Jordan Reed,WAS,27,35,2,5512,533,0,60.1,2017
Martellus Bennett,2TM,30,44,0,2948,510,0,58.6,2017
Demetrius Harris,KC,26,35,1,6229,515,0,46.4,2017
Jonnu Smith,TEN,22,30,2,5172,481,0,45.7,2017
Jeff Heuerman,DEN,25,21,2,5520,522,0,35.2,2017
Lance Kendricks,GB,29,35,1,5249,516,0,44.3,2017
Virgil Green,DEN,29,22,1,5520,522,0,39.1,2017
Vance McDonald,PIT,27,24,1,6157,584,0,38.8,2017
Greg Olsen,CAR,32,38,1,5394,425,0,42.1,2017
Ryan Griffin,HOU,27,26,1,5484,507,0,36.8,2017
Dion Sims,CHI,26,29,1,4835,410,0,39.0,2017
Levine Toilolo,ATL,26,14,1,5993,516,0,36.2,2017
Nick Boyle,BAL,24,37,0,5000,555,0,50.3,2017
Richard Rodgers,GB,25,19,1,5249,516,0,34.0,2017
James O'Shaughnessy,JAX,25,24,1,5949,513,0,34.9,2017
Brent Celek,PHI,32,24,1,5674,541,0,32.0,2017
Troy Niklas,ARI,25,23,1,4864,526,0,30.2,2017
Eric Tomlinson,NYJ,25,11,1,5168,484,0,26.1,2017
Nick Vannett,SEA,24,15,1,5612,526,0,30.4,2017
Anthony Fasano,MIA,33,16,1,4715,557,0,28.7,2017
David Morgan,MIN,24,12,1,5886,520,0,25.5,2017
Dwayne Allen,NE,27,22,1,6455,573,0,24.6,2017
James Hanna,DAL,28,9,1,5472,480,0,18.8,2017
C.J. Uzomah,CIN,24,15,1,4715,485,0,25.2,2017
Josh Hill,NO,27,22,1,6319,525,0,29.7,2017
Daniel Brown,CHI,25,20,0,4835,410,0,25.9,2017
C.J. Fiedorowicz,HOU,26,22,0,5484,507,0,26.7,2017
Maxx Williams,BAL,23,18,1,5000,555,0,28.2,2017
Michael Hoomanawanui,NO,29,10,1,6319,525,0,17.2,2017
Phillip Supernaw,TEN,27,6,1,5172,481,0,13.9,2017
Austin Traylor,DEN,24,13,0,5520,522,0,18.0,2017
Jerell Adams,NYG,25,11,0,5228,593,0,17.2,2017
Xavier Grimble,PIT,25,9,1,6157,584,0,14.2,2017
Luke Stocker,2TM,29,5,1,2948,510,0,13.0,2017
Lee Smith,OAK,30,11,0,5329,552,0,15.6,2017
Ross Travis,2TM,24,17,0,2948,510,0,14.6,2017
Clive Walford,OAK,26,13,0,5329,552,0,17.0,2017
Derek Carrier,LAR,27,11,0,5942,510,0,15.1,2017
Jeremy Sprinkle,WAS,23,3,1,5512,533,0,9.3,2017
Alan Cross,TB,24,6,0,6040,590,0,10.8,2017
Ben Koyack,JAX,24,7,0,5949,513,0,10.8,2017
Orson Charles,KC,26,2,0,6229,515,0,7.3,2017
Tyler Eifert,CIN,27,5,0,4715,485,0,8.6,2017
Jacob Hollister,NE,24,11,0,6455,573,0,8.7,2017
Sean McGrath,LAC,30,4,0,6146,566,0,8.6,2017
Michael Roberts,DET,23,7,0,5681,564,0,8.6,2017
Blake Bell,MIN,26,4,0,5886,520,0,6.9,2017
James Develin,NE,29,10,0,6455,573,0,9.8,2017
Randall Telfer,CLE,25,4,0,5251,527,0,6.6,2017
Will Tye,NYJ,26,6,0,5168,484,0,7.8,2017
Antony Auclair,TB,24,2,0,6040,590,0,4.5,2017
Emanuel Byrd,GB,23,2,0,5249,516,0,5.1,2017
Darrell Daniels,IND,23,13,0,4757,467,0,5.6,2017
Geoff Swaim,DAL,24,2,0,5472,480,0,4.5,2017
MarQueis Gray,MIA,28,3,0,4715,557,0,3.4,2017
Ryan Hewitt,CIN,26,2,0,4715,485,0,4.2,2017
Cole Hikutini,SF,23,3,0,4645,551,0,3.5,2017
Chris Manhertz,CAR,25,4,0,5394,425,0,3.7,2017
Jeff Cumberland,LAC,30,3,0,6146,566,0,2.2,2017
Garrett Griffin,NO,23,1,0,6319,525,0,1.4,2017
Ryan Malleck,HOU,24,1,0,5484,507,0,1.3,2017
Travis Kelce,KC,29,150,10,6981,559,109,294.6,2018
George Kittle,SF,25,136,5,6149,509,88,258.7,2018
Zach Ertz,PHI,28,156,8,6102,546,81,280.3,2018
Eric Ebron,IND,25,110,13,6313,594,73,222.2,2018
Jared Cook,OAK,31,101,6,5634,492,43,193.6,2018
Trey Burton,CHI,27,76,6,5684,501,10,147.1,2018
Austin Hooper,ATL,24,88,4,6522,604,9,163.0,2018
David Njoku,CLE,22,88,4,5772,545,5,143.9,2018
Kyle Rudolph,MIN,29,82,4,5791,554,4,151.4,2018
O.J. Howard,TB,24,48,5,6881,619,4,120.5,2018
Rob Gronkowski,NE,29,72,3,6371,488,1,131.2,2018
Vance McDonald,PIT,28,72,4,6617,675,0,133.0,2018
Evan Engram,NYG,24,64,3,6041,573,0,126.3,2018
Jimmy Graham,GB,32,89,2,6163,586,0,130.6,2018
Chris Herndon,NYJ,22,56,4,5022,477,0,113.2,2018
Mark Andrews,BAL,23,50,3,6045,522,0,107.2,2018
Jordan Reed,WAS,28,84,2,4953,471,0,119.8,2018
Cameron Brate,TB,27,49,6,6881,619,0,92.9,2018
C.J. Uzomah,CIN,25,64,3,5245,525,0,104.9,2018
Dallas Goedert,PHI,23,44,4,6102,546,0,90.4,2018
Gerald Everett,LAR,24,50,3,6640,534,0,86.6,2018
Jesse James,PIT,24,39,2,6617,675,0,84.3,2018
Greg Olsen,CAR,33,38,4,6103,540,0,80.1,2018
Ben Watson,NO,38,46,2,6199,511,0,87.0,2018
Vernon Davis,WAS,34,36,2,4953,471,0,75.7,2018
Blake Jarwin,DAL,24,36,3,5806,418,0,75.7,2018
Antonio Gates,LAC,38,45,2,6189,506,0,75.3,2018
Jordan Thomas,HOU,22,27,4,6179,426,0,65.5,2018
Ian Thomas,CAR,22,49,2,6103,540,0,81.3,2018
Nick Vannett,SEA,25,43,3,5999,398,0,73.9,2018
Jonnu Smith,TEN,23,30,3,5212,416,0,63.8,2018
Tyler Higbee,LAR,25,34,2,6640,534,0,65.2,2018
Jeff Heuerman,DEN,26,48,2,5825,506,0,71.1,2018
Ricky Seals-Jones,ARI,23,69,1,4226,472,0,74.3,2018
Jack Doyle,IND,28,33,2,6313,594,0,60.5,2018
Rhett Ellison,NYG,30,34,1,6041,573,0,60.2,2018
Jason Croom,BUF,24,35,1,5001,344,0,55.9,2018
Demetrius Harris,KC,27,25,3,6981,559,0,46.4,2018
Ed Dickson,SEA,31,13,3,5999,398,0,45.2,2018
Levine Toilolo,DET,27,24,1,5444,458,0,53.3,2018
James Develin,NE,30,17,0,6371,488,0,42.9,2018
Ryan Griffin,HOU,28,43,0,6179,426,0,54.5,2018
Matt LaCosse,DEN,26,37,1,5825,506,0,55.0,2018
Darren Fells,CLE,32,12,3,5772,545,0,40.7,2018
Geoff Swaim,DAL,25,32,1,5806,418,0,56.2,2018
Anthony Firkser,TEN,23,20,1,5212,416,0,47.5,2018
Luke Stocker,TEN,30,21,2,5212,416,0,43.5,2018
Will Dissly,SEA,22,14,2,5999,398,0,35.6,2018
Michael Roberts,DET,24,20,3,5444,458,0,37.0,2018
Virgil Green,LAC,30,27,1,6189,506,0,46.0,2018
Erik Swoope,IND,26,10,3,6313,594,0,34.7,2018
Mo Alie-Cox,IND,25,13,2,6313,594,0,32.3,2018
Josh Hill,NO,28,24,1,6199,511,0,40.5,2018
Lee Smith,OAK,31,11,3,5634,492,0,35.3,2018
Tyler Eifert,CIN,28,19,1,5245,525,0,38.9,2018
Jordan Akins,HOU,26,25,0,6179,426,0,39.5,2018
Lance Kendricks,GB,30,25,1,6163,586,0,42.0,2018
Hayden Hurst,BAL,25,23,1,6045,522,0,35.3,2018
Nick Boyle,BAL,25,37,0,6045,522,0,44.3,2018
Garrett Celek,SF,30,8,2,6149,509,0,26.0,2018
James O'Shaughnessy,JAX,26,38,0,4961,517,0,45.4,2018
Maxx Williams,BAL,24,17,1,6045,522,0,37.1,2018
Mike Gesicki,MIA,23,32,0,5047,426,0,40.2,2018
Jordan Leggett,NYJ,23,24,1,5022,477,0,31.4,2018
Charles Clay,BUF,29,36,0,5001,344,0,37.4,2018
MyCole Pruitt,TEN,26,11,1,5212,416,0,25.2,2018
Nick O'Leary,MIA,26,10,1,5047,426,0,22.6,2018
Logan Paulsen,ATL,31,9,1,6522,604,0,24.1,2018
Austin Seferian-Jenkins,JAX,26,19,1,4961,517,0,26.0,2018
Scott Simonson,NYG,26,14,1,6041,573,0,23.6,2018
Robert Tonyan,GB,24,6,1,6163,586,0,17.7,2018
Derek Carrier,OAK,28,12,1,5634,492,0,19.7,2018
Seth Devalve,CLE,25,7,1,5772,545,0,18.4,2018
Dalton Schultz,DAL,22,17,0,5806,418,0,23.6,2018
A.J. Derby,MIA,27,5,1,5047,426,0,13.8,2018
Chris Manhertz,CAR,26,5,1,6103,540,0,13.2,2018
Jeremy Sprinkle,WAS,24,9,1,4953,471,0,15.1,2018
Darren Waller,OAK,26,6,0,5634,492,0,15.6,2018
Jake Butt,DEN,23,13,0,5825,506,0,16.5,2018
Luke Willson,DET,28,19,0,5444,458,0,21.7,2018
Tyler Conklin,MIN,23,7,0,5791,554,0,12.7,2018
Matt Lengel,CIN,28,8,1,5245,525,0,10.7,2018
Blake Bell,JAX,27,11,0,4961,517,0,14.7,2018
Jermaine Gresham,ARI,30,12,0,4226,472,0,16.4,2018
Xavier Grimble,PIT,26,8,0,6617,675,0,12.6,2018
Joshua Perkins,PHI,25,11,0,6102,546,0,11.7,2018
Eric Tomlinson,NYJ,26,14,0,5022,477,0,15.2,2018
David Grinnage,JAX,24,8,0,4961,517,0,12.1,2018
Antony Auclair,TB,25,8,0,6881,619,0,11.8,2018
Rico Gathers,DAL,24,7,0,5806,418,0,7.5,2018
Jacob Hollister,NE,25,5,0,6371,488,0,9.2,2018
Eric Saubert,ATL,24,9,0,6522,604,0,9.8,2018
Durham Smythe,MIA,23,11,0,5047,426,0,11.0,2018
Delanie Walker,TEN,34,7,0,5212,416,0,9.2,2018
Ben Braunecker,CHI,24,5,0,5684,501,0,7.2,2018
Tyler Kroft,CIN,26,6,0,5245,525,0,7.6,2018
Marcedes Lewis,GB,34,4,0,6163,586,0,6.9,2018
David Morgan,MIN,25,6,0,5791,554,0,8.6,2018
John Phillips,ARI,31,3,0,4226,472,0,6.8,2018
Dwayne Allen,NE,28,4,0,6371,488,0,5.7,2018
Brian Parker,DEN,26,10,0,5825,506,0,8.3,2018
Orson Charles,CLE,27,5,0,5772,545,0,5.3,2018
Sean Culkin,LAC,25,1,0,6189,506,0,3.4,2018
Tyrone Swoopes,SEA,24,1,0,5999,398,0,3.3,2018
Alan Cross,TB,25,5,0,6881,619,0,2.9,2018
Ross Dwelley,SF,23,2,0,6149,509,0,3.4,2018
Matt Flanagan,WAS,23,1,0,4953,471,0,2.4,2018
Khari Lee,BUF,26,1,0,5001,344,0,1.5,2018
Johnny Mundt,LAR,24,1,0,6640,534,0,1.5,2018
Richard Rodgers,PHI,26,1,0,6102,546,0,1.7,2018
Dion Sims,CHI,27,4,0,5684,501,0,2.9,2018
Hakeem Valles,DET,26,3,0,5444,458,0,3.1,2018
Travis Kelce,KC,30,136,5,6255,556,80,254.3,2019
Mark Andrews,BAL,24,98,10,6585,424,66,207.2,2019
George Kittle,SF,26,107,5,6299,414,61,222.5,2019
Darren Waller,OAK,27,117,3,5923,454,54,221.0,2019
Zach Ertz,PHI,29,135,6,6002,567,51,215.6,2019
Jared Cook,NO,32,65,9,6168,553,48,167.5,2019
Austin Hooper,ATL,25,97,6,6407,611,40,191.7,2019
Hunter Henry,LAC,25,76,5,6101,563,18,150.2,2019
Tyler Higbee,LAR,26,89,3,6134,610,15,160.4,2019
Dallas Goedert,PHI,24,87,5,6002,567,10,144.7,2019
Mike Gesicki,MIA,24,89,5,5080,563,8,136.0,2019
Jason Witten,DAL,37,83,4,7055,576,0,139.9,2019
Darren Fells,HOU,33,48,7,6097,518,0,110.1,2019
Kyle Rudolph,MIN,30,48,6,5862,441,0,113.7,2019
Greg Olsen,CAR,34,82,2,5934,600,0,123.7,2019
Noah Fant,DEN,22,66,3,5063,437,0,111.0,2019
Jonnu Smith,TEN,24,44,3,6168,424,0,104.7,2019
Jack Doyle,IND,29,72,4,5444,466,0,111.8,2019
Evan Engram,NYG,25,68,3,5755,588,0,109.4,2019
Tyler Eifert,CIN,29,63,3,5511,589,0,106.6,2019
Ryan Griffin,NYJ,29,41,5,4700,492,0,98.0,2019
Jimmy Graham,GB,33,60,3,5788,533,0,100.7,2019
Eric Ebron,IND,26,52,3,5444,466,0,86.5,2019
Cameron Brate,TB,28,55,4,6637,606,0,91.1,2019
Blake Jarwin,DAL,25,41,3,7055,576,0,85.5,2019
Jordan Akins,HOU,27,55,2,6097,518,0,89.8,2019
Gerald Everett,LAR,25,60,2,6134,610,0,89.8,2019
Jacob Hollister,SEA,26,59,3,6310,477,0,93.9,2019
Dawson Knox,BUF,23,50,2,5530,466,0,79.7,2019
Will Dissly,SEA,23,27,4,6310,477,0,73.9,2019
O.J. Howard,TB,25,53,1,6637,606,0,83.9,2019
T.J. Hockenson,DET,22,59,2,5802,550,0,80.7,2019
Hayden Hurst,BAL,26,39,2,6585,424,0,76.9,2019
Foster Moreau,OAK,22,25,5,5923,454,0,68.4,2019
Vance McDonald,PIT,29,55,3,4669,447,0,83.5,2019
Ricky Seals-Jones,CLE,24,22,4,5748,516,0,58.9,2019
Kaden Smith,NYG,22,42,3,5755,588,0,75.8,2019
Nick Boyle,BAL,26,43,2,6585,424,0,75.1,2019
Irv Smith Jr.,MIN,21,47,2,5862,441,0,79.1,2019
Josh Hill,NO,29,35,3,6168,553,0,65.6,2019
C.J. Uzomah,CIN,26,40,2,5511,589,0,63.2,2019
Demetrius Harris,CLE,28,27,3,5748,516,0,49.9,2019
Delanie Walker,TEN,35,31,2,6168,424,0,54.5,2019
Charles Clay,ARI,30,24,1,5119,450,0,47.7,2019
Jeremy Sprinkle,WAS,25,40,1,4788,462,0,56.1,2019
James O'Shaughnessy,JAX,27,20,2,5715,549,0,41.3,2019
Anthony Firkser,TEN,24,24,1,6168,424,0,40.4,2019
Maxx Williams,ARI,25,19,1,5119,450,0,41.2,2019
Dan Arnold,2TM,24,14,2,975,555,0,32.7,2019
Rhett Ellison,NYG,31,28,1,5755,588,0,40.7,2019
Logan Thomas,DET,28,28,1,5802,550,0,39.3,2019
Marcedes Lewis,GB,35,19,1,5788,533,0,36.6,2019
Ross Dwelley,SF,24,22,2,6299,414,0,36.1,2019
Jaeden Graham,ATL,24,10,1,6407,611,0,29.9,2019
Derek Carrier,OAK,29,19,1,5923,454,0,32.5,2019
Ian Thomas,CAR,23,30,1,5934,600,0,35.6,2019
Matt LaCosse,NE,27,19,1,5847,502,0,32.1,2019
Vernon Davis,WAS,35,19,1,4788,462,0,28.3,2019
Jeff Heuerman,DEN,27,20,1,5063,437,0,31.4,2019
Ryan Izzo,NE,24,9,1,5847,502,0,23.4,2019
Nick O'Leary,2TM,27,18,1,975,555,0,29.9,2019
Nick Vannett,2TM,26,22,0,975,555,0,33.6,2019
Ben Watson,NE,39,24,0,5847,502,0,34.3,2019
Andrew Beck,DEN,23,12,1,5063,437,0,24.5,2019
Hale Hentges,WAS,23,14,1,4788,462,0,24.3,2019
Robert Tonyan,GB,25,15,1,5788,533,0,26.0,2019
Joshua Perkins,PHI,26,13,1,6002,567,0,23.7,2019
MyCole Pruitt,TEN,27,8,1,6168,424,0,21.0,2019
Seth Devalve,JAX,26,18,0,5715,549,0,26.0,2019
Virgil Green,LAC,31,13,1,6101,563,0,22.8,2019
Jesse James,DET,25,27,0,5802,550,0,30.2,2019
Jesper Horsted,CHI,22,10,1,5006,550,0,20.7,2019
Tyler Kroft,BUF,27,14,1,5530,466,0,19.1,2019
Ben Braunecker,CHI,25,11,1,5006,550,0,17.9,2019
Stephen Carlson,CLE,23,7,1,5748,516,0,16.1,2019
Tommy Sweeney,BUF,24,13,0,5530,466,0,19.4,2019
Troy Fumagalli,DEN,24,9,1,5063,437,0,15.8,2019
David Njoku,CLE,23,10,1,5748,516,0,15.1,2019
Mo Alie-Cox,IND,26,11,0,5444,466,0,17.3,2019
J.P. Holtz,2TM,26,8,0,975,555,0,16.1,2019
Trey Burton,CHI,28,24,0,5006,550,0,22.4,2019
Luke Willson,SEA,29,10,0,6310,477,0,15.9,2019
Blake Bell,KC,28,15,0,6255,556,0,14.7,2019
Cethan Carter,CIN,24,3,1,5511,589,0,9.3,2019
Durham Smythe,MIA,24,14,0,5080,563,0,13.5,2019
Geoff Swaim,JAX,26,17,0,5715,549,0,19.5,2019
Tyler Conklin,MIN,24,10,0,5862,441,0,13.8,2019
Clive Walford,MIA,28,8,0,5080,563,0,10.1,2019
Lance Kendricks,LAC,31,7,0,6101,563,0,8.0,2019
Luke Stocker,ATL,31,14,0,6407,611,0,13.3,2019
Trevon Wesco,NYJ,24,3,0,4700,492,0,6.9,2019
Deon Yelder,KC,24,4,0,6255,556,0,8.0,2019
Pharaoh Brown,CLE,25,3,0,5748,516,0,4.7,2019
Tanner Hudson,TB,25,5,0,6637,606,0,4.6,2019
Johnny Mundt,LAR,25,7,0,6134,610,0,6.6,2019
Drew Sample,CIN,23,6,0,5511,589,0,8.0,2019
Ross Travis,IND,26,6,0,5444,466,0,7.1,2019
Josh Oliver,JAX,22,6,0,5715,549,0,4.5,2019
Eric Saubert,CHI,25,3,0,5006,550,0,4.1,2019
Antony Auclair,TB,26,3,0,6637,606,0,2.1,2019
Sean Culkin,LAC,26,2,0,6101,563,0,2.2,2019
Chris Herndon,NYJ,23,2,0,4700,492,0,1.7,2019
Charles Jones,JAX,23,1,0,5715,549,0,1.5,2019
Ben Koyack,JAX,26,3,0,5715,549,0,1.9,2019
Chris Manhertz,CAR,27,1,0,5934,600,0,2.1,2019
Isaac Nauta,DET,22,3,0,5802,550,0,3.3,2019
Dalton Schultz,DAL,23,2,0,7055,576,0,1.6,2019
Scott Simonson,NYG,27,2,0,5755,588,0,3.1,2019
Tyrone Swoopes,SEA,25,1,0,6310,477,0,1.5,2019
Jordan Thomas,HOU,23,3,0,6097,518,0,1.8,2019
Levine Toilolo,SF,28,2,0,6299,414,0,3.0,2019
Darrell Daniels,ARI,25,3,0,5119,450,0,1.4,2019
James Develin,NE,31,0,0,5847,502,0,0.3,2019
Zach Gentry,PIT,23,1,0,4669,447,0,1.4,2019
Xavier Grimble,PIT,27,3,0,4669,447,0,1.3,2019
Eric Tomlinson,3TM,27,1,0,71,15,0,1.1,2019
Travis Kelce,KC,31,145,11,6532,591,117,312.8,2020
Darren Waller,LV,28,145,9,6298,523,81,278.6,2020
Robert Tonyan,GB,26,59,11,6417,501,34,176.6,2020
Mark Andrews,BAL,25,88,7,5975,388,22,170.1,2020
T.J. Hockenson,DET,23,101,6,5889,505,18,175.3,2020
Mike Gesicki,MIA,25,85,6,5483,537,16,159.3,2020
Logan Thomas,WAS,29,110,6,5407,573,14,176.6,2020
Rob Gronkowski,TB,31,77,7,6295,606,14,149.3,2020
Jonnu Smith,TEN,25,65,8,6512,467,9,140.2,2020
Jimmy Graham,CHI,34,76,8,5561,595,3,143.6,2020
Hayden Hurst,ATL,27,88,6,6150,605,3,149.1,2020
Jared Cook,NO,33,60,7,6210,508,0,127.4,2020
Noah Fant,DEN,23,93,3,5591,533,0,149.3,2020
Eric Ebron,PIT,27,91,5,5480,651,0,141.8,2020
Hunter Henry,LAC,26,93,4,6070,584,0,145.3,2020
Tyler Higbee,LAR,27,60,5,6201,562,0,128.2,2020
Dalton Schultz,DAL,24,89,4,6296,616,0,146.5,2020
Evan Engram,NYG,26,109,1,5104,494,0,141.0,2020
George Kittle,SF,27,63,2,6209,552,0,125.1,2020
Dallas Goedert,PHI,25,65,3,5728,561,0,116.4,2020
Irv Smith Jr.,MIN,22,43,5,6548,485,0,98.5,2020
Austin Hooper,CLE,26,70,4,6029,463,0,113.5,2020
Dan Arnold,ARI,25,45,4,6313,543,0,96.8,2020
Trey Burton,IND,29,47,3,6182,535,0,83.3,2020
Darren Fells,HOU,34,28,4,6309,523,0,76.2,2020
Gerald Everett,LAR,26,62,1,6201,562,0,92.9,2020
Mo Alie-Cox,IND,27,39,2,6182,535,0,80.4,2020
Jordan Akins,HOU,28,49,1,6309,523,0,83.7,2020
Tyler Eifert,JAX,30,60,2,5474,585,0,82.9,2020
Jordan Reed,SF,30,46,4,6209,552,0,73.1,2020
Richard Rodgers,PHI,28,31,2,5728,561,0,70.5,2020
Anthony Firkser,TEN,25,53,1,6512,467,0,83.7,2020
Chris Herndon,NYJ,24,45,3,4457,430,0,73.7,2020
Dawson Knox,BUF,24,44,3,6496,571,0,66.8,2020
Zach Ertz,PHI,30,72,1,5728,561,0,77.5,2020
Jack Doyle,IND,30,33,3,6182,535,0,64.1,2020
Jacob Hollister,SEA,27,40,3,6216,537,0,65.9,2020
Cameron Brate,TB,29,34,2,6295,606,0,68.2,2020
Drew Sample,CIN,24,53,1,5415,566,0,78.9,2020
Harrison Bryant,CLE,22,38,3,6029,463,0,61.8,2020
Will Dissly,SEA,24,29,2,6216,537,0,61.1,2020
Kyle Rudolph,MIN,31,37,1,6548,485,0,65.4,2020
Cole Kmet,CHI,21,44,2,5561,595,0,62.0,2020
Donald Parham,LAC,23,20,3,6070,584,0,43.9,2020
David Njoku,CLE,24,29,2,6029,463,0,52.3,2020
Adam Shaheen,MIA,26,22,3,5483,537,0,45.0,2020
Durham Smythe,MIA,25,29,2,5483,537,0,58.8,2020
Ross Dwelley,SF,25,24,1,6209,552,0,49.5,2020
Tyler Kroft,BUF,28,16,3,6496,571,0,41.9,2020
Greg Olsen,SEA,35,37,1,6216,537,0,53.9,2020
Marcedes Lewis,GB,36,17,3,6417,501,0,38.7,2020
Pharaoh Brown,HOU,26,16,2,6309,523,0,42.3,2020
O.J. Howard,TB,26,19,2,6295,606,0,37.6,2020
Foster Moreau,LV,23,9,2,6298,523,0,33.0,2020
James O'Shaughnessy,JAX,28,38,0,5474,585,0,54.2,2020
Tyler Conklin,MIN,25,26,1,6548,485,0,44.4,2020
Jesse James,DET,26,22,2,5889,505,0,38.9,2020
Nick Boyle,BAL,27,17,2,5975,388,0,37.3,2020
MyCole Pruitt,TEN,28,8,2,6512,467,0,27.9,2020
Adam Trautman,NO,23,16,1,6210,508,0,38.1,2020
Ian Thomas,CAR,24,31,1,5774,527,0,40.5,2020
Jason Witten,LV,38,17,2,6298,523,0,31.9,2020
Ryan Izzo,NE,25,20,0,5470,419,0,30.9,2020
Albert Okwuegbunam,DEN,22,15,1,5591,533,0,29.1,2020
Jace Sternberger,GB,24,15,1,6417,501,0,29.4,2020
Nick Vannett,DEN,27,21,1,5591,533,0,29.5,2020
Maxx Williams,ARI,26,10,1,6313,543,0,24.2,2020
Darrell Daniels,ARI,26,11,1,6313,543,0,23.2,2020
C.J. Uzomah,CIN,27,11,1,5415,566,0,22.7,2020
Troy Fumagalli,DEN,25,15,1,5591,533,0,22.0,2020
Geoff Swaim,TEN,27,12,1,6512,467,0,23.3,2020
Stephen Anderson,LAC,27,11,0,6070,584,0,18.6,2020
Blake Bell,DAL,29,15,0,6296,616,0,22.2,2020
Virgil Green,LAC,32,6,1,6070,584,0,14.0,2020
Josh Hill,NO,30,10,1,6210,508,0,18.6,2020
Kaden Smith,NYG,23,21,0,5104,494,0,29.2,2020
Devin Asiasi,NE,23,7,1,5470,419,0,11.9,2020
Vance McDonald,PIT,30,20,0,5480,651,0,24.9,2020
Dominique Dafney,GB,23,2,1,6417,501,0,10.6,2020
Ryan Griffin,NYJ,30,12,0,4457,430,0,17.6,2020
Colin Thompson,CAR,27,2,1,5774,527,0,7.7,2020
Jason Croom,PHI,26,1,1,5728,561,0,7.3,2020
Luke Stocker,ATL,32,11,0,6150,605,0,13.3,2020
Jordan Thomas,2TM,24,2,1,1088,161,0,7.3,2020
Cethan Carter,CIN,25,7,0,5415,566,0,10.3,2020
Demetrius Harris,CHI,29,14,0,5561,595,0,11.5,2020
Chris Manhertz,CAR,28,8,0,5774,527,0,11.2,2020
Johnny Mundt,LAR,26,4,0,6201,562,0,9.3,2020
Levine Toilolo,NYG,29,6,0,5104,494,0,9.6,2020
Hunter Bryant,DET,22,3,0,5889,505,0,5.4,2020
Tanner Hudson,TB,26,7,0,6295,606,0,7.1,2020
Juwan Johnson,NO,24,10,0,6210,508,0,7.9,2020
Nick Keizer,KC,25,9,0,6532,591,0,10.3,2020
Kahale Warring,HOU,23,7,0,6309,523,0,6.5,2020
Charlie Woerner,SF,23,4,0,6209,552,0,6.6,2020
Deon Yelder,KC,25,11,0,6532,591,0,10.6,2020
Stephen Carlson,CLE,24,2,0,6029,463,0,4.1,2020
Ben Ellefson,JAX,24,4,0,5474,585,0,4.0,2020
Jaeden Graham,ATL,25,5,0,6150,605,0,5.5,2020
Dalton Keene,NE,21,5,0,5470,419,0,4.6,2020
Colby Parkinson,SEA,21,2,0,6216,537,0,3.6,2020
Eric Saubert,JAX,26,4,0,5474,585,0,4.6,2020
Jake Butt,DEN,25,4,0,5591,533,0,2.5,2020
Derek Carrier,LV,30,1,0,6298,523,0,2.4,2020
Josiah Deguara,GB,23,2,0,6417,501,0,2.2,2020
Brandon Dillon,MIN,23,1,0,6548,485,0,1.6,2020
Temarrick Hemingway,WAS,27,2,0,5407,573,0,2.0,2020
Blake Jarwin,DAL,26,1,0,6296,616,0,2.2,2020
John Lovett,GB,24,0,0,6417,501,0,0.6,2020
Jeremy Sprinkle,WAS,26,3,0,5407,573,0,1.6,2020
Trevon Wesco,NYJ,25,2,0,4457,430,0,1.5,2020
Luke Willson,2TM,30,3,0,1088,161,0,2.2,2020
Marcus Baugh,WAS,26,1,0,5407,573,0,1.2,2020
Isaac Nauta,DET,23,2,0,5889,505,0,1.3,2020
Mark Andrews,BAL,26,153,9,6344,588,96,301.1,2021
Travis Kelce,KC,32,134,9,6876,636,74,262.8,2021
Dalton Schultz,DAL,25,104,8,7082,636,37,208.8,2021
George Kittle,SF,28,94,6,6604,496,33,198.0,2021
Rob Gronkowski,TB,32,89,6,7037,712,23,171.2,2021
Dawson Knox,BUF,25,71,9,6659,622,22,164.1,2021
Hunter Henry,NE,27,75,9,6249,524,21,164.3,2021
Dallas Goedert,PHI,26,76,4,6300,436,16,165.0,2021
Kyle Pitts,ATL,21,110,1,5334,551,16,176.6,2021
Zach Ertz,2TM,31,112,5,2203,508,14,180.7,2021
Mike Gesicki,MIA,26,112,2,5384,595,0,165.0,2021
Pat Freiermuth,PIT,23,79,7,5600,652,0,151.7,2021
Noah Fant,DEN,24,90,4,5881,514,0,159.0,2021
Tyler Higbee,LAR,28,85,5,6569,539,0,147.0,2021
Jared Cook,LAC,34,83,4,6829,658,0,132.4,2021
T.J. Hockenson,DET,24,84,4,5704,520,0,145.3,2021
C.J. Uzomah,CIN,28,63,5,6548,540,0,128.3,2021
Darren Waller,LV,29,93,2,6415,579,0,133.5,2021
Tyler Conklin,MIN,26,87,3,6350,573,0,138.3,2021
David Njoku,CLE,25,53,4,6076,465,0,107.6,2021
Gerald Everett,SEA,27,63,4,5873,473,0,117.8,2021
Cole Kmet,CHI,22,93,0,5620,509,0,121.2,2021
Evan Engram,NYG,27,73,3,5151,562,0,102.5,2021
Mo Alie-Cox,IND,28,45,4,6128,501,0,79.6,2021
Austin Hooper,CLE,27,61,3,6076,465,0,92.5,2021
Foster Moreau,LV,24,44,3,6415,579,0,85.3,2021
Jack Doyle,IND,31,43,3,6128,501,0,79.2,2021
Cameron Brate,TB,30,57,4,7037,712,0,78.5,2021
Anthony Firkser,TEN,26,43,2,6057,504,0,79.1,2021
Albert Okwuegbunam,DEN,23,40,2,5881,514,0,76.0,2021
Dan Arnold,2TM,26,52,0,2203,508,0,75.8,2021
Harrison Bryant,CLE,23,28,3,6076,465,0,62.3,2021
Juwan Johnson,NO,25,22,4,5150,446,0,52.9,2021
Donald Parham,LAC,24,27,3,6829,658,0,59.0,2021
Ricky Seals-Jones,WAS,26,49,2,5807,534,0,69.1,2021
Jonnu Smith,NE,26,45,1,6249,524,0,67.4,2021
Geoff Swaim,TEN,28,40,3,6057,504,0,70.0,2021
Ryan Griffin,NYJ,31,42,2,5270,580,0,65.1,2021
Hayden Hurst,ATL,28,31,3,5334,551,0,64.1,2021
Josiah Deguara,GB,24,33,2,6426,570,0,61.5,2021
Jimmy Graham,CHI,35,23,3,5620,509,0,50.7,2021
Brevin Jordan,HOU,21,28,3,4529,475,0,55.8,2021
Durham Smythe,MIA,26,41,0,5384,595,0,70.0,2021
Logan Thomas,WAS,30,25,3,5807,534,0,53.6,2021
Adam Trautman,NO,24,43,2,5150,446,0,63.3,2021
MyCole Pruitt,TEN,29,18,3,6057,504,0,48.5,2021
Kyle Rudolph,NYG,32,39,1,5151,562,0,59.7,2021
Tommy Tremble,CAR,21,35,1,5188,506,0,53.1,2021
Robert Tonyan,GB,27,29,2,6426,570,0,50.4,2021
John Bates,WAS,24,25,1,5807,534,0,50.9,2021
Will Dissly,SEA,25,26,1,5873,473,0,50.1,2021
James O'Shaughnessy,JAX,29,34,0,5423,530,0,50.4,2021
Maxx Williams,ARI,27,17,1,6668,489,0,41.3,2021
Brock Wright,DET,23,17,2,5704,520,0,35.7,2021
Stephen Anderson,LAC,28,19,1,6829,658,0,38.5,2021
Tyler Kroft,NYJ,29,25,1,5270,580,0,39.3,2021
Blake Jarwin,DAL,27,17,2,7082,636,0,32.6,2021
Eric Ebron,PIT,28,18,1,5600,652,0,32.5,2021
Marcedes Lewis,GB,37,28,0,6426,570,0,44.4,2021
O.J. Howard,TB,27,21,1,7037,712,0,33.5,2021
Ian Thomas,CAR,25,30,0,5188,506,0,36.8,2021
Nick Vannett,NO,28,15,1,5150,446,0,28.3,2021
Jordan Akins,HOU,29,33,0,4529,475,0,41.7,2021
Jody Fortson,KC,26,5,2,6876,636,0,21.7,2021
Zach Gentry,PIT,25,25,0,5600,652,0,35.7,2021
Pharaoh Brown,HOU,27,34,0,4529,475,0,38.1,2021
Jesper Horsted,CHI,24,3,2,5620,509,0,16.1,2021
Chris Manhertz,JAX,29,9,1,5423,530,0,19.1,2021
Lee Smith,ATL,34,11,1,5334,551,0,21.5,2021
Jacob Hollister,JAX,28,14,1,5423,530,0,20.5,2021
Jesse James,CHI,27,8,1,5620,509,0,19.2,2021
Antony Auclair,HOU,28,5,1,4529,475,0,15.7,2021
Ross Dwelley,SF,26,5,1,6604,496,0,15.1,2021
Kylen Granson,IND,23,15,0,6128,501,0,21.6,2021
Eric Saubert,DEN,27,12,1,5881,514,0,18.7,2021
Adam Shaheen,MIA,27,16,0,5384,595,0,23.0,2021
Blake Bell,KC,30,13,0,6876,636,0,18.7,2021
Noah Gray,KC,22,10,1,6876,636,0,16.6,2021
Chris Herndon,MIN,25,7,1,6350,573,0,14.0,2021
Tommy Sweeney,BUF,26,12,1,6659,622,0,19.4,2021
Sean McKeon,DAL,24,6,1,7082,636,0,12.7,2021
Tyree Jackson,PHI,24,7,1,6300,436,0,11.2,2021
Chris Myarick,NYG,26,6,1,5151,562,0,10.7,2021
Drew Sample,CIN,25,15,0,6548,540,0,19.1,2021
Josh Oliver,BAL,24,15,0,6344,588,0,15.6,2021
Luke Farrell,JAX,24,11,0,5423,530,0,12.6,2021
Tre' McKitty,LAC,22,8,0,6829,658,0,10.5,2021
Charlie Woerner,SF,24,6,0,6604,496,0,10.2,2021
Kendall Blanton,LAR,26,7,0,6569,539,0,7.7,2021
Tyler Davis,GB,24,5,0,6426,570,0,7.5,2021
Darren Fells,2TM,35,5,0,2203,508,0,8.3,2021
Garrett Griffin,NO,27,4,0,5150,446,0,7.9,2021
Parker Hesse,ATL,26,6,0,5334,551,0,9.3,2021
Trevon Wesco,NYJ,26,5,0,5270,580,0,6.5,2021
Kenny Yeboah,NYJ,23,3,0,5270,580,0,5.6,2021
Dominique Dafney,GB,24,4,0,6426,570,0,5.4,2021
Tommy Hudson,TEN,24,6,0,6057,504,0,6.1,2021
Colby Parkinson,SEA,22,8,0,5873,473,0,8.3,2021
Kaden Smith,NYG,24,3,0,5151,562,0,6.3,2021
Jeremy Sprinkle,DAL,27,3,0,7082,636,0,6.1,2021
Shane Zylstra,DET,25,7,0,5704,520,0,6.4,2021
Cethan Carter,MIA,26,2,0,5384,595,0,3.6,2021
Jack Stoll,PHI,23,5,0,6300,436,0,6.2,2021
Mitchell Wilcox,CIN,25,5,0,6548,540,0,4.6,2021
Derek Carrier,LV,31,2,0,6415,579,0,3.3,2021
Demetrius Harris,ARI,30,6,0,6668,489,0,4.0,2021
Brycen Hopkins,LAR,24,1,0,6569,539,0,1.9,2021
Hunter Long,MIA,23,3,0,5384,595,0,1.8,2021
Johnny Mundt,LAR,27,1,0,6569,539,0,1.9,2021
Kevin Rader,PIT,26,3,0,5600,652,0,2.8,2021
Richard Rodgers,PHI,29,2,0,6300,436,0,3.1,2021
Luke Stocker,MIN,33,2,0,6350,573,0,3.2,2021
Eric Tomlinson,BAL,29,1,0,6344,588,0,1.7,2021
Ethan Wolf,NO,26,2,0,5150,446,0,2.8,2021
Nick Boyle,BAL,28,2,0,6344,588,0,1.2,2021
Darrell Daniels,ARI,27,4,0,6668,489,0,1.0,2021
Daniel Helm,LV,26,2,0,6415,579,0,0.9,2021
Deon Yelder,TB,26,1,0,7037,712,0,1.0,2021
Travis Kelce,KC,33,152,12,7161,597,114,316.3,2022
George Kittle,SF,29,86,11,5161,426,52,200.5,2022
Taysom Hill,NO,32,13,2,5873,487,49,145.8,2022
T.J. Hockenson,2TM,25,129,6,6488,741,42,215.4,2022
Mark Andrews,BAL,27,113,5,5921,460,30,190.5,2022
Evan Engram,JAX,28,98,4,5924,563,18,176.9,2022
Cole Kmet,CHI,23,69,7,5609,326,11,147.3,2022
Juwan Johnson,NO,26,65,7,5873,487,7,134.8,2022
Dawson Knox,BUF,26,65,6,6435,526,2,135.7,2022
Dallas Goedert,PHI,27,69,3,6873,505,1,141.2,2022
Dalton Schultz,DAL,26,89,5,6209,545,0,142.7,2022
Pat Freiermuth,PIT,24,98,2,5674,498,0,148.2,2022
David Njoku,CLE,26,80,4,6200,495,0,142.0,2022
Gerald Everett,LAC,28,87,4,6315,687,0,139.5,2022
Jordan Akins,HOU,30,54,5,5107,528,0,116.5,2022
Tyler Higbee,LAR,29,108,3,4262,516,0,152.0,2022
Tyler Conklin,NYJ,27,87,3,5622,584,0,131.5,2022
Noah Fant,SEA,25,63,4,6326,547,0,122.6,2022
Zach Ertz,ARI,32,69,4,5536,579,0,115.6,2022
Mike Gesicki,MIA,27,52,5,5939,521,0,98.2,2022
Chigoziem Okonkwo,TEN,23,46,3,5333,428,0,97.2,2022
Hunter Henry,NE,28,59,2,5627,514,0,103.9,2022
Robert Tonyan,GB,28,67,2,6003,509,0,112.0,2022
Darren Waller,LV,30,43,3,6244,558,0,84.8,2022
Austin Hooper,TEN,28,60,2,5333,428,0,97.4,2022
Isaiah Likely,BAL,22,60,3,5921,460,0,91.3,2022
Will Dissly,SEA,26,38,3,6326,547,0,86.9,2022
Greg Dulcich,DEN,22,55,2,5030,484,0,86.1,2022
Hayden Hurst,CIN,29,68,2,6048,594,0,105.4,2022
Foster Moreau,LV,25,54,2,6244,558,0,85.2,2022
Cade Otton,TB,23,65,2,6052,717,0,93.1,2022
Jelani Woods,IND,24,40,3,5319,546,0,74.2,2022
Kyle Pitts,ATL,22,59,2,5645,400,0,75.6,2022
Brock Wright,DET,24,24,4,6562,519,0,63.6,2022
Daniel Bellinger,NYG,22,35,2,5930,419,0,75.0,2022
Colby Parkinson,SEA,23,34,2,6326,547,0,69.2,2022
Noah Gray,KC,23,34,1,7161,597,0,70.0,2022
MyCole Pruitt,ATL,30,21,4,5645,400,0,55.0,2022
Logan Thomas,WAS,31,61,1,5926,531,0,77.3,2022
Mo Alie-Cox,IND,29,28,3,5319,546,0,53.9,2022
C.J. Uzomah,NYJ,29,27,2,5622,584,0,56.2,2022
Trey McBride,ARI,23,39,1,5536,579,0,61.5,2022
Tommy Tremble,CAR,22,32,3,3696,357,0,52.4,2022
Harrison Bryant,CLE,24,42,1,6200,495,0,61.7,2022
Kylen Granson,IND,24,40,0,5319,546,0,61.2,2022
Irv Smith Jr.,MIN,24,36,2,6466,555,0,55.2,2022
Shane Zylstra,DET,26,15,4,6562,519,0,41.0,2022
Jake Ferguson,DAL,23,22,2,6209,545,0,48.4,2022
Peyton Hendershot,DAL,23,16,2,6209,545,0,39.5,2022
O.J. Howard,HOU,28,23,2,5107,528,0,36.5,2022
Josh Oliver,BAL,25,25,2,5921,460,0,40.9,2022
Adam Trautman,NO,25,22,1,5873,487,0,44.7,2022
Jonnu Smith,NE,27,38,0,5627,514,0,52.0,2022
Durham Smythe,MIA,27,20,1,5939,521,0,40.0,2022
Connor Heyward,PIT,23,17,1,5674,498,0,35.8,2022
Teagan Quitoriano,HOU,22,14,2,5107,528,0,30.3,2022
Jody Fortson,KC,27,13,2,7161,597,0,29.8,2022
Marcedes Lewis,GB,38,7,2,6003,509,0,26.6,2022
Eric Saubert,DEN,28,24,1,5030,484,0,35.8,2022
Johnny Mundt,MIN,28,21,1,6466,555,0,39.0,2022
Ian Thomas,CAR,26,30,0,3696,357,0,40.7,2022
Eric Tomlinson,DEN,30,13,2,5030,484,0,28.9,2022
Mitchell Wilcox,CIN,26,18,1,6048,594,0,36.9,2022
Donald Parham,LAC,25,12,1,6315,687,0,29.0,2022
Lawrence Cager,2TM,25,19,1,6488,741,0,30.8,2022
John Bates,WAS,25,22,1,5926,531,0,30.8,2022
Cameron Brate,TB,31,38,0,6052,717,0,37.4,2022
Ross Dwelley,SF,27,5,1,5161,426,0,19.5,2022
James Mitchell,DET,23,11,1,6562,519,0,28.3,2022
Albert Okwuegbunam,DEN,24,18,1,5030,484,0,25.5,2022
Dan Arnold,JAX,27,13,0,5924,563,0,22.5,2022
Ko Kieft,TB,24,10,1,6052,717,0,21.0,2022
Zach Gentry,PIT,26,23,0,5674,498,0,32.2,2022
Tanner Hudson,NYG,28,15,0,5930,419,0,23.2,2022
Brevin Jordan,HOU,22,28,0,5107,528,0,26.8,2022
Pharaoh Brown,2TM,28,20,0,6488,741,0,23.7,2022
Quintin Morris,BUF,23,11,1,6435,526,0,20.4,2022
Jack Stoll,PHI,24,14,0,6873,505,0,23.3,2022
Geoff Swaim,TEN,29,16,1,5333,428,0,23.8,2022
Josiah Deguara,GB,25,15,0,6003,509,0,24.4,2022
Brycen Hopkins,LAR,25,11,0,4262,516,0,17.9,2022
Anthony Firkser,ATL,27,13,0,5645,400,0,19.0,2022
Parker Hesse,ATL,27,11,0,5645,400,0,17.9,2022
Armani Rogers,WAS,25,6,0,5926,531,0,14.0,2022
Kyle Rudolph,TB,33,5,1,6052,717,0,11.8,2022
Blake Bell,KC,31,2,1,7161,597,0,10.0,2022
Grant Calcaterra,PHI,24,9,0,6873,505,0,13.1,2022
Andrew Beck,DEN,26,11,0,5030,484,0,11.9,2022
Tyler Mabry,SEA,26,1,1,6326,547,0,7.7,2022
Tre' McKitty,LAC,23,18,0,6315,687,0,17.2,2022
Tyler Kroft,SF,30,5,0,5161,426,0,9.7,2022
Nick Vannett,2TM,29,9,0,6488,741,0,11.5,2022
Charlie Kolar,BAL,23,6,0,5921,460,0,8.9,2022
Stephen Sullivan,CAR,26,6,0,3696,357,0,6.6,2022
Trevon Wesco,CHI,27,4,0,5609,326,0,6.6,2022
Kendall Blanton,LAR,27,2,0,4262,516,0,5.5,2022
Luke Farrell,JAX,25,4,0,5924,563,0,8.0,2022
Chris Manhertz,JAX,30,8,0,5924,563,0,10.2,2022
Tyler Davis,GB,25,7,0,6003,509,0,6.6,2022
Ben Ellefson,MIN,26,3,0,6466,555,0,5.6,2022
Ryan Griffin,CHI,32,8,0,5609,326,0,6.6,2022
Jesper Horsted,LV,25,4,0,6244,558,0,4.9,2022
Stone Smartt,LAC,24,5,0,6315,687,0,5.7,2022
Cole Turner,WAS,22,9,0,5926,531,0,4.3,2022
Maxx Williams,ARI,28,3,0,5536,579,0,4.8,2022
Stephen Anderson,ARI,29,7,0,5536,579,0,3.9,2022
Devin Asiasi,CIN,25,4,0,6048,594,0,2.5,2022
Jacob Harris,LAR,25,1,0,4262,516,0,1.6,2022
Sean McKeon,DAL,25,3,0,6209,545,0,3.1,2022
Jeremy Ruckert,NYJ,22,2,0,5622,584,0,1.8,2022
Mason Schreck,HOU,29,2,0,5107,528,0,2.6,2022
Tommy Sweeney,BUF,27,1,0,6435,526,0,1.7,2022
Feleipe Franks,ATL,25,2,0,5645,400,0,0.0,2022
Richard Rodgers,LAC,30,4,0,6315,687,0,1.4,2022
Drew Sample,CIN,26,2,0,6048,594,0,1.8,2022
